polled_at_utc,operator,location_id,location_name,evse_uid,status,max_kw,status_updated_utc
2026-10-09T00:01:04Z,MFG EV Power,77,MFG Taunton Deane,1989,AVAILABLE,150.0,2026-10-08T22:41:58Z
2026-10-09T00:01:04Z,MFG EV Power,77,MFG Taunton Deane,1990,AVAILABLE,50.0,2026-10-08T22:41:50Z
2026-10-09T00:01:04Z,MFG EV Power,77,MFG Taunton Deane,1992,AVAILABLE,50.0,2026-10-08T21:00:13Z
2026-10-09T00:01:04Z,MFG EV Power,77,MFG Taunton Deane,1993,AVAILABLE,150.0,2026-10-08T21:00:17Z
2026-10-09T00:01:04Z,MFG EV Power,77,MFG Taunton Deane,1988,AVAILABLE,50.0,2026-10-08T21:06:49Z
2026-10-09T00:01:04Z,MFG EV Power,77,MFG Taunton Deane,1996,AVAILABLE,150.0,2026-10-08T21:06:57Z
2026-10-09T00:01:04Z,MFG EV Power,77,MFG Taunton Deane,2003,AVAILABLE,50.0,2026-10-08T20:57:17Z
2026-10-09T00:01:04Z,MFG EV Power,77,MFG Taunton Deane,2005,AVAILABLE,150.0,2026-10-08T20:57:20Z
2026-10-09T00:01:04Z,MFG EV Power,442,Morrisons Taunton,1165,AVAILABLE,50.0,2026-10-08T15:54:19Z
2026-10-09T00:01:04Z,MFG EV Power,442,Morrisons Taunton,1170,AVAILABLE,50.0,2026-10-08T19:11:44Z
2026-10-09T00:01:04Z,MFG EV Power,601,MFG Taunton,3086,AVAILABLE,400.0,2026-10-08T16:58:38Z
2026-10-09T00:01:04Z,MFG EV Power,601,MFG Taunton,3087,AVAILABLE,400.0,2026-10-08T11:06:01Z
2026-10-09T00:01:04Z,MFG EV Power,601,MFG Taunton,3088,AVAILABLE,400.0,2026-10-08T19:40:02Z
2026-10-09T00:01:04Z,MFG EV Power,601,MFG Taunton,3089,AVAILABLE,400.0,2026-10-08T19:38:53Z
2026-10-09T00:01:04Z,MFG EV Power,601,MFG Taunton,3090,AVAILABLE,400.0,2026-10-08T23:11:26Z
2026-10-09T00:01:04Z,MFG EV Power,601,MFG Taunton,3091,AVAILABLE,400.0,2026-10-08T23:11:26Z
2026-10-09T00:01:04Z,MFG EV Power,601,MFG Taunton,3092,OUTOFORDER,400.0,2026-10-06T14:32:19Z
2026-10-09T00:01:04Z,MFG EV Power,601,MFG Taunton,3093,OUTOFORDER,400.0,2026-10-06T14:32:20Z
2026-10-09T00:25:48Z,MFG EV Power,77,MFG Taunton Deane,1989,AVAILABLE,150.0,2026-10-08T22:41:58Z
2026-10-09T00:25:48Z,MFG EV Power,77,MFG Taunton Deane,1990,AVAILABLE,50.0,2026-10-08T22:41:50Z
2026-10-09T00:25:48Z,MFG EV Power,77,MFG Taunton Deane,1992,AVAILABLE,50.0,2026-10-08T21:00:13Z
2026-10-09T00:25:48Z,MFG EV Power,77,MFG Taunton Deane,1993,AVAILABLE,150.0,2026-10-08T21:00:17Z
2026-10-09T00:25:48Z,MFG EV Power,77,MFG Taunton Deane,1988,AVAILABLE,50.0,2026-10-08T21:06:49Z
2026-10-09T00:25:48Z,MFG EV Power,77,MFG Taunton Deane,1996,AVAILABLE,150.0,2026-10-08T21:06:57Z
2026-10-09T00:25:48Z,MFG EV Power,77,MFG Taunton Deane,2003,AVAILABLE,50.0,2026-10-08T20:57:17Z
2026-10-09T00:25:48Z,MFG EV Power,77,MFG Taunton Deane,2005,AVAILABLE,150.0,2026-10-08T20:57:20Z
2026-10-09T00:25:48Z,MFG EV Power,442,Morrisons Taunton,1165,AVAILABLE,50.0,2026-10-08T15:54:19Z
2026-10-09T00:25:48Z,MFG EV Power,442,Morrisons Taunton,1170,AVAILABLE,50.0,2026-10-08T19:11:44Z
2026-10-09T00:25:48Z,MFG EV Power,601,MFG Taunton,3086,AVAILABLE,400.0,2026-10-08T16:58:38Z
2026-10-09T00:25:48Z,MFG EV Power,601,MFG Taunton,3087,AVAILABLE,400.0,2026-10-08T11:06:01Z
2026-10-09T00:25:48Z,MFG EV Power,601,MFG Taunton,3088,AVAILABLE,400.0,2026-10-08T19:40:02Z
2026-10-09T00:25:48Z,MFG EV Power,601,MFG Taunton,3089,AVAILABLE,400.0,2026-10-08T19:38:53Z
2026-10-09T00:25:48Z,MFG EV Power,601,MFG Taunton,3090,AVAILABLE,400.0,2026-10-08T23:11:26Z
2026-10-09T00:25:48Z,MFG EV Power,601,MFG Taunton,3091,AVAILABLE,400.0,2026-10-08T23:11:26Z
2026-10-09T00:25:48Z,MFG EV Power,601,MFG Taunton,3092,OUTOFORDER,400.0,2026-10-06T14:32:19Z
2026-10-09T00:25:48Z,MFG EV Power,601,MFG Taunton,3093,OUTOFORDER,400.0,2026-10-06T14:32:20Z
2026-10-09T00:52:32Z,MFG EV Power,77,MFG Taunton Deane,1989,AVAILABLE,150.0,2026-10-08T22:41:58Z
2026-10-09T00:52:32Z,MFG EV Power,77,MFG Taunton Deane,1990,AVAILABLE,50.0,2026-10-08T22:41:50Z
2026-10-09T00:52:32Z,MFG EV Power,77,MFG Taunton Deane,1992,AVAILABLE,50.0,2026-10-08T21:00:13Z
2026-10-09T00:52:32Z,MFG EV Power,77,MFG Taunton Deane,1993,AVAILABLE,150.0,2026-10-08T21:00:17Z
2026-10-09T00:52:32Z,MFG EV Power,77,MFG Taunton Deane,1988,AVAILABLE,50.0,2026-10-08T21:06:49Z
2026-10-09T00:52:32Z,MFG EV Power,77,MFG Taunton Deane,1996,AVAILABLE,150.0,2026-10-08T21:06:57Z
2026-10-09T00:52:32Z,MFG EV Power,77,MFG Taunton Deane,2003,AVAILABLE,50.0,2026-10-08T20:57:17Z
2026-10-09T00:52:32Z,MFG EV Power,77,MFG Taunton Deane,2005,AVAILABLE,150.0,2026-10-08T20:57:20Z
2026-10-09T00:52:32Z,MFG EV Power,442,Morrisons Taunton,1165,AVAILABLE,50.0,2026-10-08T15:54:19Z
2026-10-09T00:52:32Z,MFG EV Power,442,Morrisons Taunton,1170,AVAILABLE,50.0,2026-10-08T19:11:44Z
2026-10-09T00:52:32Z,MFG EV Power,601,MFG Taunton,3086,AVAILABLE,400.0,2026-10-08T16:58:38Z
2026-10-09T00:52:32Z,MFG EV Power,601,MFG Taunton,3087,AVAILABLE,400.0,2026-10-08T11:06:01Z
2026-10-09T00:52:32Z,MFG EV Power,601,MFG Taunton,3088,AVAILABLE,400.0,2026-10-08T19:40:02Z
2026-10-09T00:52:32Z,MFG EV Power,601,MFG Taunton,3089,AVAILABLE,400.0,2026-10-08T19:38:53Z
2026-10-09T00:52:32Z,MFG EV Power,601,MFG Taunton,3090,AVAILABLE,400.0,2026-10-08T23:11:26Z
2026-10-09T00:52:32Z,MFG EV Power,601,MFG Taunton,3091,AVAILABLE,400.0,2026-10-08T23:11:26Z
2026-10-09T00:52:32Z,MFG EV Power,601,MFG Taunton,3092,OUTOFORDER,400.0,2026-10-06T14:32:19Z
2026-10-09T00:52:32Z,MFG EV Power,601,MFG Taunton,3093,OUTOFORDER,400.0,2026-10-06T14:32:20Z
2026-10-09T01:08:45Z,MFG EV Power,77,MFG Taunton Deane,1989,AVAILABLE,150.0,2026-10-08T22:41:58Z
2026-10-09T01:08:45Z,MFG EV Power,77,MFG Taunton Deane,1990,AVAILABLE,50.0,2026-10-08T22:41:50Z
2026-10-09T01:08:45Z,MFG EV Power,77,MFG Taunton Deane,1992,AVAILABLE,50.0,2026-10-08T21:00:13Z
2026-10-09T01:08:45Z,MFG EV Power,77,MFG Taunton Deane,1993,AVAILABLE,150.0,2026-10-08T21:00:17Z
2026-10-09T01:08:45Z,MFG EV Power,77,MFG Taunton Deane,1988,AVAILABLE,50.0,2026-10-08T21:06:49Z
2026-10-09T01:08:45Z,MFG EV Power,77,MFG Taunton Deane,1996,AVAILABLE,150.0,2026-10-08T21:06:57Z
2026-10-09T01:08:45Z,MFG EV Power,77,MFG Taunton Deane,2003,AVAILABLE,50.0,2026-10-08T20:57:17Z
2026-10-09T01:08:45Z,MFG EV Power,77,MFG Taunton Deane,2005,AVAILABLE,150.0,2026-10-08T20:57:20Z
2026-10-09T01:08:45Z,MFG EV Power,442,Morrisons Taunton,1165,AVAILABLE,50.0,2026-10-08T15:54:19Z
2026-10-09T01:08:45Z,MFG EV Power,442,Morrisons Taunton,1170,AVAILABLE,50.0,2026-10-08T19:11:44Z
2026-10-09T01:08:45Z,MFG EV Power,601,MFG Taunton,3086,AVAILABLE,400.0,2026-10-08T16:58:38Z
2026-10-09T01:08:45Z,MFG EV Power,601,MFG Taunton,3087,AVAILABLE,400.0,2026-10-08T11:06:01Z
2026-10-09T01:08:45Z,MFG EV Power,601,MFG Taunton,3088,AVAILABLE,400.0,2026-10-08T19:40:02Z
2026-10-09T01:08:45Z,MFG EV Power,601,MFG Taunton,3089,AVAILABLE,400.0,2026-10-08T19:38:53Z
2026-10-09T01:08:45Z,MFG EV Power,601,MFG Taunton,3090,AVAILABLE,400.0,2026-10-08T23:11:26Z
2026-10-09T01:08:45Z,MFG EV Power,601,MFG Taunton,3091,AVAILABLE,400.0,2026-10-08T23:11:26Z
2026-10-09T01:08:45Z,MFG EV Power,601,MFG Taunton,3092,OUTOFORDER,400.0,2026-10-06T14:32:19Z
2026-10-09T01:08:45Z,MFG EV Power,601,MFG Taunton,3093,OUTOFORDER,400.0,2026-10-06T14:32:20Z
2026-10-09T01:25:59Z,MFG EV Power,77,MFG Taunton Deane,1989,AVAILABLE,150.0,2026-10-08T22:41:58Z
2026-10-09T01:25:59Z,MFG EV Power,77,MFG Taunton Deane,1990,AVAILABLE,50.0,2026-10-08T22:41:50Z
2026-10-09T01:25:59Z,MFG EV Power,77,MFG Taunton Deane,1992,AVAILABLE,50.0,2026-10-08T21:00:13Z
2026-10-09T01:25:59Z,MFG EV Power,77,MFG Taunton Deane,1993,AVAILABLE,150.0,2026-10-08T21:00:17Z
2026-10-09T01:25:59Z,MFG EV Power,77,MFG Taunton Deane,1988,AVAILABLE,50.0,2026-10-08T21:06:49Z
2026-10-09T01:25:59Z,MFG EV Power,77,MFG Taunton Deane,1996,AVAILABLE,150.0,2026-10-08T21:06:57Z
2026-10-09T01:25:59Z,MFG EV Power,77,MFG Taunton Deane,2003,AVAILABLE,50.0,2026-10-08T20:57:17Z
2026-10-09T01:25:59Z,MFG EV Power,77,MFG Taunton Deane,2005,AVAILABLE,150.0,2026-10-08T20:57:20Z
2026-10-09T01:25:59Z,MFG EV Power,442,Morrisons Taunton,1165,AVAILABLE,50.0,2026-10-08T15:54:19Z
2026-10-09T01:25:59Z,MFG EV Power,442,Morrisons Taunton,1170,AVAILABLE,50.0,2026-10-08T19:11:44Z
2026-10-09T01:25:59Z,MFG EV Power,601,MFG Taunton,3086,AVAILABLE,400.0,2026-10-08T16:58:38Z
2026-10-09T01:25:59Z,MFG EV Power,601,MFG Taunton,3087,AVAILABLE,400.0,2026-10-08T11:06:01Z
2026-10-09T01:25:59Z,MFG EV Power,601,MFG Taunton,3088,AVAILABLE,400.0,2026-10-08T19:40:02Z
2026-10-09T01:25:59Z,MFG EV Power,601,MFG Taunton,3089,AVAILABLE,400.0,2026-10-08T19:38:53Z
2026-10-09T01:25:59Z,MFG EV Power,601,MFG Taunton,3090,AVAILABLE,400.0,2026-10-08T23:11:26Z
2026-10-09T01:25:59Z,MFG EV Power,601,MFG Taunton,3091,AVAILABLE,400.0,2026-10-08T23:11:26Z
2026-10-09T01:25:59Z,MFG EV Power,601,MFG Taunton,3092,OUTOFORDER,400.0,2026-10-06T14:32:19Z
2026-10-09T01:25:59Z,MFG EV Power,601,MFG Taunton,3093,OUTOFORDER,400.0,2026-10-06T14:32:20Z
2026-10-09T01:41:48Z,MFG EV Power,77,MFG Taunton Deane,1989,AVAILABLE,150.0,2026-10-08T22:41:58Z
2026-10-09T01:41:48Z,MFG EV Power,77,MFG Taunton Deane,1990,AVAILABLE,50.0,2026-10-08T22:41:50Z
2026-10-09T01:41:48Z,MFG EV Power,77,MFG Taunton Deane,1992,AVAILABLE,50.0,2026-10-08T21:00:13Z
2026-10-09T01:41:48Z,MFG EV Power,77,MFG Taunton Deane,1993,AVAILABLE,150.0,2026-10-08T21:00:17Z
2026-10-09T01:41:48Z,MFG EV Power,77,MFG Taunton Deane,1988,AVAILABLE,50.0,2026-10-08T21:06:49Z
2026-10-09T01:41:48Z,MFG EV Power,77,MFG Taunton Deane,1996,AVAILABLE,150.0,2026-10-08T21:06:57Z
2026-10-09T01:41:48Z,MFG EV Power,77,MFG Taunton Deane,2003,AVAILABLE,50.0,2026-10-08T20:57:17Z
2026-10-09T01:41:48Z,MFG EV Power,77,MFG Taunton Deane,2005,AVAILABLE,150.0,2026-10-08T20:57:20Z
2026-10-09T01:41:48Z,MFG EV Power,442,Morrisons Taunton,1165,AVAILABLE,50.0,2026-10-08T15:54:19Z
2026-10-09T01:41:48Z,MFG EV Power,442,Morrisons Taunton,1170,AVAILABLE,50.0,2026-10-08T19:11:44Z
2026-10-09T01:41:48Z,MFG EV Power,601,MFG Taunton,3086,AVAILABLE,400.0,2026-10-08T16:58:38Z
2026-10-09T01:41:48Z,MFG EV Power,601,MFG Taunton,3087,AVAILABLE,400.0,2026-10-08T11:06:01Z
2026-10-09T01:41:48Z,MFG EV Power,601,MFG Taunton,3088,AVAILABLE,400.0,2026-10-08T19:40:02Z
2026-10-09T01:41:48Z,MFG EV Power,601,MFG Taunton,3089,AVAILABLE,400.0,2026-10-08T19:38:53Z
2026-10-09T01:41:48Z,MFG EV Power,601,MFG Taunton,3090,AVAILABLE,400.0,2026-10-08T23:11:26Z
2026-10-09T01:41:48Z,MFG EV Power,601,MFG Taunton,3091,AVAILABLE,400.0,2026-10-08T23:11:26Z
2026-10-09T01:41:48Z,MFG EV Power,601,MFG Taunton,3092,OUTOFORDER,400.0,2026-10-06T14:32:19Z
2026-10-09T01:41:48Z,MFG EV Power,601,MFG Taunton,3093,OUTOFORDER,400.0,2026-10-06T14:32:20Z
2026-10-09T01:55:13Z,MFG EV Power,77,MFG Taunton Deane,1989,AVAILABLE,150.0,2026-10-08T22:41:58Z
2026-10-09T01:55:13Z,MFG EV Power,77,MFG Taunton Deane,1990,AVAILABLE,50.0,2026-10-08T22:41:50Z
2026-10-09T01:55:13Z,MFG EV Power,77,MFG Taunton Deane,1992,AVAILABLE,50.0,2026-10-08T21:00:13Z
2026-10-09T01:55:13Z,MFG EV Power,77,MFG Taunton Deane,1993,AVAILABLE,150.0,2026-10-08T21:00:17Z
2026-10-09T01:55:13Z,MFG EV Power,77,MFG Taunton Deane,1988,AVAILABLE,50.0,2026-10-08T21:06:49Z
2026-10-09T01:55:13Z,MFG EV Power,77,MFG Taunton Deane,1996,AVAILABLE,150.0,2026-10-08T21:06:57Z
2026-10-09T01:55:13Z,MFG EV Power,77,MFG Taunton Deane,2003,AVAILABLE,50.0,2026-10-08T20:57:17Z
2026-10-09T01:55:13Z,MFG EV Power,77,MFG Taunton Deane,2005,AVAILABLE,150.0,2026-10-08T20:57:20Z
2026-10-09T01:55:13Z,MFG EV Power,442,Morrisons Taunton,1165,AVAILABLE,50.0,2026-10-08T15:54:19Z
2026-10-09T01:55:13Z,MFG EV Power,442,Morrisons Taunton,1170,AVAILABLE,50.0,2026-10-08T19:11:44Z
2026-10-09T01:55:13Z,MFG EV Power,601,MFG Taunton,3086,AVAILABLE,400.0,2026-10-08T16:58:38Z
2026-10-09T01:55:13Z,MFG EV Power,601,MFG Taunton,3087,AVAILABLE,400.0,2026-10-08T11:06:01Z
2026-10-09T01:55:13Z,MFG EV Power,601,MFG Taunton,3088,AVAILABLE,400.0,2026-10-08T19:40:02Z
2026-10-09T01:55:13Z,MFG EV Power,601,MFG Taunton,3089,AVAILABLE,400.0,2026-10-08T19:38:53Z
2026-10-09T01:55:13Z,MFG EV Power,601,MFG Taunton,3090,AVAILABLE,400.0,2026-10-08T23:11:26Z
2026-10-09T01:55:13Z,MFG EV Power,601,MFG Taunton,3091,AVAILABLE,400.0,2026-10-08T23:11:26Z
2026-10-09T01:55:13Z,MFG EV Power,601,MFG Taunton,3092,OUTOFORDER,400.0,2026-10-06T14:32:19Z
2026-10-09T01:55:13Z,MFG EV Power,601,MFG Taunton,3093,OUTOFORDER,400.0,2026-10-06T14:32:20Z
2026-10-09T02:05:16Z,MFG EV Power,77,MFG Taunton Deane,1989,AVAILABLE,150.0,2026-10-08T22:41:58Z
2026-10-09T02:05:16Z,MFG EV Power,77,MFG Taunton Deane,1990,AVAILABLE,50.0,2026-10-08T22:41:50Z
2026-10-09T02:05:16Z,MFG EV Power,77,MFG Taunton Deane,1992,AVAILABLE,50.0,2026-10-08T21:00:13Z
2026-10-09T02:05:16Z,MFG EV Power,77,MFG Taunton Deane,1993,AVAILABLE,150.0,2026-10-08T21:00:17Z
2026-10-09T02:05:16Z,MFG EV Power,77,MFG Taunton Deane,1988,AVAILABLE,50.0,2026-10-08T21:06:49Z
2026-10-09T02:05:16Z,MFG EV Power,77,MFG Taunton Deane,1996,AVAILABLE,150.0,2026-10-08T21:06:57Z
2026-10-09T02:05:16Z,MFG EV Power,77,MFG Taunton Deane,2003,AVAILABLE,50.0,2026-10-08T20:57:17Z
2026-10-09T02:05:16Z,MFG EV Power,77,MFG Taunton Deane,2005,AVAILABLE,150.0,2026-10-08T20:57:20Z
2026-10-09T02:05:16Z,MFG EV Power,442,Morrisons Taunton,1165,AVAILABLE,50.0,2026-10-08T15:54:19Z
2026-10-09T02:05:16Z,MFG EV Power,442,Morrisons Taunton,1170,AVAILABLE,50.0,2026-10-08T19:11:44Z
2026-10-09T02:05:16Z,MFG EV Power,601,MFG Taunton,3086,AVAILABLE,400.0,2026-10-08T16:58:38Z
2026-10-09T02:05:16Z,MFG EV Power,601,MFG Taunton,3087,AVAILABLE,400.0,2026-10-08T11:06:01Z
2026-10-09T02:05:16Z,MFG EV Power,601,MFG Taunton,3088,AVAILABLE,400.0,2026-10-08T19:40:02Z
2026-10-09T02:05:16Z,MFG EV Power,601,MFG Taunton,3089,AVAILABLE,400.0,2026-10-08T19:38:53Z
2026-10-09T02:05:16Z,MFG EV Power,601,MFG Taunton,3090,AVAILABLE,400.0,2026-10-08T23:11:26Z
2026-10-09T02:05:16Z,MFG EV Power,601,MFG Taunton,3091,AVAILABLE,400.0,2026-10-08T23:11:26Z
2026-10-09T02:05:16Z,MFG EV Power,601,MFG Taunton,3092,OUTOFORDER,400.0,2026-10-06T14:32:19Z
2026-10-09T02:05:16Z,MFG EV Power,601,MFG Taunton,3093,OUTOFORDER,400.0,2026-10-06T14:32:20Z
2026-10-09T02:20:46Z,MFG EV Power,77,MFG Taunton Deane,1989,AVAILABLE,150.0,2026-10-08T22:41:58Z
2026-10-09T02:20:46Z,MFG EV Power,77,MFG Taunton Deane,1990,AVAILABLE,50.0,2026-10-08T22:41:50Z
2026-10-09T02:20:46Z,MFG EV Power,77,MFG Taunton Deane,1992,AVAILABLE,50.0,2026-10-08T21:00:13Z
2026-10-09T02:20:46Z,MFG EV Power,77,MFG Taunton Deane,1993,AVAILABLE,150.0,2026-10-08T21:00:17Z
2026-10-09T02:20:46Z,MFG EV Power,77,MFG Taunton Deane,1988,AVAILABLE,50.0,2026-10-08T21:06:49Z
2026-10-09T02:20:46Z,MFG EV Power,77,MFG Taunton Deane,1996,AVAILABLE,150.0,2026-10-08T21:06:57Z
2026-10-09T02:20:46Z,MFG EV Power,77,MFG Taunton Deane,2003,AVAILABLE,50.0,2026-10-08T20:57:17Z
2026-10-09T02:20:46Z,MFG EV Power,77,MFG Taunton Deane,2005,AVAILABLE,150.0,2026-10-08T20:57:20Z
2026-10-09T02:20:46Z,MFG EV Power,442,Morrisons Taunton,1165,AVAILABLE,50.0,2026-10-08T15:54:19Z
2026-10-09T02:20:46Z,MFG EV Power,442,Morrisons Taunton,1170,AVAILABLE,50.0,2026-10-08T19:11:44Z
2026-10-09T02:20:46Z,MFG EV Power,601,MFG Taunton,3086,AVAILABLE,400.0,2026-10-08T16:58:38Z
2026-10-09T02:20:46Z,MFG EV Power,601,MFG Taunton,3087,AVAILABLE,400.0,2026-10-08T11:06:01Z
2026-10-09T02:20:46Z,MFG EV Power,601,MFG Taunton,3088,AVAILABLE,400.0,2026-10-08T19:40:02Z
2026-10-09T02:20:46Z,MFG EV Power,601,MFG Taunton,3089,AVAILABLE,400.0,2026-10-08T19:38:53Z
2026-10-09T02:20:46Z,MFG EV Power,601,MFG Taunton,3090,AVAILABLE,400.0,2026-10-08T23:11:26Z
2026-10-09T02:20:46Z,MFG EV Power,601,MFG Taunton,3091,AVAILABLE,400.0,2026-10-08T23:11:26Z
2026-10-09T02:20:46Z,MFG EV Power,601,MFG Taunton,3092,OUTOFORDER,400.0,2026-10-06T14:32:19Z
2026-10-09T02:20:46Z,MFG EV Power,601,MFG Taunton,3093,OUTOFORDER,400.0,2026-10-06T14:32:20Z
2026-10-09T02:36:06Z,MFG EV Power,77,MFG Taunton Deane,1989,AVAILABLE,150.0,2026-10-08T22:41:58Z
2026-10-09T02:36:06Z,MFG EV Power,77,MFG Taunton Deane,1990,AVAILABLE,50.0,2026-10-08T22:41:50Z
2026-10-09T02:36:06Z,MFG EV Power,77,MFG Taunton Deane,1992,AVAILABLE,50.0,2026-10-08T21:00:13Z
2026-10-09T02:36:06Z,MFG EV Power,77,MFG Taunton Deane,1993,AVAILABLE,150.0,2026-10-08T21:00:17Z
2026-10-09T02:36:06Z,MFG EV Power,77,MFG Taunton Deane,1988,AVAILABLE,50.0,2026-10-08T21:06:49Z
2026-10-09T02:36:06Z,MFG EV Power,77,MFG Taunton Deane,1996,AVAILABLE,150.0,2026-10-08T21:06:57Z
2026-10-09T02:36:06Z,MFG EV Power,77,MFG Taunton Deane,2003,AVAILABLE,50.0,2026-10-08T20:57:17Z
2026-10-09T02:36:06Z,MFG EV Power,77,MFG Taunton Deane,2005,AVAILABLE,150.0,2026-10-08T20:57:20Z
2026-10-09T02:36:06Z,MFG EV Power,442,Morrisons Taunton,1165,AVAILABLE,50.0,2026-10-08T15:54:19Z
2026-10-09T02:36:06Z,MFG EV Power,442,Morrisons Taunton,1170,AVAILABLE,50.0,2026-10-08T19:11:44Z
2026-10-09T02:36:06Z,MFG EV Power,601,MFG Taunton,3086,AVAILABLE,400.0,2026-10-08T16:58:38Z
2026-10-09T02:36:06Z,MFG EV Power,601,MFG Taunton,3087,AVAILABLE,400.0,2026-10-08T11:06:01Z
2026-10-09T02:36:06Z,MFG EV Power,601,MFG Taunton,3088,AVAILABLE,400.0,2026-10-08T19:40:02Z
2026-10-09T02:36:06Z,MFG EV Power,601,MFG Taunton,3089,AVAILABLE,400.0,2026-10-08T19:38:53Z
2026-10-09T02:36:06Z,MFG EV Power,601,MFG Taunton,3090,AVAILABLE,400.0,2026-10-08T23:11:26Z
2026-10-09T02:36:06Z,MFG EV Power,601,MFG Taunton,3091,AVAILABLE,400.0,2026-10-08T23:11:26Z
2026-10-09T02:36:06Z,MFG EV Power,601,MFG Taunton,3092,OUTOFORDER,400.0,2026-10-06T14:32:19Z
2026-10-09T02:36:06Z,MFG EV Power,601,MFG Taunton,3093,OUTOFORDER,400.0,2026-10-06T14:32:20Z
2026-10-09T02:49:50Z,MFG EV Power,77,MFG Taunton Deane,1989,AVAILABLE,150.0,2026-10-08T22:41:58Z
2026-10-09T02:49:50Z,MFG EV Power,77,MFG Taunton Deane,1990,AVAILABLE,50.0,2026-10-08T22:41:50Z
2026-10-09T02:49:50Z,MFG EV Power,77,MFG Taunton Deane,1992,AVAILABLE,50.0,2026-10-08T21:00:13Z
2026-10-09T02:49:50Z,MFG EV Power,77,MFG Taunton Deane,1993,AVAILABLE,150.0,2026-10-08T21:00:17Z
2026-10-09T02:49:50Z,MFG EV Power,77,MFG Taunton Deane,1988,AVAILABLE,50.0,2026-10-08T21:06:49Z
2026-10-09T02:49:50Z,MFG EV Power,77,MFG Taunton Deane,1996,AVAILABLE,150.0,2026-10-08T21:06:57Z
2026-10-09T02:49:50Z,MFG EV Power,77,MFG Taunton Deane,2003,AVAILABLE,50.0,2026-10-08T20:57:17Z
2026-10-09T02:49:50Z,MFG EV Power,77,MFG Taunton Deane,2005,AVAILABLE,150.0,2026-10-08T20:57:20Z
2026-10-09T02:49:50Z,MFG EV Power,442,Morrisons Taunton,1165,AVAILABLE,50.0,2026-10-08T15:54:19Z
2026-10-09T02:49:50Z,MFG EV Power,442,Morrisons Taunton,1170,AVAILABLE,50.0,2026-10-08T19:11:44Z
2026-10-09T02:49:50Z,MFG EV Power,601,MFG Taunton,3086,AVAILABLE,400.0,2026-10-08T16:58:38Z
2026-10-09T02:49:50Z,MFG EV Power,601,MFG Taunton,3087,AVAILABLE,400.0,2026-10-08T11:06:01Z
2026-10-09T02:49:50Z,MFG EV Power,601,MFG Taunton,3088,AVAILABLE,400.0,2026-10-08T19:40:02Z
2026-10-09T02:49:50Z,MFG EV Power,601,MFG Taunton,3089,AVAILABLE,400.0,2026-10-08T19:38:53Z
2026-10-09T02:49:50Z,MFG EV Power,601,MFG Taunton,3090,AVAILABLE,400.0,2026-10-08T23:11:26Z
2026-10-09T02:49:50Z,MFG EV Power,601,MFG Taunton,3091,AVAILABLE,400.0,2026-10-08T23:11:26Z
2026-10-09T02:49:50Z,MFG EV Power,601,MFG Taunton,3092,OUTOFORDER,400.0,2026-10-06T14:32:19Z
2026-10-09T02:49:50Z,MFG EV Power,601,MFG Taunton,3093,OUTOFORDER,400.0,2026-10-06T14:32:20Z
2026-10-09T03:00:20Z,MFG EV Power,77,MFG Taunton Deane,1989,AVAILABLE,150.0,2026-10-08T22:41:58Z
2026-10-09T03:00:20Z,MFG EV Power,77,MFG Taunton Deane,1990,AVAILABLE,50.0,2026-10-08T22:41:50Z
2026-10-09T03:00:20Z,MFG EV Power,77,MFG Taunton Deane,1992,AVAILABLE,50.0,2026-10-08T21:00:13Z
2026-10-09T03:00:20Z,MFG EV Power,77,MFG Taunton Deane,1993,AVAILABLE,150.0,2026-10-08T21:00:17Z
2026-10-09T03:00:20Z,MFG EV Power,77,MFG Taunton Deane,1988,AVAILABLE,50.0,2026-10-08T21:06:49Z
2026-10-09T03:00:20Z,MFG EV Power,77,MFG Taunton Deane,1996,AVAILABLE,150.0,2026-10-08T21:06:57Z
2026-10-09T03:00:20Z,MFG EV Power,77,MFG Taunton Deane,2003,AVAILABLE,50.0,2026-10-08T20:57:17Z
2026-10-09T03:00:20Z,MFG EV Power,77,MFG Taunton Deane,2005,AVAILABLE,150.0,2026-10-08T20:57:20Z
2026-10-09T03:00:20Z,MFG EV Power,442,Morrisons Taunton,1165,AVAILABLE,50.0,2026-10-08T15:54:19Z
2026-10-09T03:00:20Z,MFG EV Power,442,Morrisons Taunton,1170,AVAILABLE,50.0,2026-10-08T19:11:44Z
2026-10-09T03:00:20Z,MFG EV Power,601,MFG Taunton,3086,AVAILABLE,400.0,2026-10-08T16:58:38Z
2026-10-09T03:00:20Z,MFG EV Power,601,MFG Taunton,3087,AVAILABLE,400.0,2026-10-08T11:06:01Z
2026-10-09T03:00:20Z,MFG EV Power,601,MFG Taunton,3088,AVAILABLE,400.0,2026-10-08T19:40:02Z
2026-10-09T03:00:20Z,MFG EV Power,601,MFG Taunton,3089,AVAILABLE,400.0,2026-10-08T19:38:53Z
2026-10-09T03:00:20Z,MFG EV Power,601,MFG Taunton,3090,AVAILABLE,400.0,2026-10-08T23:11:26Z
2026-10-09T03:00:20Z,MFG EV Power,601,MFG Taunton,3091,AVAILABLE,400.0,2026-10-08T23:11:26Z
2026-10-09T03:00:20Z,MFG EV Power,601,MFG Taunton,3092,OUTOFORDER,400.0,2026-10-06T14:32:19Z
2026-10-09T03:00:20Z,MFG EV Power,601,MFG Taunton,3093,OUTOFORDER,400.0,2026-10-06T14:32:20Z
2026-10-09T03:14:18Z,MFG EV Power,77,MFG Taunton Deane,1989,AVAILABLE,150.0,2026-10-08T22:41:58Z
2026-10-09T03:14:18Z,MFG EV Power,77,MFG Taunton Deane,1990,AVAILABLE,50.0,2026-10-08T22:41:50Z
2026-10-09T03:14:18Z,MFG EV Power,77,MFG Taunton Deane,1992,AVAILABLE,50.0,2026-10-08T21:00:13Z
2026-10-09T03:14:18Z,MFG EV Power,77,MFG Taunton Deane,1993,AVAILABLE,150.0,2026-10-08T21:00:17Z
2026-10-09T03:14:18Z,MFG EV Power,77,MFG Taunton Deane,1988,AVAILABLE,50.0,2026-10-08T21:06:49Z
2026-10-09T03:14:18Z,MFG EV Power,77,MFG Taunton Deane,1996,AVAILABLE,150.0,2026-10-08T21:06:57Z
2026-10-09T03:14:18Z,MFG EV Power,77,MFG Taunton Deane,2003,AVAILABLE,50.0,2026-10-08T20:57:17Z
2026-10-09T03:14:18Z,MFG EV Power,77,MFG Taunton Deane,2005,AVAILABLE,150.0,2026-10-08T20:57:20Z
2026-10-09T03:14:18Z,MFG EV Power,442,Morrisons Taunton,1165,AVAILABLE,50.0,2026-10-08T15:54:19Z
2026-10-09T03:14:18Z,MFG EV Power,442,Morrisons Taunton,1170,AVAILABLE,50.0,2026-10-08T19:11:44Z
2026-10-09T03:14:18Z,MFG EV Power,601,MFG Taunton,3086,AVAILABLE,400.0,2026-10-08T16:58:38Z
2026-10-09T03:14:18Z,MFG EV Power,601,MFG Taunton,3087,AVAILABLE,400.0,2026-10-08T11:06:01Z
2026-10-09T03:14:18Z,MFG EV Power,601,MFG Taunton,3088,AVAILABLE,400.0,2026-10-08T19:40:02Z
2026-10-09T03:14:18Z,MFG EV Power,601,MFG Taunton,3089,AVAILABLE,400.0,2026-10-08T19:38:53Z
2026-10-09T03:14:18Z,MFG EV Power,601,MFG Taunton,3090,AVAILABLE,400.0,2026-10-08T23:11:26Z
2026-10-09T03:14:18Z,MFG EV Power,601,MFG Taunton,3091,AVAILABLE,400.0,2026-10-08T23:11:26Z
2026-10-09T03:14:18Z,MFG EV Power,601,MFG Taunton,3092,OUTOFORDER,400.0,2026-10-06T14:32:19Z
2026-10-09T03:14:18Z,MFG EV Power,601,MFG Taunton,3093,OUTOFORDER,400.0,2026-10-06T14:32:20Z
2026-10-09T03:31:17Z,MFG EV Power,77,MFG Taunton Deane,1989,AVAILABLE,150.0,2026-10-08T22:41:58Z
2026-10-09T03:31:17Z,MFG EV Power,77,MFG Taunton Deane,1990,AVAILABLE,50.0,2026-10-08T22:41:50Z
2026-10-09T03:31:17Z,MFG EV Power,77,MFG Taunton Deane,1992,AVAILABLE,50.0,2026-10-08T21:00:13Z
2026-10-09T03:31:17Z,MFG EV Power,77,MFG Taunton Deane,1993,AVAILABLE,150.0,2026-10-08T21:00:17Z
2026-10-09T03:31:17Z,MFG EV Power,77,MFG Taunton Deane,1988,AVAILABLE,50.0,2026-10-08T21:06:49Z
2026-10-09T03:31:17Z,MFG EV Power,77,MFG Taunton Deane,1996,AVAILABLE,150.0,2026-10-08T21:06:57Z
2026-10-09T03:31:17Z,MFG EV Power,77,MFG Taunton Deane,2003,AVAILABLE,50.0,2026-10-08T20:57:17Z
2026-10-09T03:31:17Z,MFG EV Power,77,MFG Taunton Deane,2005,AVAILABLE,150.0,2026-10-08T20:57:20Z
2026-10-09T03:31:17Z,MFG EV Power,442,Morrisons Taunton,1165,AVAILABLE,50.0,2026-10-08T15:54:19Z
2026-10-09T03:31:17Z,MFG EV Power,442,Morrisons Taunton,1170,AVAILABLE,50.0,2026-10-08T19:11:44Z
2026-10-09T03:31:17Z,MFG EV Power,601,MFG Taunton,3086,AVAILABLE,400.0,2026-10-08T16:58:38Z
2026-10-09T03:31:17Z,MFG EV Power,601,MFG Taunton,3087,AVAILABLE,400.0,2026-10-08T11:06:01Z
2026-10-09T03:31:17Z,MFG EV Power,601,MFG Taunton,3088,AVAILABLE,400.0,2026-10-08T19:40:02Z
2026-10-09T03:31:17Z,MFG EV Power,601,MFG Taunton,3089,AVAILABLE,400.0,2026-10-08T19:38:53Z
2026-10-09T03:31:17Z,MFG EV Power,601,MFG Taunton,3090,AVAILABLE,400.0,2026-10-08T23:11:26Z
2026-10-09T03:31:17Z,MFG EV Power,601,MFG Taunton,3091,AVAILABLE,400.0,2026-10-08T23:11:26Z
2026-10-09T03:31:17Z,MFG EV Power,601,MFG Taunton,3092,OUTOFORDER,400.0,2026-10-06T14:32:19Z
2026-10-09T03:31:17Z,MFG EV Power,601,MFG Taunton,3093,OUTOFORDER,400.0,2026-10-06T14:32:20Z
2026-10-09T03:48:39Z,MFG EV Power,77,MFG Taunton Deane,1989,AVAILABLE,150.0,2026-10-08T22:41:58Z
2026-10-09T03:48:39Z,MFG EV Power,77,MFG Taunton Deane,1990,AVAILABLE,50.0,2026-10-08T22:41:50Z
2026-10-09T03:48:39Z,MFG EV Power,77,MFG Taunton Deane,1992,AVAILABLE,50.0,2026-10-08T21:00:13Z
2026-10-09T03:48:39Z,MFG EV Power,77,MFG Taunton Deane,1993,AVAILABLE,150.0,2026-10-08T21:00:17Z
2026-10-09T03:48:39Z,MFG EV Power,77,MFG Taunton Deane,1988,AVAILABLE,50.0,2026-10-08T21:06:49Z
2026-10-09T03:48:39Z,MFG EV Power,77,MFG Taunton Deane,1996,AVAILABLE,150.0,2026-10-08T21:06:57Z
2026-10-09T03:48:39Z,MFG EV Power,77,MFG Taunton Deane,2003,AVAILABLE,50.0,2026-10-08T20:57:17Z
2026-10-09T03:48:39Z,MFG EV Power,77,MFG Taunton Deane,2005,AVAILABLE,150.0,2026-10-08T20:57:20Z
2026-10-09T03:48:39Z,MFG EV Power,442,Morrisons Taunton,1165,AVAILABLE,50.0,2026-10-08T15:54:19Z
2026-10-09T03:48:39Z,MFG EV Power,442,Morrisons Taunton,1170,AVAILABLE,50.0,2026-10-08T19:11:44Z
2026-10-09T03:48:39Z,MFG EV Power,601,MFG Taunton,3086,AVAILABLE,400.0,2026-10-08T16:58:38Z
2026-10-09T03:48:39Z,MFG EV Power,601,MFG Taunton,3087,AVAILABLE,400.0,2026-10-08T11:06:01Z
2026-10-09T03:48:39Z,MFG EV Power,601,MFG Taunton,3088,AVAILABLE,400.0,2026-10-08T19:40:02Z
2026-10-09T03:48:39Z,MFG EV Power,601,MFG Taunton,3089,AVAILABLE,400.0,2026-10-08T19:38:53Z
2026-10-09T03:48:39Z,MFG EV Power,601,MFG Taunton,3090,AVAILABLE,400.0,2026-10-08T23:11:26Z
2026-10-09T03:48:39Z,MFG EV Power,601,MFG Taunton,3091,AVAILABLE,400.0,2026-10-08T23:11:26Z
2026-10-09T03:48:39Z,MFG EV Power,601,MFG Taunton,3092,OUTOFORDER,400.0,2026-10-06T14:32:19Z
2026-10-09T03:48:39Z,MFG EV Power,601,MFG Taunton,3093,OUTOFORDER,400.0,2026-10-06T14:32:20Z
2026-10-09T04:01:11Z,MFG EV Power,77,MFG Taunton Deane,1989,AVAILABLE,150.0,2026-10-08T22:41:58Z
2026-10-09T04:01:11Z,MFG EV Power,77,MFG Taunton Deane,1990,AVAILABLE,50.0,2026-10-08T22:41:50Z
2026-10-09T04:01:11Z,MFG EV Power,77,MFG Taunton Deane,1992,AVAILABLE,50.0,2026-10-08T21:00:13Z
2026-10-09T04:01:11Z,MFG EV Power,77,MFG Taunton Deane,1993,AVAILABLE,150.0,2026-10-08T21:00:17Z
2026-10-09T04:01:11Z,MFG EV Power,77,MFG Taunton Deane,1988,AVAILABLE,50.0,2026-10-08T21:06:49Z
2026-10-09T04:01:11Z,MFG EV Power,77,MFG Taunton Deane,1996,AVAILABLE,150.0,2026-10-08T21:06:57Z
2026-10-09T04:01:11Z,MFG EV Power,77,MFG Taunton Deane,2003,AVAILABLE,50.0,2026-10-08T20:57:17Z
2026-10-09T04:01:11Z,MFG EV Power,77,MFG Taunton Deane,2005,AVAILABLE,150.0,2026-10-08T20:57:20Z
2026-10-09T04:01:11Z,MFG EV Power,442,Morrisons Taunton,1165,AVAILABLE,50.0,2026-10-08T15:54:19Z
2026-10-09T04:01:11Z,MFG EV Power,442,Morrisons Taunton,1170,AVAILABLE,50.0,2026-10-08T19:11:44Z
2026-10-09T04:01:11Z,MFG EV Power,601,MFG Taunton,3086,AVAILABLE,400.0,2026-10-08T16:58:38Z
2026-10-09T04:01:11Z,MFG EV Power,601,MFG Taunton,3087,AVAILABLE,400.0,2026-10-08T11:06:01Z
2026-10-09T04:01:11Z,MFG EV Power,601,MFG Taunton,3088,AVAILABLE,400.0,2026-10-08T19:40:02Z
2026-10-09T04:01:11Z,MFG EV Power,601,MFG Taunton,3089,AVAILABLE,400.0,2026-10-08T19:38:53Z
2026-10-09T04:01:11Z,MFG EV Power,601,MFG Taunton,3090,AVAILABLE,400.0,2026-10-08T23:11:26Z
2026-10-09T04:01:11Z,MFG EV Power,601,MFG Taunton,3091,AVAILABLE,400.0,2026-10-08T23:11:26Z
2026-10-09T04:01:11Z,MFG EV Power,601,MFG Taunton,3092,OUTOFORDER,400.0,2026-10-06T14:32:19Z
2026-10-09T04:01:11Z,MFG EV Power,601,MFG Taunton,3093,OUTOFORDER,400.0,2026-10-06T14:32:20Z
2026-10-09T04:17:20Z,MFG EV Power,77,MFG Taunton Deane,1989,AVAILABLE,150.0,2026-10-08T22:41:58Z
2026-10-09T04:17:20Z,MFG EV Power,77,MFG Taunton Deane,1990,AVAILABLE,50.0,2026-10-08T22:41:50Z
2026-10-09T04:17:20Z,MFG EV Power,77,MFG Taunton Deane,1992,AVAILABLE,50.0,2026-10-08T21:00:13Z
2026-10-09T04:17:20Z,MFG EV Power,77,MFG Taunton Deane,1993,AVAILABLE,150.0,2026-10-08T21:00:17Z
2026-10-09T04:17:20Z,MFG EV Power,77,MFG Taunton Deane,1988,AVAILABLE,50.0,2026-10-08T21:06:49Z
2026-10-09T04:17:20Z,MFG EV Power,77,MFG Taunton Deane,1996,AVAILABLE,150.0,2026-10-08T21:06:57Z
2026-10-09T04:17:20Z,MFG EV Power,77,MFG Taunton Deane,2003,AVAILABLE,50.0,2026-10-08T20:57:17Z
2026-10-09T04:17:20Z,MFG EV Power,77,MFG Taunton Deane,2005,AVAILABLE,150.0,2026-10-08T20:57:20Z
2026-10-09T04:17:20Z,MFG EV Power,442,Morrisons Taunton,1165,AVAILABLE,50.0,2026-10-08T15:54:19Z
2026-10-09T04:17:20Z,MFG EV Power,442,Morrisons Taunton,1170,AVAILABLE,50.0,2026-10-08T19:11:44Z
2026-10-09T04:17:20Z,MFG EV Power,601,MFG Taunton,3086,AVAILABLE,400.0,2026-10-08T16:58:38Z
2026-10-09T04:17:20Z,MFG EV Power,601,MFG Taunton,3087,AVAILABLE,400.0,2026-10-08T11:06:01Z
2026-10-09T04:17:20Z,MFG EV Power,601,MFG Taunton,3088,AVAILABLE,400.0,2026-10-08T19:40:02Z
2026-10-09T04:17:20Z,MFG EV Power,601,MFG Taunton,3089,AVAILABLE,400.0,2026-10-08T19:38:53Z
2026-10-09T04:17:20Z,MFG EV Power,601,MFG Taunton,3090,AVAILABLE,400.0,2026-10-08T23:11:26Z
2026-10-09T04:17:20Z,MFG EV Power,601,MFG Taunton,3091,AVAILABLE,400.0,2026-10-08T23:11:26Z
2026-10-09T04:17:20Z,MFG EV Power,601,MFG Taunton,3092,OUTOFORDER,400.0,2026-10-06T14:32:19Z
2026-10-09T04:17:20Z,MFG EV Power,601,MFG Taunton,3093,OUTOFORDER,400.0,2026-10-06T14:32:20Z
2026-10-09T04:35:13Z,MFG EV Power,77,MFG Taunton Deane,1989,AVAILABLE,150.0,2026-10-08T22:41:58Z
2026-10-09T04:35:13Z,MFG EV Power,77,MFG Taunton Deane,1990,AVAILABLE,50.0,2026-10-08T22:41:50Z
2026-10-09T04:35:13Z,MFG EV Power,77,MFG Taunton Deane,1992,AVAILABLE,50.0,2026-10-08T21:00:13Z
2026-10-09T04:35:13Z,MFG EV Power,77,MFG Taunton Deane,1993,AVAILABLE,150.0,2026-10-08T21:00:17Z
2026-10-09T04:35:13Z,MFG EV Power,77,MFG Taunton Deane,1988,AVAILABLE,50.0,2026-10-08T21:06:49Z
2026-10-09T04:35:13Z,MFG EV Power,77,MFG Taunton Deane,1996,AVAILABLE,150.0,2026-10-08T21:06:57Z
2026-10-09T04:35:13Z,MFG EV Power,77,MFG Taunton Deane,2003,AVAILABLE,50.0,2026-10-08T20:57:17Z
2026-10-09T04:35:13Z,MFG EV Power,77,MFG Taunton Deane,2005,AVAILABLE,150.0,2026-10-08T20:57:20Z
2026-10-09T04:35:13Z,MFG EV Power,442,Morrisons Taunton,1165,AVAILABLE,50.0,2026-10-08T15:54:19Z
2026-10-09T04:35:13Z,MFG EV Power,442,Morrisons Taunton,1170,AVAILABLE,50.0,2026-10-08T19:11:44Z
2026-10-09T04:35:13Z,MFG EV Power,601,MFG Taunton,3086,AVAILABLE,400.0,2026-10-08T16:58:38Z
2026-10-09T04:35:13Z,MFG EV Power,601,MFG Taunton,3087,AVAILABLE,400.0,2026-10-08T11:06:01Z
2026-10-09T04:35:13Z,MFG EV Power,601,MFG Taunton,3088,AVAILABLE,400.0,2026-10-08T19:40:02Z
2026-10-09T04:35:13Z,MFG EV Power,601,MFG Taunton,3089,AVAILABLE,400.0,2026-10-08T19:38:53Z
2026-10-09T04:35:13Z,MFG EV Power,601,MFG Taunton,3090,AVAILABLE,400.0,2026-10-08T23:11:26Z
2026-10-09T04:35:13Z,MFG EV Power,601,MFG Taunton,3091,AVAILABLE,400.0,2026-10-08T23:11:26Z
2026-10-09T04:35:13Z,MFG EV Power,601,MFG Taunton,3092,OUTOFORDER,400.0,2026-10-06T14:32:19Z
2026-10-09T04:35:13Z,MFG EV Power,601,MFG Taunton,3093,OUTOFORDER,400.0,2026-10-06T14:32:20Z
2026-10-09T04:51:08Z,MFG EV Power,77,MFG Taunton Deane,1989,AVAILABLE,150.0,2026-10-08T22:41:58Z
2026-10-09T04:51:08Z,MFG EV Power,77,MFG Taunton Deane,1990,AVAILABLE,50.0,2026-10-08T22:41:50Z
2026-10-09T04:51:08Z,MFG EV Power,77,MFG Taunton Deane,1992,AVAILABLE,50.0,2026-10-08T21:00:13Z
2026-10-09T04:51:08Z,MFG EV Power,77,MFG Taunton Deane,1993,AVAILABLE,150.0,2026-10-08T21:00:17Z
2026-10-09T04:51:08Z,MFG EV Power,77,MFG Taunton Deane,1988,AVAILABLE,50.0,2026-10-08T21:06:49Z
2026-10-09T04:51:08Z,MFG EV Power,77,MFG Taunton Deane,1996,AVAILABLE,150.0,2026-10-08T21:06:57Z
2026-10-09T04:51:08Z,MFG EV Power,77,MFG Taunton Deane,2003,AVAILABLE,50.0,2026-10-08T20:57:17Z
2026-10-09T04:51:08Z,MFG EV Power,77,MFG Taunton Deane,2005,AVAILABLE,150.0,2026-10-08T20:57:20Z
2026-10-09T04:51:08Z,MFG EV Power,442,Morrisons Taunton,1165,AVAILABLE,50.0,2026-10-08T15:54:19Z
2026-10-09T04:51:08Z,MFG EV Power,442,Morrisons Taunton,1170,AVAILABLE,50.0,2026-10-08T19:11:44Z
2026-10-09T04:51:08Z,MFG EV Power,601,MFG Taunton,3086,AVAILABLE,400.0,2026-10-08T16:58:38Z
2026-10-09T04:51:08Z,MFG EV Power,601,MFG Taunton,3087,AVAILABLE,400.0,2026-10-08T11:06:01Z
2026-10-09T04:51:08Z,MFG EV Power,601,MFG Taunton,3088,AVAILABLE,400.0,2026-10-08T19:40:02Z
2026-10-09T04:51:08Z,MFG EV Power,601,MFG Taunton,3089,AVAILABLE,400.0,2026-10-08T19:38:53Z
2026-10-09T04:51:08Z,MFG EV Power,601,MFG Taunton,3090,AVAILABLE,400.0,2026-10-08T23:11:26Z
2026-10-09T04:51:08Z,MFG EV Power,601,MFG Taunton,3091,AVAILABLE,400.0,2026-10-08T23:11:26Z
2026-10-09T04:51:08Z,MFG EV Power,601,MFG Taunton,3092,OUTOFORDER,400.0,2026-10-06T14:32:19Z
2026-10-09T04:51:08Z,MFG EV Power,601,MFG Taunton,3093,OUTOFORDER,400.0,2026-10-06T14:32:20Z
2026-10-09T05:01:30Z,MFG EV Power,77,MFG Taunton Deane,1989,AVAILABLE,150.0,2026-10-08T22:41:58Z
2026-10-09T05:01:30Z,MFG EV Power,77,MFG Taunton Deane,1990,AVAILABLE,50.0,2026-10-08T22:41:50Z
2026-10-09T05:01:30Z,MFG EV Power,77,MFG Taunton Deane,1992,AVAILABLE,50.0,2026-10-08T21:00:13Z
2026-10-09T05:01:30Z,MFG EV Power,77,MFG Taunton Deane,1993,AVAILABLE,150.0,2026-10-08T21:00:17Z
2026-10-09T05:01:30Z,MFG EV Power,77,MFG Taunton Deane,1988,AVAILABLE,50.0,2026-10-08T21:06:49Z
2026-10-09T05:01:30Z,MFG EV Power,77,MFG Taunton Deane,1996,AVAILABLE,150.0,2026-10-08T21:06:57Z
2026-10-09T05:01:30Z,MFG EV Power,77,MFG Taunton Deane,2003,AVAILABLE,50.0,2026-10-08T20:57:17Z
2026-10-09T05:01:30Z,MFG EV Power,77,MFG Taunton Deane,2005,AVAILABLE,150.0,2026-10-08T20:57:20Z
2026-10-09T05:01:30Z,MFG EV Power,442,Morrisons Taunton,1165,AVAILABLE,50.0,2026-10-08T15:54:19Z
2026-10-09T05:01:30Z,MFG EV Power,442,Morrisons Taunton,1170,AVAILABLE,50.0,2026-10-08T19:11:44Z
2026-10-09T05:01:30Z,MFG EV Power,601,MFG Taunton,3086,AVAILABLE,400.0,2026-10-08T16:58:38Z
2026-10-09T05:01:30Z,MFG EV Power,601,MFG Taunton,3087,AVAILABLE,400.0,2026-10-08T11:06:01Z
2026-10-09T05:01:30Z,MFG EV Power,601,MFG Taunton,3088,AVAILABLE,400.0,2026-10-08T19:40:02Z
2026-10-09T05:01:30Z,MFG EV Power,601,MFG Taunton,3089,AVAILABLE,400.0,2026-10-08T19:38:53Z
2026-10-09T05:01:30Z,MFG EV Power,601,MFG Taunton,3090,AVAILABLE,400.0,2026-10-08T23:11:26Z
2026-10-09T05:01:30Z,MFG EV Power,601,MFG Taunton,3091,AVAILABLE,400.0,2026-10-08T23:11:26Z
2026-10-09T05:01:30Z,MFG EV Power,601,MFG Taunton,3092,OUTOFORDER,400.0,2026-10-06T14:32:19Z
2026-10-09T05:01:30Z,MFG EV Power,601,MFG Taunton,3093,OUTOFORDER,400.0,2026-10-06T14:32:20Z
2026-10-09T05:16:41Z,MFG EV Power,77,MFG Taunton Deane,1989,AVAILABLE,150.0,2026-10-08T22:41:58Z
2026-10-09T05:16:41Z,MFG EV Power,77,MFG Taunton Deane,1990,AVAILABLE,50.0,2026-10-08T22:41:50Z
2026-10-09T05:16:41Z,MFG EV Power,77,MFG Taunton Deane,1992,AVAILABLE,50.0,2026-10-08T21:00:13Z
2026-10-09T05:16:41Z,MFG EV Power,77,MFG Taunton Deane,1993,AVAILABLE,150.0,2026-10-08T21:00:17Z
2026-10-09T05:16:41Z,MFG EV Power,77,MFG Taunton Deane,1988,AVAILABLE,50.0,2026-10-08T21:06:49Z
2026-10-09T05:16:41Z,MFG EV Power,77,MFG Taunton Deane,1996,AVAILABLE,150.0,2026-10-08T21:06:57Z
2026-10-09T05:16:41Z,MFG EV Power,77,MFG Taunton Deane,2003,AVAILABLE,50.0,2026-10-08T20:57:17Z
2026-10-09T05:16:41Z,MFG EV Power,77,MFG Taunton Deane,2005,AVAILABLE,150.0,2026-10-08T20:57:20Z
2026-10-09T05:16:41Z,MFG EV Power,442,Morrisons Taunton,1165,AVAILABLE,50.0,2026-10-08T15:54:19Z
2026-10-09T05:16:41Z,MFG EV Power,442,Morrisons Taunton,1170,AVAILABLE,50.0,2026-10-08T19:11:44Z
2026-10-09T05:16:41Z,MFG EV Power,601,MFG Taunton,3086,AVAILABLE,400.0,2026-10-08T16:58:38Z
2026-10-09T05:16:41Z,MFG EV Power,601,MFG Taunton,3087,AVAILABLE,400.0,2026-10-08T11:06:01Z
2026-10-09T05:16:41Z,MFG EV Power,601,MFG Taunton,3088,AVAILABLE,400.0,2026-10-08T19:40:02Z
2026-10-09T05:16:41Z,MFG EV Power,601,MFG Taunton,3089,AVAILABLE,400.0,2026-10-08T19:38:53Z
2026-10-09T05:16:41Z,MFG EV Power,601,MFG Taunton,3090,AVAILABLE,400.0,2026-10-08T23:11:26Z
2026-10-09T05:16:41Z,MFG EV Power,601,MFG Taunton,3091,AVAILABLE,400.0,2026-10-08T23:11:26Z
2026-10-09T05:16:41Z,MFG EV Power,601,MFG Taunton,3092,OUTOFORDER,400.0,2026-10-06T14:32:19Z
2026-10-09T05:16:41Z,MFG EV Power,601,MFG Taunton,3093,OUTOFORDER,400.0,2026-10-06T14:32:20Z
2026-10-09T05:33:47Z,MFG EV Power,77,MFG Taunton Deane,1989,AVAILABLE,150.0,2026-10-08T22:41:58Z
2026-10-09T05:33:47Z,MFG EV Power,77,MFG Taunton Deane,1990,AVAILABLE,50.0,2026-10-08T22:41:50Z
2026-10-09T05:33:47Z,MFG EV Power,77,MFG Taunton Deane,1992,AVAILABLE,50.0,2026-10-08T21:00:13Z
2026-10-09T05:33:47Z,MFG EV Power,77,MFG Taunton Deane,1993,AVAILABLE,150.0,2026-10-08T21:00:17Z
2026-10-09T05:33:47Z,MFG EV Power,77,MFG Taunton Deane,1988,AVAILABLE,50.0,2026-10-08T21:06:49Z
2026-10-09T05:33:47Z,MFG EV Power,77,MFG Taunton Deane,1996,AVAILABLE,150.0,2026-10-08T21:06:57Z
2026-10-09T05:33:47Z,MFG EV Power,77,MFG Taunton Deane,2003,AVAILABLE,50.0,2026-10-08T20:57:17Z
2026-10-09T05:33:47Z,MFG EV Power,77,MFG Taunton Deane,2005,AVAILABLE,150.0,2026-10-08T20:57:20Z
2026-10-09T05:33:47Z,MFG EV Power,442,Morrisons Taunton,1165,AVAILABLE,50.0,2026-10-08T15:54:19Z
2026-10-09T05:33:47Z,MFG EV Power,442,Morrisons Taunton,1170,AVAILABLE,50.0,2026-10-08T19:11:44Z
2026-10-09T05:33:47Z,MFG EV Power,601,MFG Taunton,3086,AVAILABLE,400.0,2026-10-08T16:58:38Z
2026-10-09T05:33:47Z,MFG EV Power,601,MFG Taunton,3087,AVAILABLE,400.0,2026-10-08T11:06:01Z
2026-10-09T05:33:47Z,MFG EV Power,601,MFG Taunton,3088,AVAILABLE,400.0,2026-10-08T19:40:02Z
2026-10-09T05:33:47Z,MFG EV Power,601,MFG Taunton,3089,AVAILABLE,400.0,2026-10-08T19:38:53Z
2026-10-09T05:33:47Z,MFG EV Power,601,MFG Taunton,3090,AVAILABLE,400.0,2026-10-08T23:11:26Z
2026-10-09T05:33:47Z,MFG EV Power,601,MFG Taunton,3091,AVAILABLE,400.0,2026-10-08T23:11:26Z
2026-10-09T05:33:47Z,MFG EV Power,601,MFG Taunton,3092,OUTOFORDER,400.0,2026-10-06T14:32:19Z
2026-10-09T05:33:47Z,MFG EV Power,601,MFG Taunton,3093,OUTOFORDER,400.0,2026-10-06T14:32:20Z
2026-10-09T05:49:58Z,MFG EV Power,77,MFG Taunton Deane,1989,AVAILABLE,150.0,2026-10-08T22:41:58Z
2026-10-09T05:49:58Z,MFG EV Power,77,MFG Taunton Deane,1990,AVAILABLE,50.0,2026-10-08T22:41:50Z
2026-10-09T05:49:58Z,MFG EV Power,77,MFG Taunton Deane,1992,AVAILABLE,50.0,2026-10-08T21:00:13Z
2026-10-09T05:49:58Z,MFG EV Power,77,MFG Taunton Deane,1993,AVAILABLE,150.0,2026-10-08T21:00:17Z
2026-10-09T05:49:58Z,MFG EV Power,77,MFG Taunton Deane,1988,INOPERATIVE,50.0,2026-10-09T05:38:39.539Z
2026-10-09T05:49:58Z,MFG EV Power,77,MFG Taunton Deane,1996,CHARGING,150.0,2026-10-09T05:39:02.342Z
2026-10-09T05:49:58Z,MFG EV Power,77,MFG Taunton Deane,2003,AVAILABLE,50.0,2026-10-08T20:57:17Z
2026-10-09T05:49:58Z,MFG EV Power,77,MFG Taunton Deane,2005,AVAILABLE,150.0,2026-10-08T20:57:20Z
2026-10-09T05:49:58Z,MFG EV Power,442,Morrisons Taunton,1165,AVAILABLE,50.0,2026-10-08T15:54:19Z
2026-10-09T05:49:58Z,MFG EV Power,442,Morrisons Taunton,1170,AVAILABLE,50.0,2026-10-08T19:11:44Z
2026-10-09T05:49:58Z,MFG EV Power,601,MFG Taunton,3086,AVAILABLE,400.0,2026-10-08T16:58:38Z
2026-10-09T05:49:58Z,MFG EV Power,601,MFG Taunton,3087,AVAILABLE,400.0,2026-10-08T11:06:01Z
2026-10-09T05:49:58Z,MFG EV Power,601,MFG Taunton,3088,AVAILABLE,400.0,2026-10-08T19:40:02Z
2026-10-09T05:49:58Z,MFG EV Power,601,MFG Taunton,3089,AVAILABLE,400.0,2026-10-08T19:38:53Z
2026-10-09T05:49:58Z,MFG EV Power,601,MFG Taunton,3090,AVAILABLE,400.0,2026-10-08T23:11:26Z
2026-10-09T05:49:58Z,MFG EV Power,601,MFG Taunton,3091,AVAILABLE,400.0,2026-10-08T23:11:26Z
2026-10-09T05:49:58Z,MFG EV Power,601,MFG Taunton,3092,OUTOFORDER,400.0,2026-10-06T14:32:19Z
2026-10-09T05:49:58Z,MFG EV Power,601,MFG Taunton,3093,OUTOFORDER,400.0,2026-10-06T14:32:20Z
2026-10-09T06:01:14Z,MFG EV Power,77,MFG Taunton Deane,1989,AVAILABLE,150.0,2026-10-08T22:41:58Z
2026-10-09T06:01:14Z,MFG EV Power,77,MFG Taunton Deane,1990,AVAILABLE,50.0,2026-10-08T22:41:50Z
2026-10-09T06:01:14Z,MFG EV Power,77,MFG Taunton Deane,1992,AVAILABLE,50.0,2026-10-08T21:00:13Z
2026-10-09T06:01:14Z,MFG EV Power,77,MFG Taunton Deane,1993,AVAILABLE,150.0,2026-10-08T21:00:17Z
2026-10-09T06:01:14Z,MFG EV Power,77,MFG Taunton Deane,1988,INOPERATIVE,50.0,2026-10-09T05:38:39.539Z
2026-10-09T06:01:14Z,MFG EV Power,77,MFG Taunton Deane,1996,CHARGING,150.0,2026-10-09T05:39:02.342Z
2026-10-09T06:01:14Z,MFG EV Power,77,MFG Taunton Deane,2003,AVAILABLE,50.0,2026-10-08T20:57:17Z
2026-10-09T06:01:14Z,MFG EV Power,77,MFG Taunton Deane,2005,AVAILABLE,150.0,2026-10-08T20:57:20Z
2026-10-09T06:01:14Z,MFG EV Power,442,Morrisons Taunton,1165,AVAILABLE,50.0,2026-10-08T15:54:19Z
2026-10-09T06:01:14Z,MFG EV Power,442,Morrisons Taunton,1170,AVAILABLE,50.0,2026-10-08T19:11:44Z
2026-10-09T06:01:14Z,MFG EV Power,601,MFG Taunton,3086,AVAILABLE,400.0,2026-10-08T16:58:38Z
2026-10-09T06:01:14Z,MFG EV Power,601,MFG Taunton,3087,AVAILABLE,400.0,2026-10-08T11:06:01Z
2026-10-09T06:01:14Z,MFG EV Power,601,MFG Taunton,3088,AVAILABLE,400.0,2026-10-08T19:40:02Z
2026-10-09T06:01:14Z,MFG EV Power,601,MFG Taunton,3089,AVAILABLE,400.0,2026-10-08T19:38:53Z
2026-10-09T06:01:14Z,MFG EV Power,601,MFG Taunton,3090,AVAILABLE,400.0,2026-10-08T23:11:26Z
2026-10-09T06:01:14Z,MFG EV Power,601,MFG Taunton,3091,AVAILABLE,400.0,2026-10-08T23:11:26Z
2026-10-09T06:01:14Z,MFG EV Power,601,MFG Taunton,3092,OUTOFORDER,400.0,2026-10-06T14:32:19Z
2026-10-09T06:01:14Z,MFG EV Power,601,MFG Taunton,3093,OUTOFORDER,400.0,2026-10-06T14:32:20Z
2026-10-09T06:21:26Z,MFG EV Power,77,MFG Taunton Deane,1989,AVAILABLE,150.0,2026-10-08T22:41:58Z
2026-10-09T06:21:26Z,MFG EV Power,77,MFG Taunton Deane,1990,AVAILABLE,50.0,2026-10-08T22:41:50Z
2026-10-09T06:21:26Z,MFG EV Power,77,MFG Taunton Deane,1992,AVAILABLE,50.0,2026-10-08T21:00:13Z
2026-10-09T06:21:26Z,MFG EV Power,77,MFG Taunton Deane,1993,CHARGING,150.0,2026-10-09T06:18:48.548Z
2026-10-09T06:21:26Z,MFG EV Power,77,MFG Taunton Deane,1988,AVAILABLE,50.0,2026-10-09T06:09:12.396Z
2026-10-09T06:21:26Z,MFG EV Power,77,MFG Taunton Deane,1996,AVAILABLE,150.0,2026-10-09T06:09:27.639Z
2026-10-09T06:21:26Z,MFG EV Power,77,MFG Taunton Deane,2003,AVAILABLE,50.0,2026-10-08T20:57:17Z
2026-10-09T06:21:26Z,MFG EV Power,77,MFG Taunton Deane,2005,AVAILABLE,150.0,2026-10-08T20:57:20Z
2026-10-09T06:21:26Z,MFG EV Power,442,Morrisons Taunton,1165,AVAILABLE,50.0,2026-10-08T15:54:19Z
2026-10-09T06:21:26Z,MFG EV Power,442,Morrisons Taunton,1170,AVAILABLE,50.0,2026-10-08T19:11:44Z
2026-10-09T06:21:26Z,MFG EV Power,601,MFG Taunton,3086,AVAILABLE,400.0,2026-10-08T16:58:38Z
2026-10-09T06:21:26Z,MFG EV Power,601,MFG Taunton,3087,AVAILABLE,400.0,2026-10-08T11:06:01Z
2026-10-09T06:21:26Z,MFG EV Power,601,MFG Taunton,3088,AVAILABLE,400.0,2026-10-08T19:40:02Z
2026-10-09T06:21:26Z,MFG EV Power,601,MFG Taunton,3089,AVAILABLE,400.0,2026-10-08T19:38:53Z
2026-10-09T06:21:26Z,MFG EV Power,601,MFG Taunton,3090,AVAILABLE,400.0,2026-10-08T23:11:26Z
2026-10-09T06:21:26Z,MFG EV Power,601,MFG Taunton,3091,AVAILABLE,400.0,2026-10-08T23:11:26Z
2026-10-09T06:21:26Z,MFG EV Power,601,MFG Taunton,3092,OUTOFORDER,400.0,2026-10-06T14:32:19Z
2026-10-09T06:21:26Z,MFG EV Power,601,MFG Taunton,3093,OUTOFORDER,400.0,2026-10-06T14:32:20Z
2026-10-09T06:45:21Z,MFG EV Power,77,MFG Taunton Deane,1989,AVAILABLE,150.0,2026-10-08T22:41:58Z
2026-10-09T06:45:21Z,MFG EV Power,77,MFG Taunton Deane,1990,AVAILABLE,50.0,2026-10-08T22:41:50Z
2026-10-09T06:45:21Z,MFG EV Power,77,MFG Taunton Deane,1992,AVAILABLE,50.0,2026-10-08T21:00:13Z
2026-10-09T06:45:21Z,MFG EV Power,77,MFG Taunton Deane,1993,CHARGING,150.0,2026-10-09T06:18:48.548Z
2026-10-09T06:45:21Z,MFG EV Power,77,MFG Taunton Deane,1988,AVAILABLE,50.0,2026-10-09T06:09:12.396Z
2026-10-09T06:45:21Z,MFG EV Power,77,MFG Taunton Deane,1996,AVAILABLE,150.0,2026-10-09T06:09:27.639Z
2026-10-09T06:45:21Z,MFG EV Power,77,MFG Taunton Deane,2003,AVAILABLE,50.0,2026-10-08T20:57:17Z
2026-10-09T06:45:21Z,MFG EV Power,77,MFG Taunton Deane,2005,AVAILABLE,150.0,2026-10-08T20:57:20Z
2026-10-09T06:45:21Z,MFG EV Power,442,Morrisons Taunton,1165,AVAILABLE,50.0,2026-10-08T15:54:19Z
2026-10-09T06:45:21Z,MFG EV Power,442,Morrisons Taunton,1170,AVAILABLE,50.0,2026-10-08T19:11:44Z
2026-10-09T06:45:21Z,MFG EV Power,601,MFG Taunton,3086,AVAILABLE,400.0,2026-10-08T16:58:38Z
2026-10-09T06:45:21Z,MFG EV Power,601,MFG Taunton,3087,AVAILABLE,400.0,2026-10-08T11:06:01Z
2026-10-09T06:45:21Z,MFG EV Power,601,MFG Taunton,3088,AVAILABLE,400.0,2026-10-08T19:40:02Z
2026-10-09T06:45:21Z,MFG EV Power,601,MFG Taunton,3089,AVAILABLE,400.0,2026-10-08T19:38:53Z
2026-10-09T06:45:21Z,MFG EV Power,601,MFG Taunton,3090,AVAILABLE,400.0,2026-10-08T23:11:26Z
2026-10-09T06:45:21Z,MFG EV Power,601,MFG Taunton,3091,CHARGING,400.0,2026-10-09T06:42:33.589Z
2026-10-09T06:45:21Z,MFG EV Power,601,MFG Taunton,3092,OUTOFORDER,400.0,2026-10-06T14:32:19Z
2026-10-09T06:45:21Z,MFG EV Power,601,MFG Taunton,3093,OUTOFORDER,400.0,2026-10-06T14:32:20Z
2026-10-09T07:03:34Z,MFG EV Power,77,MFG Taunton Deane,1989,AVAILABLE,150.0,2026-10-08T22:41:58Z
2026-10-09T07:03:34Z,MFG EV Power,77,MFG Taunton Deane,1990,AVAILABLE,50.0,2026-10-08T22:41:50Z
2026-10-09T07:03:34Z,MFG EV Power,77,MFG Taunton Deane,1992,INOPERATIVE,50.0,2026-10-09T06:59:09.602Z
2026-10-09T07:03:34Z,MFG EV Power,77,MFG Taunton Deane,1993,CHARGING,150.0,2026-10-09T06:59:29.146Z
2026-10-09T07:03:34Z,MFG EV Power,77,MFG Taunton Deane,1988,AVAILABLE,50.0,2026-10-09T06:09:12.396Z
2026-10-09T07:03:34Z,MFG EV Power,77,MFG Taunton Deane,1996,AVAILABLE,150.0,2026-10-09T06:09:27.639Z
2026-10-09T07:03:34Z,MFG EV Power,77,MFG Taunton Deane,2003,INOPERATIVE,50.0,2026-10-09T06:52:32.970Z
2026-10-09T07:03:34Z,MFG EV Power,77,MFG Taunton Deane,2005,CHARGING,150.0,2026-10-09T06:52:39.794Z
2026-10-09T07:03:34Z,MFG EV Power,442,Morrisons Taunton,1165,AVAILABLE,50.0,2026-10-08T15:54:19Z
2026-10-09T07:03:34Z,MFG EV Power,442,Morrisons Taunton,1170,AVAILABLE,50.0,2026-10-08T19:11:44Z
2026-10-09T07:03:34Z,MFG EV Power,601,MFG Taunton,3086,AVAILABLE,400.0,2026-10-08T16:58:38Z
2026-10-09T07:03:34Z,MFG EV Power,601,MFG Taunton,3087,AVAILABLE,400.0,2026-10-08T11:06:01Z
2026-10-09T07:03:34Z,MFG EV Power,601,MFG Taunton,3088,AVAILABLE,400.0,2026-10-08T19:40:02Z
2026-10-09T07:03:34Z,MFG EV Power,601,MFG Taunton,3089,AVAILABLE,400.0,2026-10-08T19:38:53Z
2026-10-09T07:03:34Z,MFG EV Power,601,MFG Taunton,3090,AVAILABLE,400.0,2026-10-08T23:11:26Z
2026-10-09T07:03:34Z,MFG EV Power,601,MFG Taunton,3091,AVAILABLE,400.0,2026-10-09T06:52:45.860Z
2026-10-09T07:03:34Z,MFG EV Power,601,MFG Taunton,3092,OUTOFORDER,400.0,2026-10-06T14:32:19Z
2026-10-09T07:03:34Z,MFG EV Power,601,MFG Taunton,3093,OUTOFORDER,400.0,2026-10-06T14:32:20Z
2026-10-09T07:21:55Z,MFG EV Power,77,MFG Taunton Deane,1989,AVAILABLE,150.0,2026-10-08T22:41:58Z
2026-10-09T07:21:55Z,MFG EV Power,77,MFG Taunton Deane,1990,AVAILABLE,50.0,2026-10-08T22:41:50Z
2026-10-09T07:21:55Z,MFG EV Power,77,MFG Taunton Deane,1992,AVAILABLE,50.0,2026-10-09T07:19:46.225Z
2026-10-09T07:21:55Z,MFG EV Power,77,MFG Taunton Deane,1993,AVAILABLE,150.0,2026-10-09T07:19:58.087Z
2026-10-09T07:21:55Z,MFG EV Power,77,MFG Taunton Deane,1988,AVAILABLE,50.0,2026-10-09T06:09:12.396Z
2026-10-09T07:21:55Z,MFG EV Power,77,MFG Taunton Deane,1996,AVAILABLE,150.0,2026-10-09T06:09:27.639Z
2026-10-09T07:21:55Z,MFG EV Power,77,MFG Taunton Deane,2003,INOPERATIVE,50.0,2026-10-09T07:15:34.937Z
2026-10-09T07:21:55Z,MFG EV Power,77,MFG Taunton Deane,2005,CHARGING,150.0,2026-10-09T07:15:57.684Z
2026-10-09T07:21:55Z,MFG EV Power,442,Morrisons Taunton,1165,AVAILABLE,50.0,2026-10-08T15:54:19Z
2026-10-09T07:21:55Z,MFG EV Power,442,Morrisons Taunton,1170,AVAILABLE,50.0,2026-10-08T19:11:44Z
2026-10-09T07:21:55Z,MFG EV Power,601,MFG Taunton,3086,AVAILABLE,400.0,2026-10-08T16:58:38Z
2026-10-09T07:21:55Z,MFG EV Power,601,MFG Taunton,3087,AVAILABLE,400.0,2026-10-08T11:06:01Z
2026-10-09T07:21:55Z,MFG EV Power,601,MFG Taunton,3088,AVAILABLE,400.0,2026-10-08T19:40:02Z
2026-10-09T07:21:55Z,MFG EV Power,601,MFG Taunton,3089,AVAILABLE,400.0,2026-10-08T19:38:53Z
2026-10-09T07:21:55Z,MFG EV Power,601,MFG Taunton,3090,AVAILABLE,400.0,2026-10-08T23:11:26Z
2026-10-09T07:21:55Z,MFG EV Power,601,MFG Taunton,3091,AVAILABLE,400.0,2026-10-09T06:52:45.860Z
2026-10-09T07:21:55Z,MFG EV Power,601,MFG Taunton,3092,OUTOFORDER,400.0,2026-10-06T14:32:19Z
2026-10-09T07:21:55Z,MFG EV Power,601,MFG Taunton,3093,OUTOFORDER,400.0,2026-10-06T14:32:20Z
2026-10-09T07:39:05Z,MFG EV Power,77,MFG Taunton Deane,1989,AVAILABLE,150.0,2026-10-08T22:41:58Z
2026-10-09T07:39:05Z,MFG EV Power,77,MFG Taunton Deane,1990,AVAILABLE,50.0,2026-10-08T22:41:50Z
2026-10-09T07:39:05Z,MFG EV Power,77,MFG Taunton Deane,1992,AVAILABLE,50.0,2026-10-09T07:19:46.225Z
2026-10-09T07:39:05Z,MFG EV Power,77,MFG Taunton Deane,1993,AVAILABLE,150.0,2026-10-09T07:19:58.087Z
2026-10-09T07:39:05Z,MFG EV Power,77,MFG Taunton Deane,1988,AVAILABLE,50.0,2026-10-09T06:09:12.396Z
2026-10-09T07:39:05Z,MFG EV Power,77,MFG Taunton Deane,1996,AVAILABLE,150.0,2026-10-09T06:09:27.639Z
2026-10-09T07:39:05Z,MFG EV Power,77,MFG Taunton Deane,2003,INOPERATIVE,50.0,2026-10-09T07:15:34.937Z
2026-10-09T07:39:05Z,MFG EV Power,77,MFG Taunton Deane,2005,CHARGING,150.0,2026-10-09T07:15:57.684Z
2026-10-09T07:39:05Z,MFG EV Power,442,Morrisons Taunton,1165,AVAILABLE,50.0,2026-10-08T15:54:19Z
2026-10-09T07:39:05Z,MFG EV Power,442,Morrisons Taunton,1170,AVAILABLE,50.0,2026-10-08T19:11:44Z
2026-10-09T07:39:05Z,MFG EV Power,601,MFG Taunton,3086,AVAILABLE,400.0,2026-10-08T16:58:38Z
2026-10-09T07:39:05Z,MFG EV Power,601,MFG Taunton,3087,AVAILABLE,400.0,2026-10-08T11:06:01Z
2026-10-09T07:39:05Z,MFG EV Power,601,MFG Taunton,3088,AVAILABLE,400.0,2026-10-08T19:40:02Z
2026-10-09T07:39:05Z,MFG EV Power,601,MFG Taunton,3089,AVAILABLE,400.0,2026-10-08T19:38:53Z
2026-10-09T07:39:05Z,MFG EV Power,601,MFG Taunton,3090,AVAILABLE,400.0,2026-10-08T23:11:26Z
2026-10-09T07:39:05Z,MFG EV Power,601,MFG Taunton,3091,AVAILABLE,400.0,2026-10-09T06:52:45.860Z
2026-10-09T07:39:05Z,MFG EV Power,601,MFG Taunton,3092,OUTOFORDER,400.0,2026-10-06T14:32:19Z
2026-10-09T07:39:05Z,MFG EV Power,601,MFG Taunton,3093,OUTOFORDER,400.0,2026-10-06T14:32:20Z
2026-10-09T07:54:15Z,MFG EV Power,77,MFG Taunton Deane,1989,AVAILABLE,150.0,2026-10-08T22:41:58Z
2026-10-09T07:54:15Z,MFG EV Power,77,MFG Taunton Deane,1990,AVAILABLE,50.0,2026-10-08T22:41:50Z
2026-10-09T07:54:15Z,MFG EV Power,77,MFG Taunton Deane,1992,AVAILABLE,50.0,2026-10-09T07:19:46.225Z
2026-10-09T07:54:15Z,MFG EV Power,77,MFG Taunton Deane,1993,AVAILABLE,150.0,2026-10-09T07:19:58.087Z
2026-10-09T07:54:15Z,MFG EV Power,77,MFG Taunton Deane,1988,INOPERATIVE,50.0,2026-10-09T07:51:27.878Z
2026-10-09T07:54:15Z,MFG EV Power,77,MFG Taunton Deane,1996,CHARGING,150.0,2026-10-09T07:50:58.639Z
2026-10-09T07:54:15Z,MFG EV Power,77,MFG Taunton Deane,2003,AVAILABLE,50.0,2026-10-09T07:41:18.544Z
2026-10-09T07:54:15Z,MFG EV Power,77,MFG Taunton Deane,2005,CHARGING,150.0,2026-10-09T07:41:04.086Z
2026-10-09T07:54:15Z,MFG EV Power,442,Morrisons Taunton,1165,AVAILABLE,50.0,2026-10-08T15:54:19Z
2026-10-09T07:54:15Z,MFG EV Power,442,Morrisons Taunton,1170,AVAILABLE,50.0,2026-10-08T19:11:44Z
2026-10-09T07:54:15Z,MFG EV Power,601,MFG Taunton,3086,AVAILABLE,400.0,2026-10-08T16:58:38Z
2026-10-09T07:54:15Z,MFG EV Power,601,MFG Taunton,3087,AVAILABLE,400.0,2026-10-08T11:06:01Z
2026-10-09T07:54:15Z,MFG EV Power,601,MFG Taunton,3088,AVAILABLE,400.0,2026-10-08T19:40:02Z
2026-10-09T07:54:15Z,MFG EV Power,601,MFG Taunton,3089,CHARGING,400.0,2026-10-09T07:46:01.877Z
2026-10-09T07:54:15Z,MFG EV Power,601,MFG Taunton,3090,AVAILABLE,400.0,2026-10-08T23:11:26Z
2026-10-09T07:54:15Z,MFG EV Power,601,MFG Taunton,3091,AVAILABLE,400.0,2026-10-09T06:52:45.860Z
2026-10-09T07:54:15Z,MFG EV Power,601,MFG Taunton,3092,OUTOFORDER,400.0,2026-10-06T14:32:19Z
2026-10-09T07:54:15Z,MFG EV Power,601,MFG Taunton,3093,OUTOFORDER,400.0,2026-10-06T14:32:20Z
2026-10-09T08:03:51Z,MFG EV Power,77,MFG Taunton Deane,1989,AVAILABLE,150.0,2026-10-08T22:41:58Z
2026-10-09T08:03:51Z,MFG EV Power,77,MFG Taunton Deane,1990,AVAILABLE,50.0,2026-10-08T22:41:50Z
2026-10-09T08:03:51Z,MFG EV Power,77,MFG Taunton Deane,1992,AVAILABLE,50.0,2026-10-09T07:19:46.225Z
2026-10-09T08:03:51Z,MFG EV Power,77,MFG Taunton Deane,1993,AVAILABLE,150.0,2026-10-09T07:19:58.087Z
2026-10-09T08:03:51Z,MFG EV Power,77,MFG Taunton Deane,1988,INOPERATIVE,50.0,2026-10-09T07:51:27.878Z
2026-10-09T08:03:51Z,MFG EV Power,77,MFG Taunton Deane,1996,CHARGING,150.0,2026-10-09T07:50:58.639Z
2026-10-09T08:03:51Z,MFG EV Power,77,MFG Taunton Deane,2003,AVAILABLE,50.0,2026-10-09T07:41:18.544Z
2026-10-09T08:03:51Z,MFG EV Power,77,MFG Taunton Deane,2005,CHARGING,150.0,2026-10-09T07:41:04.086Z
2026-10-09T08:03:51Z,MFG EV Power,442,Morrisons Taunton,1165,AVAILABLE,50.0,2026-10-08T15:54:19Z
2026-10-09T08:03:51Z,MFG EV Power,442,Morrisons Taunton,1170,AVAILABLE,50.0,2026-10-08T19:11:44Z
2026-10-09T08:03:51Z,MFG EV Power,601,MFG Taunton,3086,AVAILABLE,400.0,2026-10-08T16:58:38Z
2026-10-09T08:03:51Z,MFG EV Power,601,MFG Taunton,3087,AVAILABLE,400.0,2026-10-08T11:06:01Z
2026-10-09T08:03:51Z,MFG EV Power,601,MFG Taunton,3088,AVAILABLE,400.0,2026-10-08T19:40:02Z
2026-10-09T08:03:51Z,MFG EV Power,601,MFG Taunton,3089,CHARGING,400.0,2026-10-09T07:46:01.877Z
2026-10-09T08:03:51Z,MFG EV Power,601,MFG Taunton,3090,AVAILABLE,400.0,2026-10-08T23:11:26Z
2026-10-09T08:03:51Z,MFG EV Power,601,MFG Taunton,3091,AVAILABLE,400.0,2026-10-09T06:52:45.860Z
2026-10-09T08:03:51Z,MFG EV Power,601,MFG Taunton,3092,OUTOFORDER,400.0,2026-10-06T14:32:19Z
2026-10-09T08:03:51Z,MFG EV Power,601,MFG Taunton,3093,OUTOFORDER,400.0,2026-10-06T14:32:20Z
2026-10-09T08:22:42Z,MFG EV Power,77,MFG Taunton Deane,1989,AVAILABLE,150.0,2026-10-08T22:41:58Z
2026-10-09T08:22:42Z,MFG EV Power,77,MFG Taunton Deane,1990,AVAILABLE,50.0,2026-10-08T22:41:50Z
2026-10-09T08:22:42Z,MFG EV Power,77,MFG Taunton Deane,1992,AVAILABLE,50.0,2026-10-09T07:19:46.225Z
2026-10-09T08:22:42Z,MFG EV Power,77,MFG Taunton Deane,1993,AVAILABLE,150.0,2026-10-09T07:19:58.087Z
2026-10-09T08:22:42Z,MFG EV Power,77,MFG Taunton Deane,1988,AVAILABLE,50.0,2026-10-09T08:22:27.538Z
2026-10-09T08:22:42Z,MFG EV Power,77,MFG Taunton Deane,1996,AVAILABLE,150.0,2026-10-09T08:22:36.638Z
2026-10-09T08:22:42Z,MFG EV Power,77,MFG Taunton Deane,2003,INOPERATIVE,50.0,2026-10-09T08:13:58.772Z
2026-10-09T08:22:42Z,MFG EV Power,77,MFG Taunton Deane,2005,CHARGING,150.0,2026-10-09T08:14:18.694Z
2026-10-09T08:22:42Z,MFG EV Power,442,Morrisons Taunton,1165,AVAILABLE,50.0,2026-10-08T15:54:19Z
2026-10-09T08:22:42Z,MFG EV Power,442,Morrisons Taunton,1170,AVAILABLE,50.0,2026-10-08T19:11:44Z
2026-10-09T08:22:42Z,MFG EV Power,601,MFG Taunton,3086,AVAILABLE,400.0,2026-10-08T16:58:38Z
2026-10-09T08:22:42Z,MFG EV Power,601,MFG Taunton,3087,AVAILABLE,400.0,2026-10-08T11:06:01Z
2026-10-09T08:22:42Z,MFG EV Power,601,MFG Taunton,3088,AVAILABLE,400.0,2026-10-08T19:40:02Z
2026-10-09T08:22:42Z,MFG EV Power,601,MFG Taunton,3089,CHARGING,400.0,2026-10-09T07:46:01.877Z
2026-10-09T08:22:42Z,MFG EV Power,601,MFG Taunton,3090,AVAILABLE,400.0,2026-10-08T23:11:26Z
2026-10-09T08:22:42Z,MFG EV Power,601,MFG Taunton,3091,AVAILABLE,400.0,2026-10-09T06:52:45.860Z
2026-10-09T08:22:42Z,MFG EV Power,601,MFG Taunton,3092,OUTOFORDER,400.0,2026-10-06T14:32:19Z
2026-10-09T08:22:42Z,MFG EV Power,601,MFG Taunton,3093,OUTOFORDER,400.0,2026-10-06T14:32:20Z
2026-10-09T08:40:05Z,MFG EV Power,77,MFG Taunton Deane,1989,AVAILABLE,150.0,2026-10-08T22:41:58Z
2026-10-09T08:40:05Z,MFG EV Power,77,MFG Taunton Deane,1990,AVAILABLE,50.0,2026-10-08T22:41:50Z
2026-10-09T08:40:05Z,MFG EV Power,77,MFG Taunton Deane,1992,AVAILABLE,50.0,2026-10-09T07:19:46.225Z
2026-10-09T08:40:05Z,MFG EV Power,77,MFG Taunton Deane,1993,AVAILABLE,150.0,2026-10-09T07:19:58.087Z
2026-10-09T08:40:05Z,MFG EV Power,77,MFG Taunton Deane,1988,AVAILABLE,50.0,2026-10-09T08:22:27.538Z
2026-10-09T08:40:05Z,MFG EV Power,77,MFG Taunton Deane,1996,AVAILABLE,150.0,2026-10-09T08:22:36.638Z
2026-10-09T08:40:05Z,MFG EV Power,77,MFG Taunton Deane,2003,AVAILABLE,50.0,2026-10-09T08:39:49.221Z
2026-10-09T08:40:05Z,MFG EV Power,77,MFG Taunton Deane,2005,CHARGING,150.0,2026-10-09T08:14:18.694Z
2026-10-09T08:40:05Z,MFG EV Power,442,Morrisons Taunton,1165,AVAILABLE,50.0,2026-10-08T15:54:19Z
2026-10-09T08:40:05Z,MFG EV Power,442,Morrisons Taunton,1170,AVAILABLE,50.0,2026-10-08T19:11:44Z
2026-10-09T08:40:05Z,MFG EV Power,601,MFG Taunton,3086,AVAILABLE,400.0,2026-10-08T16:58:38Z
2026-10-09T08:40:05Z,MFG EV Power,601,MFG Taunton,3087,AVAILABLE,400.0,2026-10-08T11:06:01Z
2026-10-09T08:40:05Z,MFG EV Power,601,MFG Taunton,3088,AVAILABLE,400.0,2026-10-08T19:40:02Z
2026-10-09T08:40:05Z,MFG EV Power,601,MFG Taunton,3089,AVAILABLE,400.0,2026-10-09T08:32:40.756Z
2026-10-09T08:40:05Z,MFG EV Power,601,MFG Taunton,3090,AVAILABLE,400.0,2026-10-08T23:11:26Z
2026-10-09T08:40:05Z,MFG EV Power,601,MFG Taunton,3091,AVAILABLE,400.0,2026-10-09T06:52:45.860Z
2026-10-09T08:40:05Z,MFG EV Power,601,MFG Taunton,3092,OUTOFORDER,400.0,2026-10-06T14:32:19Z
2026-10-09T08:40:05Z,MFG EV Power,601,MFG Taunton,3093,OUTOFORDER,400.0,2026-10-06T14:32:20Z
2026-10-09T08:55:12Z,MFG EV Power,77,MFG Taunton Deane,1989,AVAILABLE,150.0,2026-10-08T22:41:58Z
2026-10-09T08:55:12Z,MFG EV Power,77,MFG Taunton Deane,1990,AVAILABLE,50.0,2026-10-08T22:41:50Z
2026-10-09T08:55:12Z,MFG EV Power,77,MFG Taunton Deane,1992,INOPERATIVE,50.0,2026-10-09T08:49:33.725Z
2026-10-09T08:55:12Z,MFG EV Power,77,MFG Taunton Deane,1993,CHARGING,150.0,2026-10-09T08:49:51.516Z
2026-10-09T08:55:12Z,MFG EV Power,77,MFG Taunton Deane,1988,INOPERATIVE,50.0,2026-10-09T08:42:42.696Z
2026-10-09T08:55:12Z,MFG EV Power,77,MFG Taunton Deane,1996,CHARGING,150.0,2026-10-09T08:42:36.295Z
2026-10-09T08:55:12Z,MFG EV Power,77,MFG Taunton Deane,2003,AVAILABLE,50.0,2026-10-09T08:39:49.221Z
2026-10-09T08:55:12Z,MFG EV Power,77,MFG Taunton Deane,2005,AVAILABLE,150.0,2026-10-09T08:48:04.492Z
2026-10-09T08:55:12Z,MFG EV Power,442,Morrisons Taunton,1165,AVAILABLE,50.0,2026-10-08T15:54:19Z
2026-10-09T08:55:12Z,MFG EV Power,442,Morrisons Taunton,1170,AVAILABLE,50.0,2026-10-08T19:11:44Z
2026-10-09T08:55:12Z,MFG EV Power,601,MFG Taunton,3086,AVAILABLE,400.0,2026-10-08T16:58:38Z
2026-10-09T08:55:12Z,MFG EV Power,601,MFG Taunton,3087,AVAILABLE,400.0,2026-10-08T11:06:01Z
2026-10-09T08:55:12Z,MFG EV Power,601,MFG Taunton,3088,AVAILABLE,400.0,2026-10-08T19:40:02Z
2026-10-09T08:55:12Z,MFG EV Power,601,MFG Taunton,3089,AVAILABLE,400.0,2026-10-09T08:32:40.756Z
2026-10-09T08:55:12Z,MFG EV Power,601,MFG Taunton,3090,AVAILABLE,400.0,2026-10-08T23:11:26Z
2026-10-09T08:55:12Z,MFG EV Power,601,MFG Taunton,3091,AVAILABLE,400.0,2026-10-09T06:52:45.860Z
2026-10-09T08:55:12Z,MFG EV Power,601,MFG Taunton,3092,OUTOFORDER,400.0,2026-10-06T14:32:19Z
2026-10-09T08:55:12Z,MFG EV Power,601,MFG Taunton,3093,OUTOFORDER,400.0,2026-10-06T14:32:20Z
2026-10-09T09:05:52Z,MFG EV Power,77,MFG Taunton Deane,1989,CHARGING,150.0,2026-10-09T08:57:50.634Z
2026-10-09T09:05:52Z,MFG EV Power,77,MFG Taunton Deane,1990,AVAILABLE,50.0,2026-10-08T22:41:50Z
2026-10-09T09:05:52Z,MFG EV Power,77,MFG Taunton Deane,1992,INOPERATIVE,50.0,2026-10-09T08:49:33.725Z
2026-10-09T09:05:52Z,MFG EV Power,77,MFG Taunton Deane,1993,CHARGING,150.0,2026-10-09T08:49:51.516Z
2026-10-09T09:05:52Z,MFG EV Power,77,MFG Taunton Deane,1988,INOPERATIVE,50.0,2026-10-09T08:42:42.696Z
2026-10-09T09:05:52Z,MFG EV Power,77,MFG Taunton Deane,1996,CHARGING,150.0,2026-10-09T08:42:36.295Z
2026-10-09T09:05:52Z,MFG EV Power,77,MFG Taunton Deane,2003,AVAILABLE,50.0,2026-10-09T08:39:49.221Z
2026-10-09T09:05:52Z,MFG EV Power,77,MFG Taunton Deane,2005,AVAILABLE,150.0,2026-10-09T08:48:04.492Z
2026-10-09T09:05:52Z,MFG EV Power,442,Morrisons Taunton,1165,AVAILABLE,50.0,2026-10-08T15:54:19Z
2026-10-09T09:05:52Z,MFG EV Power,442,Morrisons Taunton,1170,AVAILABLE,50.0,2026-10-08T19:11:44Z
2026-10-09T09:05:52Z,MFG EV Power,601,MFG Taunton,3086,AVAILABLE,400.0,2026-10-08T16:58:38Z
2026-10-09T09:05:52Z,MFG EV Power,601,MFG Taunton,3087,AVAILABLE,400.0,2026-10-08T11:06:01Z
2026-10-09T09:05:52Z,MFG EV Power,601,MFG Taunton,3088,AVAILABLE,400.0,2026-10-08T19:40:02Z
2026-10-09T09:05:52Z,MFG EV Power,601,MFG Taunton,3089,AVAILABLE,400.0,2026-10-09T08:32:40.756Z
2026-10-09T09:05:52Z,MFG EV Power,601,MFG Taunton,3090,AVAILABLE,400.0,2026-10-08T23:11:26Z
2026-10-09T09:05:52Z,MFG EV Power,601,MFG Taunton,3091,AVAILABLE,400.0,2026-10-09T06:52:45.860Z
2026-10-09T09:05:52Z,MFG EV Power,601,MFG Taunton,3092,OUTOFORDER,400.0,2026-10-06T14:32:19Z
2026-10-09T09:05:52Z,MFG EV Power,601,MFG Taunton,3093,OUTOFORDER,400.0,2026-10-06T14:32:20Z
2026-10-09T09:24:22Z,MFG EV Power,77,MFG Taunton Deane,1989,CHARGING,150.0,2026-10-09T08:57:50.634Z
2026-10-09T09:24:22Z,MFG EV Power,77,MFG Taunton Deane,1990,AVAILABLE,50.0,2026-10-08T22:41:50Z
2026-10-09T09:24:22Z,MFG EV Power,77,MFG Taunton Deane,1992,AVAILABLE,50.0,2026-10-09T09:15:25.994Z
2026-10-09T09:24:22Z,MFG EV Power,77,MFG Taunton Deane,1993,AVAILABLE,150.0,2026-10-09T09:15:44.858Z
2026-10-09T09:24:22Z,MFG EV Power,77,MFG Taunton Deane,1988,AVAILABLE,50.0,2026-10-09T09:18:26.223Z
2026-10-09T09:24:22Z,MFG EV Power,77,MFG Taunton Deane,1996,AVAILABLE,150.0,2026-10-09T09:19:02.749Z
2026-10-09T09:24:22Z,MFG EV Power,77,MFG Taunton Deane,2003,INOPERATIVE,50.0,2026-10-09T09:12:29.348Z
2026-10-09T09:24:22Z,MFG EV Power,77,MFG Taunton Deane,2005,CHARGING,150.0,2026-10-09T09:12:10.959Z
2026-10-09T09:24:22Z,MFG EV Power,442,Morrisons Taunton,1165,AVAILABLE,50.0,2026-10-08T15:54:19Z
2026-10-09T09:24:22Z,MFG EV Power,442,Morrisons Taunton,1170,AVAILABLE,50.0,2026-10-08T19:11:44Z
2026-10-09T09:24:22Z,MFG EV Power,601,MFG Taunton,3086,AVAILABLE,400.0,2026-10-08T16:58:38Z
2026-10-09T09:24:22Z,MFG EV Power,601,MFG Taunton,3087,AVAILABLE,400.0,2026-10-08T11:06:01Z
2026-10-09T09:24:22Z,MFG EV Power,601,MFG Taunton,3088,AVAILABLE,400.0,2026-10-08T19:40:02Z
2026-10-09T09:24:22Z,MFG EV Power,601,MFG Taunton,3089,AVAILABLE,400.0,2026-10-09T08:32:40.756Z
2026-10-09T09:24:22Z,MFG EV Power,601,MFG Taunton,3090,AVAILABLE,400.0,2026-10-08T23:11:26Z
2026-10-09T09:24:22Z,MFG EV Power,601,MFG Taunton,3091,AVAILABLE,400.0,2026-10-09T06:52:45.860Z
2026-10-09T09:24:22Z,MFG EV Power,601,MFG Taunton,3092,OUTOFORDER,400.0,2026-10-06T14:32:19Z
2026-10-09T09:24:22Z,MFG EV Power,601,MFG Taunton,3093,OUTOFORDER,400.0,2026-10-06T14:32:20Z
2026-10-09T09:40:23Z,MFG EV Power,77,MFG Taunton Deane,1989,CHARGING,150.0,2026-10-09T08:57:50.634Z
2026-10-09T09:40:23Z,MFG EV Power,77,MFG Taunton Deane,1990,AVAILABLE,50.0,2026-10-08T22:41:50Z
2026-10-09T09:40:23Z,MFG EV Power,77,MFG Taunton Deane,1992,AVAILABLE,50.0,2026-10-09T09:15:25.994Z
2026-10-09T09:40:23Z,MFG EV Power,77,MFG Taunton Deane,1993,AVAILABLE,150.0,2026-10-09T09:15:44.858Z
2026-10-09T09:40:23Z,MFG EV Power,77,MFG Taunton Deane,1988,AVAILABLE,50.0,2026-10-09T09:18:26.223Z
2026-10-09T09:40:23Z,MFG EV Power,77,MFG Taunton Deane,1996,AVAILABLE,150.0,2026-10-09T09:19:02.749Z
2026-10-09T09:40:23Z,MFG EV Power,77,MFG Taunton Deane,2003,INOPERATIVE,50.0,2026-10-09T09:12:29.348Z
2026-10-09T09:40:23Z,MFG EV Power,77,MFG Taunton Deane,2005,CHARGING,150.0,2026-10-09T09:12:10.959Z
2026-10-09T09:40:23Z,MFG EV Power,442,Morrisons Taunton,1165,AVAILABLE,50.0,2026-10-08T15:54:19Z
2026-10-09T09:40:23Z,MFG EV Power,442,Morrisons Taunton,1170,AVAILABLE,50.0,2026-10-08T19:11:44Z
2026-10-09T09:40:23Z,MFG EV Power,601,MFG Taunton,3086,AVAILABLE,400.0,2026-10-08T16:58:38Z
2026-10-09T09:40:23Z,MFG EV Power,601,MFG Taunton,3087,AVAILABLE,400.0,2026-10-08T11:06:01Z
2026-10-09T09:40:23Z,MFG EV Power,601,MFG Taunton,3088,AVAILABLE,400.0,2026-10-08T19:40:02Z
2026-10-09T09:40:23Z,MFG EV Power,601,MFG Taunton,3089,AVAILABLE,400.0,2026-10-09T08:32:40.756Z
2026-10-09T09:40:23Z,MFG EV Power,601,MFG Taunton,3090,AVAILABLE,400.0,2026-10-08T23:11:26Z
2026-10-09T09:40:23Z,MFG EV Power,601,MFG Taunton,3091,AVAILABLE,400.0,2026-10-09T06:52:45.860Z
2026-10-09T09:40:23Z,MFG EV Power,601,MFG Taunton,3092,OUTOFORDER,400.0,2026-10-06T14:32:19Z
2026-10-09T09:40:23Z,MFG EV Power,601,MFG Taunton,3093,OUTOFORDER,400.0,2026-10-06T14:32:20Z
2026-10-09T09:55:30Z,MFG EV Power,77,MFG Taunton Deane,1989,CHARGING,150.0,2026-10-09T08:57:50.634Z
2026-10-09T09:55:30Z,MFG EV Power,77,MFG Taunton Deane,1990,AVAILABLE,50.0,2026-10-08T22:41:50Z
2026-10-09T09:55:30Z,MFG EV Power,77,MFG Taunton Deane,1992,INOPERATIVE,50.0,2026-10-09T09:53:55.973Z
2026-10-09T09:55:30Z,MFG EV Power,77,MFG Taunton Deane,1993,CHARGING,150.0,2026-10-09T09:54:15.017Z
2026-10-09T09:55:30Z,MFG EV Power,77,MFG Taunton Deane,1988,AVAILABLE,50.0,2026-10-09T09:18:26.223Z
2026-10-09T09:55:30Z,MFG EV Power,77,MFG Taunton Deane,1996,CHARGING,150.0,2026-10-09T09:55:02.230Z
2026-10-09T09:55:30Z,MFG EV Power,77,MFG Taunton Deane,2003,INOPERATIVE,50.0,2026-10-09T09:12:29.348Z
2026-10-09T09:55:30Z,MFG EV Power,77,MFG Taunton Deane,2005,INOPERATIVE,150.0,2026-10-09T09:52:42.940Z
2026-10-09T09:55:30Z,MFG EV Power,442,Morrisons Taunton,1165,AVAILABLE,50.0,2026-10-08T15:54:19Z
2026-10-09T09:55:30Z,MFG EV Power,442,Morrisons Taunton,1170,AVAILABLE,50.0,2026-10-08T19:11:44Z
2026-10-09T09:55:30Z,MFG EV Power,601,MFG Taunton,3086,AVAILABLE,400.0,2026-10-08T16:58:38Z
2026-10-09T09:55:30Z,MFG EV Power,601,MFG Taunton,3087,AVAILABLE,400.0,2026-10-08T11:06:01Z
2026-10-09T09:55:30Z,MFG EV Power,601,MFG Taunton,3088,AVAILABLE,400.0,2026-10-08T19:40:02Z
2026-10-09T09:55:30Z,MFG EV Power,601,MFG Taunton,3089,AVAILABLE,400.0,2026-10-09T08:32:40.756Z
2026-10-09T09:55:30Z,MFG EV Power,601,MFG Taunton,3090,AVAILABLE,400.0,2026-10-08T23:11:26Z
2026-10-09T09:55:30Z,MFG EV Power,601,MFG Taunton,3091,AVAILABLE,400.0,2026-10-09T06:52:45.860Z
2026-10-09T09:55:30Z,MFG EV Power,601,MFG Taunton,3092,OUTOFORDER,400.0,2026-10-06T14:32:19Z
2026-10-09T09:55:30Z,MFG EV Power,601,MFG Taunton,3093,OUTOFORDER,400.0,2026-10-06T14:32:20Z
2026-10-09T10:04:44Z,MFG EV Power,77,MFG Taunton Deane,1989,CHARGING,150.0,2026-10-09T08:57:50.634Z
2026-10-09T10:04:44Z,MFG EV Power,77,MFG Taunton Deane,1990,AVAILABLE,50.0,2026-10-08T22:41:50Z
2026-10-09T10:04:44Z,MFG EV Power,77,MFG Taunton Deane,1992,INOPERATIVE,50.0,2026-10-09T09:53:55.973Z
2026-10-09T10:04:44Z,MFG EV Power,77,MFG Taunton Deane,1993,CHARGING,150.0,2026-10-09T09:54:15.017Z
2026-10-09T10:04:44Z,MFG EV Power,77,MFG Taunton Deane,1988,AVAILABLE,50.0,2026-10-09T09:18:26.223Z
2026-10-09T10:04:44Z,MFG EV Power,77,MFG Taunton Deane,1996,CHARGING,150.0,2026-10-09T09:56:14.401Z
2026-10-09T10:04:44Z,MFG EV Power,77,MFG Taunton Deane,2003,INOPERATIVE,50.0,2026-10-09T09:12:29.348Z
2026-10-09T10:04:44Z,MFG EV Power,77,MFG Taunton Deane,2005,INOPERATIVE,150.0,2026-10-09T09:52:42.940Z
2026-10-09T10:04:44Z,MFG EV Power,442,Morrisons Taunton,1165,AVAILABLE,50.0,2026-10-08T15:54:19Z
2026-10-09T10:04:44Z,MFG EV Power,442,Morrisons Taunton,1170,AVAILABLE,50.0,2026-10-08T19:11:44Z
2026-10-09T10:04:44Z,MFG EV Power,601,MFG Taunton,3086,AVAILABLE,400.0,2026-10-08T16:58:38Z
2026-10-09T10:04:44Z,MFG EV Power,601,MFG Taunton,3087,AVAILABLE,400.0,2026-10-08T11:06:01Z
2026-10-09T10:04:44Z,MFG EV Power,601,MFG Taunton,3088,AVAILABLE,400.0,2026-10-08T19:40:02Z
2026-10-09T10:04:44Z,MFG EV Power,601,MFG Taunton,3089,AVAILABLE,400.0,2026-10-09T08:32:40.756Z
2026-10-09T10:04:44Z,MFG EV Power,601,MFG Taunton,3090,AVAILABLE,400.0,2026-10-08T23:11:26Z
2026-10-09T10:04:44Z,MFG EV Power,601,MFG Taunton,3091,AVAILABLE,400.0,2026-10-09T06:52:45.860Z
2026-10-09T10:04:44Z,MFG EV Power,601,MFG Taunton,3092,OUTOFORDER,400.0,2026-10-06T14:32:19Z
2026-10-09T10:04:44Z,MFG EV Power,601,MFG Taunton,3093,OUTOFORDER,400.0,2026-10-06T14:32:20Z
2026-10-09T10:23:44Z,MFG EV Power,77,MFG Taunton Deane,1989,CHARGING,150.0,2026-10-09T10:17:48.347Z
2026-10-09T10:23:44Z,MFG EV Power,77,MFG Taunton Deane,1990,INOPERATIVE,50.0,2026-10-09T10:17:30.792Z
2026-10-09T10:23:44Z,MFG EV Power,77,MFG Taunton Deane,1992,INOPERATIVE,50.0,2026-10-09T09:53:55.973Z
2026-10-09T10:23:44Z,MFG EV Power,77,MFG Taunton Deane,1993,CHARGING,150.0,2026-10-09T09:54:15.017Z
2026-10-09T10:23:44Z,MFG EV Power,77,MFG Taunton Deane,1988,INOPERATIVE,50.0,2026-10-09T10:18:07.859Z
2026-10-09T10:23:44Z,MFG EV Power,77,MFG Taunton Deane,1996,CHARGING,150.0,2026-10-09T10:17:49.471Z
2026-10-09T10:23:44Z,MFG EV Power,77,MFG Taunton Deane,2003,INOPERATIVE,50.0,2026-10-09T09:12:29.348Z
2026-10-09T10:23:44Z,MFG EV Power,77,MFG Taunton Deane,2005,CHARGING,150.0,2026-10-09T10:18:34.143Z
2026-10-09T10:23:44Z,MFG EV Power,442,Morrisons Taunton,1165,AVAILABLE,50.0,2026-10-08T15:54:19Z
2026-10-09T10:23:44Z,MFG EV Power,442,Morrisons Taunton,1170,AVAILABLE,50.0,2026-10-08T19:11:44Z
2026-10-09T10:23:44Z,MFG EV Power,601,MFG Taunton,3086,AVAILABLE,400.0,2026-10-08T16:58:38Z
2026-10-09T10:23:44Z,MFG EV Power,601,MFG Taunton,3087,AVAILABLE,400.0,2026-10-08T11:06:01Z
2026-10-09T10:23:44Z,MFG EV Power,601,MFG Taunton,3088,AVAILABLE,400.0,2026-10-08T19:40:02Z
2026-10-09T10:23:44Z,MFG EV Power,601,MFG Taunton,3089,AVAILABLE,400.0,2026-10-09T08:32:40.756Z
2026-10-09T10:23:44Z,MFG EV Power,601,MFG Taunton,3090,AVAILABLE,400.0,2026-10-08T23:11:26Z
2026-10-09T10:23:44Z,MFG EV Power,601,MFG Taunton,3091,AVAILABLE,400.0,2026-10-09T06:52:45.860Z
2026-10-09T10:23:44Z,MFG EV Power,601,MFG Taunton,3092,OUTOFORDER,400.0,2026-10-06T14:32:19Z
2026-10-09T10:23:44Z,MFG EV Power,601,MFG Taunton,3093,OUTOFORDER,400.0,2026-10-06T14:32:20Z
2026-10-09T10:39:44Z,MFG EV Power,77,MFG Taunton Deane,1989,CHARGING,150.0,2026-10-09T10:17:48.347Z
2026-10-09T10:39:44Z,MFG EV Power,77,MFG Taunton Deane,1990,INOPERATIVE,50.0,2026-10-09T10:17:30.792Z
2026-10-09T10:39:44Z,MFG EV Power,77,MFG Taunton Deane,1992,AVAILABLE,50.0,2026-10-09T10:37:44.496Z
2026-10-09T10:39:44Z,MFG EV Power,77,MFG Taunton Deane,1993,AVAILABLE,150.0,2026-10-09T10:37:48.245Z
2026-10-09T10:39:44Z,MFG EV Power,77,MFG Taunton Deane,1988,AVAILABLE,50.0,2026-10-09T10:28:10.800Z
2026-10-09T10:39:44Z,MFG EV Power,77,MFG Taunton Deane,1996,AVAILABLE,150.0,2026-10-09T10:28:13.105Z
2026-10-09T10:39:44Z,MFG EV Power,77,MFG Taunton Deane,2003,INOPERATIVE,50.0,2026-10-09T09:12:29.348Z
2026-10-09T10:39:44Z,MFG EV Power,77,MFG Taunton Deane,2005,CHARGING,150.0,2026-10-09T10:18:34.143Z
2026-10-09T10:39:44Z,MFG EV Power,442,Morrisons Taunton,1165,AVAILABLE,50.0,2026-10-08T15:54:19Z
2026-10-09T10:39:44Z,MFG EV Power,442,Morrisons Taunton,1170,AVAILABLE,50.0,2026-10-08T19:11:44Z
2026-10-09T10:39:44Z,MFG EV Power,601,MFG Taunton,3086,AVAILABLE,400.0,2026-10-08T16:58:38Z
2026-10-09T10:39:44Z,MFG EV Power,601,MFG Taunton,3087,AVAILABLE,400.0,2026-10-08T11:06:01Z
2026-10-09T10:39:44Z,MFG EV Power,601,MFG Taunton,3088,AVAILABLE,400.0,2026-10-08T19:40:02Z
2026-10-09T10:39:44Z,MFG EV Power,601,MFG Taunton,3089,AVAILABLE,400.0,2026-10-09T08:32:40.756Z
2026-10-09T10:39:44Z,MFG EV Power,601,MFG Taunton,3090,AVAILABLE,400.0,2026-10-08T23:11:26Z
2026-10-09T10:39:44Z,MFG EV Power,601,MFG Taunton,3091,AVAILABLE,400.0,2026-10-09T06:52:45.860Z
2026-10-09T10:39:44Z,MFG EV Power,601,MFG Taunton,3092,OUTOFORDER,400.0,2026-10-06T14:32:19Z
2026-10-09T10:39:44Z,MFG EV Power,601,MFG Taunton,3093,OUTOFORDER,400.0,2026-10-06T14:32:20Z
2026-10-09T10:54:17Z,MFG EV Power,77,MFG Taunton Deane,1989,CHARGING,150.0,2026-10-09T10:54:19.491Z
2026-10-09T10:54:17Z,MFG EV Power,77,MFG Taunton Deane,1990,INOPERATIVE,50.0,2026-10-09T10:54:01.186Z
2026-10-09T10:54:17Z,MFG EV Power,77,MFG Taunton Deane,1992,AVAILABLE,50.0,2026-10-09T10:37:44.496Z
2026-10-09T10:54:17Z,MFG EV Power,77,MFG Taunton Deane,1993,AVAILABLE,150.0,2026-10-09T10:37:48.245Z
2026-10-09T10:54:17Z,MFG EV Power,77,MFG Taunton Deane,1988,AVAILABLE,50.0,2026-10-09T10:28:10.800Z
2026-10-09T10:54:17Z,MFG EV Power,77,MFG Taunton Deane,1996,AVAILABLE,150.0,2026-10-09T10:28:13.105Z
2026-10-09T10:54:17Z,MFG EV Power,77,MFG Taunton Deane,2003,AVAILABLE,50.0,2026-10-09T10:49:43.838Z
2026-10-09T10:54:17Z,MFG EV Power,77,MFG Taunton Deane,2005,CHARGING,150.0,2026-10-09T10:49:35.568Z
2026-10-09T10:54:17Z,MFG EV Power,442,Morrisons Taunton,1165,AVAILABLE,50.0,2026-10-08T15:54:19Z
2026-10-09T10:54:17Z,MFG EV Power,442,Morrisons Taunton,1170,AVAILABLE,50.0,2026-10-08T19:11:44Z
2026-10-09T10:54:17Z,MFG EV Power,601,MFG Taunton,3086,AVAILABLE,400.0,2026-10-08T16:58:38Z
2026-10-09T10:54:17Z,MFG EV Power,601,MFG Taunton,3087,AVAILABLE,400.0,2026-10-08T11:06:01Z
2026-10-09T10:54:17Z,MFG EV Power,601,MFG Taunton,3088,AVAILABLE,400.0,2026-10-08T19:40:02Z
2026-10-09T10:54:17Z,MFG EV Power,601,MFG Taunton,3089,AVAILABLE,400.0,2026-10-09T08:32:40.756Z
2026-10-09T10:54:17Z,MFG EV Power,601,MFG Taunton,3090,AVAILABLE,400.0,2026-10-08T23:11:26Z
2026-10-09T10:54:17Z,MFG EV Power,601,MFG Taunton,3091,AVAILABLE,400.0,2026-10-09T06:52:45.860Z
2026-10-09T10:54:17Z,MFG EV Power,601,MFG Taunton,3092,OUTOFORDER,400.0,2026-10-06T14:32:19Z
2026-10-09T10:54:17Z,MFG EV Power,601,MFG Taunton,3093,OUTOFORDER,400.0,2026-10-06T14:32:20Z
2026-10-09T11:02:51Z,MFG EV Power,77,MFG Taunton Deane,1989,CHARGING,150.0,2026-10-09T10:54:19.491Z
2026-10-09T11:02:51Z,MFG EV Power,77,MFG Taunton Deane,1990,INOPERATIVE,50.0,2026-10-09T10:54:01.186Z
2026-10-09T11:02:51Z,MFG EV Power,77,MFG Taunton Deane,1992,AVAILABLE,50.0,2026-10-09T10:37:44.496Z
2026-10-09T11:02:51Z,MFG EV Power,77,MFG Taunton Deane,1993,AVAILABLE,150.0,2026-10-09T10:37:48.245Z
2026-10-09T11:02:51Z,MFG EV Power,77,MFG Taunton Deane,1988,AVAILABLE,50.0,2026-10-09T10:28:10.800Z
2026-10-09T11:02:51Z,MFG EV Power,77,MFG Taunton Deane,1996,AVAILABLE,150.0,2026-10-09T10:28:13.105Z
2026-10-09T11:02:51Z,MFG EV Power,77,MFG Taunton Deane,2003,AVAILABLE,50.0,2026-10-09T10:49:43.838Z
2026-10-09T11:02:51Z,MFG EV Power,77,MFG Taunton Deane,2005,CHARGING,150.0,2026-10-09T10:49:35.568Z
2026-10-09T11:02:51Z,MFG EV Power,442,Morrisons Taunton,1165,AVAILABLE,50.0,2026-10-08T15:54:19Z
2026-10-09T11:02:51Z,MFG EV Power,442,Morrisons Taunton,1170,AVAILABLE,50.0,2026-10-08T19:11:44Z
2026-10-09T11:02:51Z,MFG EV Power,601,MFG Taunton,3086,AVAILABLE,400.0,2026-10-08T16:58:38Z
2026-10-09T11:02:51Z,MFG EV Power,601,MFG Taunton,3087,AVAILABLE,400.0,2026-10-08T11:06:01Z
2026-10-09T11:02:51Z,MFG EV Power,601,MFG Taunton,3088,AVAILABLE,400.0,2026-10-08T19:40:02Z
2026-10-09T11:02:51Z,MFG EV Power,601,MFG Taunton,3089,AVAILABLE,400.0,2026-10-09T08:32:40.756Z
2026-10-09T11:02:51Z,MFG EV Power,601,MFG Taunton,3090,AVAILABLE,400.0,2026-10-08T23:11:26Z
2026-10-09T11:02:51Z,MFG EV Power,601,MFG Taunton,3091,AVAILABLE,400.0,2026-10-09T06:52:45.860Z
2026-10-09T11:02:51Z,MFG EV Power,601,MFG Taunton,3092,OUTOFORDER,400.0,2026-10-06T14:32:19Z
2026-10-09T11:02:51Z,MFG EV Power,601,MFG Taunton,3093,OUTOFORDER,400.0,2026-10-06T14:32:20Z
2026-10-09T11:19:11Z,MFG EV Power,77,MFG Taunton Deane,1989,CHARGING,150.0,2026-10-09T10:54:19.491Z
2026-10-09T11:19:11Z,MFG EV Power,77,MFG Taunton Deane,1990,INOPERATIVE,50.0,2026-10-09T10:54:01.186Z
2026-10-09T11:19:11Z,MFG EV Power,77,MFG Taunton Deane,1992,AVAILABLE,50.0,2026-10-09T10:37:44.496Z
2026-10-09T11:19:11Z,MFG EV Power,77,MFG Taunton Deane,1993,CHARGING,150.0,2026-10-09T11:19:09.080Z
2026-10-09T11:19:11Z,MFG EV Power,77,MFG Taunton Deane,1988,AVAILABLE,50.0,2026-10-09T10:28:10.800Z
2026-10-09T11:19:11Z,MFG EV Power,77,MFG Taunton Deane,1996,AVAILABLE,150.0,2026-10-09T10:28:13.105Z
2026-10-09T11:19:11Z,MFG EV Power,77,MFG Taunton Deane,2003,INOPERATIVE,50.0,2026-10-09T11:18:00.433Z
2026-10-09T11:19:11Z,MFG EV Power,77,MFG Taunton Deane,2005,AVAILABLE,150.0,2026-10-09T11:16:13.340Z
2026-10-09T11:19:11Z,MFG EV Power,442,Morrisons Taunton,1165,AVAILABLE,50.0,2026-10-08T15:54:19Z
2026-10-09T11:19:11Z,MFG EV Power,442,Morrisons Taunton,1170,AVAILABLE,50.0,2026-10-08T19:11:44Z
2026-10-09T11:19:11Z,MFG EV Power,601,MFG Taunton,3086,CHARGING,400.0,2026-10-09T11:12:31.988Z
2026-10-09T11:19:11Z,MFG EV Power,601,MFG Taunton,3087,AVAILABLE,400.0,2026-10-08T11:06:01Z
2026-10-09T11:19:11Z,MFG EV Power,601,MFG Taunton,3088,AVAILABLE,400.0,2026-10-08T19:40:02Z
2026-10-09T11:19:11Z,MFG EV Power,601,MFG Taunton,3089,AVAILABLE,400.0,2026-10-09T08:32:40.756Z
2026-10-09T11:19:11Z,MFG EV Power,601,MFG Taunton,3090,AVAILABLE,400.0,2026-10-08T23:11:26Z
2026-10-09T11:19:11Z,MFG EV Power,601,MFG Taunton,3091,AVAILABLE,400.0,2026-10-09T06:52:45.860Z
2026-10-09T11:19:11Z,MFG EV Power,601,MFG Taunton,3092,OUTOFORDER,400.0,2026-10-06T14:32:19Z
2026-10-09T11:19:11Z,MFG EV Power,601,MFG Taunton,3093,OUTOFORDER,400.0,2026-10-06T14:32:20Z
2026-10-09T11:33:46Z,MFG EV Power,77,MFG Taunton Deane,1989,CHARGING,150.0,2026-10-09T10:54:19.491Z
2026-10-09T11:33:46Z,MFG EV Power,77,MFG Taunton Deane,1990,INOPERATIVE,50.0,2026-10-09T10:54:01.186Z
2026-10-09T11:33:46Z,MFG EV Power,77,MFG Taunton Deane,1992,INOPERATIVE,50.0,2026-10-09T11:21:19.854Z
2026-10-09T11:33:46Z,MFG EV Power,77,MFG Taunton Deane,1993,CHARGING,150.0,2026-10-09T11:21:04.982Z
2026-10-09T11:33:46Z,MFG EV Power,77,MFG Taunton Deane,1988,AVAILABLE,50.0,2026-10-09T10:28:10.800Z
2026-10-09T11:33:46Z,MFG EV Power,77,MFG Taunton Deane,1996,AVAILABLE,150.0,2026-10-09T10:28:13.105Z
2026-10-09T11:33:46Z,MFG EV Power,77,MFG Taunton Deane,2003,INOPERATIVE,50.0,2026-10-09T11:18:00.433Z
2026-10-09T11:33:46Z,MFG EV Power,77,MFG Taunton Deane,2005,AVAILABLE,150.0,2026-10-09T11:16:13.340Z
2026-10-09T11:33:46Z,MFG EV Power,442,Morrisons Taunton,1165,AVAILABLE,50.0,2026-10-08T15:54:19Z
2026-10-09T11:33:46Z,MFG EV Power,442,Morrisons Taunton,1170,AVAILABLE,50.0,2026-10-08T19:11:44Z
2026-10-09T11:33:46Z,MFG EV Power,601,MFG Taunton,3086,CHARGING,400.0,2026-10-09T11:12:31.988Z
2026-10-09T11:33:46Z,MFG EV Power,601,MFG Taunton,3087,AVAILABLE,400.0,2026-10-08T11:06:01Z
2026-10-09T11:33:46Z,MFG EV Power,601,MFG Taunton,3088,AVAILABLE,400.0,2026-10-08T19:40:02Z
2026-10-09T11:33:46Z,MFG EV Power,601,MFG Taunton,3089,AVAILABLE,400.0,2026-10-09T08:32:40.756Z
2026-10-09T11:33:46Z,MFG EV Power,601,MFG Taunton,3090,AVAILABLE,400.0,2026-10-08T23:11:26Z
2026-10-09T11:33:46Z,MFG EV Power,601,MFG Taunton,3091,AVAILABLE,400.0,2026-10-09T06:52:45.860Z
2026-10-09T11:33:46Z,MFG EV Power,601,MFG Taunton,3092,OUTOFORDER,400.0,2026-10-06T14:32:19Z
2026-10-09T11:33:46Z,MFG EV Power,601,MFG Taunton,3093,OUTOFORDER,400.0,2026-10-06T14:32:20Z
2026-10-09T11:48:37Z,MFG EV Power,77,MFG Taunton Deane,1989,CHARGING,150.0,2026-10-09T10:54:19.491Z
2026-10-09T11:48:37Z,MFG EV Power,77,MFG Taunton Deane,1990,INOPERATIVE,50.0,2026-10-09T10:54:01.186Z
2026-10-09T11:48:37Z,MFG EV Power,77,MFG Taunton Deane,1992,INOPERATIVE,50.0,2026-10-09T11:21:19.854Z
2026-10-09T11:48:37Z,MFG EV Power,77,MFG Taunton Deane,1993,CHARGING,150.0,2026-10-09T11:21:04.982Z
2026-10-09T11:48:37Z,MFG EV Power,77,MFG Taunton Deane,1988,INOPERATIVE,50.0,2026-10-09T11:34:59.312Z
2026-10-09T11:48:37Z,MFG EV Power,77,MFG Taunton Deane,1996,CHARGING,150.0,2026-10-09T11:35:17.468Z
2026-10-09T11:48:37Z,MFG EV Power,77,MFG Taunton Deane,2003,INOPERATIVE,50.0,2026-10-09T11:18:00.433Z
2026-10-09T11:48:37Z,MFG EV Power,77,MFG Taunton Deane,2005,AVAILABLE,150.0,2026-10-09T11:16:13.340Z
2026-10-09T11:48:37Z,MFG EV Power,442,Morrisons Taunton,1165,AVAILABLE,50.0,2026-10-08T15:54:19Z
2026-10-09T11:48:37Z,MFG EV Power,442,Morrisons Taunton,1170,AVAILABLE,50.0,2026-10-08T19:11:44Z
2026-10-09T11:48:37Z,MFG EV Power,601,MFG Taunton,3086,CHARGING,400.0,2026-10-09T11:12:31.988Z
2026-10-09T11:48:37Z,MFG EV Power,601,MFG Taunton,3087,AVAILABLE,400.0,2026-10-08T11:06:01Z
2026-10-09T11:48:37Z,MFG EV Power,601,MFG Taunton,3088,AVAILABLE,400.0,2026-10-08T19:40:02Z
2026-10-09T11:48:37Z,MFG EV Power,601,MFG Taunton,3089,AVAILABLE,400.0,2026-10-09T08:32:40.756Z
2026-10-09T11:48:37Z,MFG EV Power,601,MFG Taunton,3090,CHARGING,400.0,2026-10-09T11:45:22.512Z
2026-10-09T11:48:37Z,MFG EV Power,601,MFG Taunton,3091,AVAILABLE,400.0,2026-10-09T06:52:45.860Z
2026-10-09T11:48:37Z,MFG EV Power,601,MFG Taunton,3092,OUTOFORDER,400.0,2026-10-06T14:32:19Z
2026-10-09T11:48:37Z,MFG EV Power,601,MFG Taunton,3093,OUTOFORDER,400.0,2026-10-06T14:32:20Z
2026-10-09T11:59:49Z,MFG EV Power,77,MFG Taunton Deane,1989,CHARGING,150.0,2026-10-09T11:53:01.907Z
2026-10-09T11:59:49Z,MFG EV Power,77,MFG Taunton Deane,1990,AVAILABLE,50.0,2026-10-09T11:53:05.046Z
2026-10-09T11:59:49Z,MFG EV Power,77,MFG Taunton Deane,1992,INOPERATIVE,50.0,2026-10-09T11:21:19.854Z
2026-10-09T11:59:49Z,MFG EV Power,77,MFG Taunton Deane,1993,CHARGING,150.0,2026-10-09T11:21:04.982Z
2026-10-09T11:59:49Z,MFG EV Power,77,MFG Taunton Deane,1988,AVAILABLE,50.0,2026-10-09T11:58:48.671Z
2026-10-09T11:59:49Z,MFG EV Power,77,MFG Taunton Deane,1996,CHARGING,150.0,2026-10-09T11:35:17.468Z
2026-10-09T11:59:49Z,MFG EV Power,77,MFG Taunton Deane,2003,AVAILABLE,50.0,2026-10-09T11:57:31.018Z
2026-10-09T11:59:49Z,MFG EV Power,77,MFG Taunton Deane,2005,AVAILABLE,150.0,2026-10-09T11:58:22.525Z
2026-10-09T11:59:49Z,MFG EV Power,442,Morrisons Taunton,1165,AVAILABLE,50.0,2026-10-08T15:54:19Z
2026-10-09T11:59:49Z,MFG EV Power,442,Morrisons Taunton,1170,AVAILABLE,50.0,2026-10-08T19:11:44Z
2026-10-09T11:59:49Z,MFG EV Power,601,MFG Taunton,3086,AVAILABLE,400.0,2026-10-09T11:55:09.764Z
2026-10-09T11:59:49Z,MFG EV Power,601,MFG Taunton,3087,AVAILABLE,400.0,2026-10-08T11:06:01Z
2026-10-09T11:59:49Z,MFG EV Power,601,MFG Taunton,3088,CHARGING,400.0,2026-10-09T11:58:27.051Z
2026-10-09T11:59:49Z,MFG EV Power,601,MFG Taunton,3089,AVAILABLE,400.0,2026-10-09T08:32:40.756Z
2026-10-09T11:59:49Z,MFG EV Power,601,MFG Taunton,3090,AVAILABLE,400.0,2026-10-09T11:52:10.377Z
2026-10-09T11:59:49Z,MFG EV Power,601,MFG Taunton,3091,AVAILABLE,400.0,2026-10-09T11:52:38.444Z
2026-10-09T11:59:49Z,MFG EV Power,601,MFG Taunton,3092,OUTOFORDER,400.0,2026-10-06T14:32:19Z
2026-10-09T11:59:49Z,MFG EV Power,601,MFG Taunton,3093,OUTOFORDER,400.0,2026-10-06T14:32:20Z
2026-10-09T12:16:09Z,MFG EV Power,77,MFG Taunton Deane,1989,AVAILABLE,150.0,2026-10-09T12:13:20.887Z
2026-10-09T12:16:09Z,MFG EV Power,77,MFG Taunton Deane,1990,AVAILABLE,50.0,2026-10-09T11:53:05.046Z
2026-10-09T12:16:09Z,MFG EV Power,77,MFG Taunton Deane,1992,AVAILABLE,50.0,2026-10-09T12:10:11.730Z
2026-10-09T12:16:09Z,MFG EV Power,77,MFG Taunton Deane,1993,AVAILABLE,150.0,2026-10-09T12:10:19.183Z
2026-10-09T12:16:09Z,MFG EV Power,77,MFG Taunton Deane,1988,INOPERATIVE,50.0,2026-10-09T12:08:22.195Z
2026-10-09T12:16:09Z,MFG EV Power,77,MFG Taunton Deane,1996,CHARGING,150.0,2026-10-09T12:08:38.851Z
2026-10-09T12:16:09Z,MFG EV Power,77,MFG Taunton Deane,2003,AVAILABLE,50.0,2026-10-09T11:57:31.018Z
2026-10-09T12:16:09Z,MFG EV Power,77,MFG Taunton Deane,2005,AVAILABLE,150.0,2026-10-09T11:58:22.525Z
2026-10-09T12:16:09Z,MFG EV Power,442,Morrisons Taunton,1165,AVAILABLE,50.0,2026-10-08T15:54:19Z
2026-10-09T12:16:09Z,MFG EV Power,442,Morrisons Taunton,1170,AVAILABLE,50.0,2026-10-08T19:11:44Z
2026-10-09T12:16:09Z,MFG EV Power,601,MFG Taunton,3086,AVAILABLE,400.0,2026-10-09T11:55:09.764Z
2026-10-09T12:16:09Z,MFG EV Power,601,MFG Taunton,3087,AVAILABLE,400.0,2026-10-08T11:06:01Z
2026-10-09T12:16:09Z,MFG EV Power,601,MFG Taunton,3088,CHARGING,400.0,2026-10-09T11:58:27.051Z
2026-10-09T12:16:09Z,MFG EV Power,601,MFG Taunton,3089,AVAILABLE,400.0,2026-10-09T08:32:40.756Z
2026-10-09T12:16:09Z,MFG EV Power,601,MFG Taunton,3090,AVAILABLE,400.0,2026-10-09T11:52:10.377Z
2026-10-09T12:16:09Z,MFG EV Power,601,MFG Taunton,3091,AVAILABLE,400.0,2026-10-09T11:52:38.444Z
2026-10-09T12:16:09Z,MFG EV Power,601,MFG Taunton,3092,OUTOFORDER,400.0,2026-10-06T14:32:19Z
2026-10-09T12:16:09Z,MFG EV Power,601,MFG Taunton,3093,OUTOFORDER,400.0,2026-10-06T14:32:20Z
2026-10-09T12:37:55Z,MFG EV Power,77,MFG Taunton Deane,1989,CHARGING,150.0,2026-10-09T12:23:38.603Z
2026-10-09T12:37:55Z,MFG EV Power,77,MFG Taunton Deane,1990,INOPERATIVE,50.0,2026-10-09T12:23:21.169Z
2026-10-09T12:37:55Z,MFG EV Power,77,MFG Taunton Deane,1992,AVAILABLE,50.0,2026-10-09T12:10:11.730Z
2026-10-09T12:37:55Z,MFG EV Power,77,MFG Taunton Deane,1993,AVAILABLE,150.0,2026-10-09T12:10:19.183Z
2026-10-09T12:37:55Z,MFG EV Power,77,MFG Taunton Deane,1988,INOPERATIVE,50.0,2026-10-09T12:08:22.195Z
2026-10-09T12:37:55Z,MFG EV Power,77,MFG Taunton Deane,1996,CHARGING,150.0,2026-10-09T12:08:38.851Z
2026-10-09T12:37:55Z,MFG EV Power,77,MFG Taunton Deane,2003,INOPERATIVE,50.0,2026-10-09T12:17:38.576Z
2026-10-09T12:37:55Z,MFG EV Power,77,MFG Taunton Deane,2005,AVAILABLE,150.0,2026-10-09T11:58:22.525Z
2026-10-09T12:37:55Z,MFG EV Power,442,Morrisons Taunton,1165,AVAILABLE,50.0,2026-10-08T15:54:19Z
2026-10-09T12:37:55Z,MFG EV Power,442,Morrisons Taunton,1170,AVAILABLE,50.0,2026-10-08T19:11:44Z
2026-10-09T12:37:55Z,MFG EV Power,601,MFG Taunton,3086,AVAILABLE,400.0,2026-10-09T11:55:09.764Z
2026-10-09T12:37:55Z,MFG EV Power,601,MFG Taunton,3087,AVAILABLE,400.0,2026-10-08T11:06:01Z
2026-10-09T12:37:55Z,MFG EV Power,601,MFG Taunton,3088,CHARGING,400.0,2026-10-09T11:58:27.051Z
2026-10-09T12:37:55Z,MFG EV Power,601,MFG Taunton,3089,AVAILABLE,400.0,2026-10-09T08:32:40.756Z
2026-10-09T12:37:55Z,MFG EV Power,601,MFG Taunton,3090,AVAILABLE,400.0,2026-10-09T11:52:10.377Z
2026-10-09T12:37:55Z,MFG EV Power,601,MFG Taunton,3091,AVAILABLE,400.0,2026-10-09T11:52:38.444Z
2026-10-09T12:37:55Z,MFG EV Power,601,MFG Taunton,3092,OUTOFORDER,400.0,2026-10-06T14:32:19Z
2026-10-09T12:37:55Z,MFG EV Power,601,MFG Taunton,3093,OUTOFORDER,400.0,2026-10-06T14:32:20Z
2026-10-09T12:57:45Z,MFG EV Power,77,MFG Taunton Deane,1989,CHARGING,150.0,2026-10-09T12:23:38.603Z
2026-10-09T12:57:45Z,MFG EV Power,77,MFG Taunton Deane,1990,INOPERATIVE,50.0,2026-10-09T12:23:21.169Z
2026-10-09T12:57:45Z,MFG EV Power,77,MFG Taunton Deane,1992,INOPERATIVE,50.0,2026-10-09T12:48:41.018Z
2026-10-09T12:57:45Z,MFG EV Power,77,MFG Taunton Deane,1993,CHARGING,150.0,2026-10-09T12:48:22.096Z
2026-10-09T12:57:45Z,MFG EV Power,77,MFG Taunton Deane,1988,INOPERATIVE,50.0,2026-10-09T12:08:22.195Z
2026-10-09T12:57:45Z,MFG EV Power,77,MFG Taunton Deane,1996,CHARGING,150.0,2026-10-09T12:08:38.851Z
2026-10-09T12:57:45Z,MFG EV Power,77,MFG Taunton Deane,2003,INOPERATIVE,50.0,2026-10-09T12:54:47.877Z
2026-10-09T12:57:45Z,MFG EV Power,77,MFG Taunton Deane,2005,INOPERATIVE,150.0,2026-10-09T12:52:11.578Z
2026-10-09T12:57:45Z,MFG EV Power,442,Morrisons Taunton,1165,AVAILABLE,50.0,2026-10-08T15:54:19Z
2026-10-09T12:57:45Z,MFG EV Power,442,Morrisons Taunton,1170,AVAILABLE,50.0,2026-10-08T19:11:44Z
2026-10-09T12:57:45Z,MFG EV Power,601,MFG Taunton,3086,AVAILABLE,400.0,2026-10-09T11:55:09.764Z
2026-10-09T12:57:45Z,MFG EV Power,601,MFG Taunton,3087,AVAILABLE,400.0,2026-10-08T11:06:01Z
2026-10-09T12:57:45Z,MFG EV Power,601,MFG Taunton,3088,CHARGING,400.0,2026-10-09T11:58:27.051Z
2026-10-09T12:57:45Z,MFG EV Power,601,MFG Taunton,3089,AVAILABLE,400.0,2026-10-09T08:32:40.756Z
2026-10-09T12:57:45Z,MFG EV Power,601,MFG Taunton,3090,AVAILABLE,400.0,2026-10-09T11:52:10.377Z
2026-10-09T12:57:45Z,MFG EV Power,601,MFG Taunton,3091,AVAILABLE,400.0,2026-10-09T11:52:38.444Z
2026-10-09T12:57:45Z,MFG EV Power,601,MFG Taunton,3092,OUTOFORDER,400.0,2026-10-06T14:32:19Z
2026-10-09T12:57:45Z,MFG EV Power,601,MFG Taunton,3093,OUTOFORDER,400.0,2026-10-06T14:32:20Z
2026-10-09T13:12:39Z,MFG EV Power,77,MFG Taunton Deane,1989,CHARGING,150.0,2026-10-09T13:04:11.514Z
2026-10-09T13:12:39Z,MFG EV Power,77,MFG Taunton Deane,1990,INOPERATIVE,50.0,2026-10-09T13:03:51.679Z
2026-10-09T13:12:39Z,MFG EV Power,77,MFG Taunton Deane,1992,AVAILABLE,50.0,2026-10-09T13:05:10.238Z
2026-10-09T13:12:39Z,MFG EV Power,77,MFG Taunton Deane,1993,CHARGING,150.0,2026-10-09T13:12:37.255Z
2026-10-09T13:12:39Z,MFG EV Power,77,MFG Taunton Deane,1988,INOPERATIVE,50.0,2026-10-09T12:08:22.195Z
2026-10-09T13:12:39Z,MFG EV Power,77,MFG Taunton Deane,1996,AVAILABLE,150.0,2026-10-09T13:12:47.238Z
2026-10-09T13:12:39Z,MFG EV Power,77,MFG Taunton Deane,2003,INOPERATIVE,50.0,2026-10-09T12:54:47.877Z
2026-10-09T13:12:39Z,MFG EV Power,77,MFG Taunton Deane,2005,INOPERATIVE,150.0,2026-10-09T12:52:11.578Z
2026-10-09T13:12:39Z,MFG EV Power,442,Morrisons Taunton,1165,AVAILABLE,50.0,2026-10-08T15:54:19Z
2026-10-09T13:12:39Z,MFG EV Power,442,Morrisons Taunton,1170,AVAILABLE,50.0,2026-10-08T19:11:44Z
2026-10-09T13:12:39Z,MFG EV Power,601,MFG Taunton,3086,AVAILABLE,400.0,2026-10-09T11:55:09.764Z
2026-10-09T13:12:39Z,MFG EV Power,601,MFG Taunton,3087,AVAILABLE,400.0,2026-10-08T11:06:01Z
2026-10-09T13:12:39Z,MFG EV Power,601,MFG Taunton,3088,CHARGING,400.0,2026-10-09T11:58:27.051Z
2026-10-09T13:12:39Z,MFG EV Power,601,MFG Taunton,3089,CHARGING,400.0,2026-10-09T13:01:49.371Z
2026-10-09T13:12:39Z,MFG EV Power,601,MFG Taunton,3090,AVAILABLE,400.0,2026-10-09T11:52:10.377Z
2026-10-09T13:12:39Z,MFG EV Power,601,MFG Taunton,3091,CHARGING,400.0,2026-10-09T13:07:36.941Z
2026-10-09T13:12:39Z,MFG EV Power,601,MFG Taunton,3092,OUTOFORDER,400.0,2026-10-06T14:32:19Z
2026-10-09T13:12:39Z,MFG EV Power,601,MFG Taunton,3093,OUTOFORDER,400.0,2026-10-06T14:32:20Z
2026-10-09T13:32:24Z,MFG EV Power,77,MFG Taunton Deane,1989,CHARGING,150.0,2026-10-09T13:04:11.514Z
2026-10-09T13:32:24Z,MFG EV Power,77,MFG Taunton Deane,1990,INOPERATIVE,50.0,2026-10-09T13:03:51.679Z
2026-10-09T13:32:24Z,MFG EV Power,77,MFG Taunton Deane,1992,AVAILABLE,50.0,2026-10-09T13:05:10.238Z
2026-10-09T13:32:24Z,MFG EV Power,77,MFG Taunton Deane,1993,CHARGING,150.0,2026-10-09T13:13:09.345Z
2026-10-09T13:32:24Z,MFG EV Power,77,MFG Taunton Deane,1988,INOPERATIVE,50.0,2026-10-09T12:08:22.195Z
2026-10-09T13:32:24Z,MFG EV Power,77,MFG Taunton Deane,1996,CHARGING,150.0,2026-10-09T13:18:46.387Z
2026-10-09T13:32:24Z,MFG EV Power,77,MFG Taunton Deane,2003,INOPERATIVE,50.0,2026-10-09T12:54:47.877Z
2026-10-09T13:32:24Z,MFG EV Power,77,MFG Taunton Deane,2005,INOPERATIVE,150.0,2026-10-09T12:52:11.578Z
2026-10-09T13:32:24Z,MFG EV Power,442,Morrisons Taunton,1165,AVAILABLE,50.0,2026-10-08T15:54:19Z
2026-10-09T13:32:24Z,MFG EV Power,442,Morrisons Taunton,1170,AVAILABLE,50.0,2026-10-08T19:11:44Z
2026-10-09T13:32:24Z,MFG EV Power,601,MFG Taunton,3086,AVAILABLE,400.0,2026-10-09T11:55:09.764Z
2026-10-09T13:32:24Z,MFG EV Power,601,MFG Taunton,3087,AVAILABLE,400.0,2026-10-08T11:06:01Z
2026-10-09T13:32:24Z,MFG EV Power,601,MFG Taunton,3088,CHARGING,400.0,2026-10-09T11:58:27.051Z
2026-10-09T13:32:24Z,MFG EV Power,601,MFG Taunton,3089,CHARGING,400.0,2026-10-09T13:01:49.371Z
2026-10-09T13:32:24Z,MFG EV Power,601,MFG Taunton,3090,AVAILABLE,400.0,2026-10-09T11:52:10.377Z
2026-10-09T13:32:24Z,MFG EV Power,601,MFG Taunton,3091,CHARGING,400.0,2026-10-09T13:07:36.941Z
2026-10-09T13:32:24Z,MFG EV Power,601,MFG Taunton,3092,OUTOFORDER,400.0,2026-10-06T14:32:19Z
2026-10-09T13:32:24Z,MFG EV Power,601,MFG Taunton,3093,OUTOFORDER,400.0,2026-10-06T14:32:20Z
2026-10-09T13:50:32Z,MFG EV Power,77,MFG Taunton Deane,1989,AVAILABLE,150.0,2026-10-09T13:40:20.282Z
2026-10-09T13:50:32Z,MFG EV Power,77,MFG Taunton Deane,1990,INOPERATIVE,50.0,2026-10-09T13:03:51.679Z
2026-10-09T13:50:32Z,MFG EV Power,77,MFG Taunton Deane,1992,AVAILABLE,50.0,2026-10-09T13:05:10.238Z
2026-10-09T13:50:32Z,MFG EV Power,77,MFG Taunton Deane,1993,CHARGING,150.0,2026-10-09T13:13:09.345Z
2026-10-09T13:50:32Z,MFG EV Power,77,MFG Taunton Deane,1988,INOPERATIVE,50.0,2026-10-09T12:08:22.195Z
2026-10-09T13:50:32Z,MFG EV Power,77,MFG Taunton Deane,1996,AVAILABLE,150.0,2026-10-09T13:40:19.870Z
2026-10-09T13:50:32Z,MFG EV Power,77,MFG Taunton Deane,2003,INOPERATIVE,50.0,2026-10-09T12:54:47.877Z
2026-10-09T13:50:32Z,MFG EV Power,77,MFG Taunton Deane,2005,CHARGING,150.0,2026-10-09T13:41:04.091Z
2026-10-09T13:50:32Z,MFG EV Power,442,Morrisons Taunton,1165,AVAILABLE,50.0,2026-10-08T15:54:19Z
2026-10-09T13:50:32Z,MFG EV Power,442,Morrisons Taunton,1170,AVAILABLE,50.0,2026-10-08T19:11:44Z
2026-10-09T13:50:32Z,MFG EV Power,601,MFG Taunton,3086,AVAILABLE,400.0,2026-10-09T11:55:09.764Z
2026-10-09T13:50:32Z,MFG EV Power,601,MFG Taunton,3087,AVAILABLE,400.0,2026-10-08T11:06:01Z
2026-10-09T13:50:32Z,MFG EV Power,601,MFG Taunton,3088,CHARGING,400.0,2026-10-09T11:58:27.051Z
2026-10-09T13:50:32Z,MFG EV Power,601,MFG Taunton,3089,CHARGING,400.0,2026-10-09T13:01:49.371Z
2026-10-09T13:50:32Z,MFG EV Power,601,MFG Taunton,3090,AVAILABLE,400.0,2026-10-09T11:52:10.377Z
2026-10-09T13:50:32Z,MFG EV Power,601,MFG Taunton,3091,CHARGING,400.0,2026-10-09T13:07:36.941Z
2026-10-09T13:50:32Z,MFG EV Power,601,MFG Taunton,3092,OUTOFORDER,400.0,2026-10-06T14:32:19Z
2026-10-09T13:50:32Z,MFG EV Power,601,MFG Taunton,3093,OUTOFORDER,400.0,2026-10-06T14:32:20Z
2026-10-09T14:03:20Z,MFG EV Power,77,MFG Taunton Deane,1989,AVAILABLE,150.0,2026-10-09T13:40:20.282Z
2026-10-09T14:03:20Z,MFG EV Power,77,MFG Taunton Deane,1990,INOPERATIVE,50.0,2026-10-09T13:03:51.679Z
2026-10-09T14:03:20Z,MFG EV Power,77,MFG Taunton Deane,1992,AVAILABLE,50.0,2026-10-09T13:51:21.531Z
2026-10-09T14:03:20Z,MFG EV Power,77,MFG Taunton Deane,1993,INOPERATIVE,150.0,2026-10-09T13:51:21.948Z
2026-10-09T14:03:20Z,MFG EV Power,77,MFG Taunton Deane,1988,INOPERATIVE,50.0,2026-10-09T12:08:22.195Z
2026-10-09T14:03:20Z,MFG EV Power,77,MFG Taunton Deane,1996,AVAILABLE,150.0,2026-10-09T13:40:19.870Z
2026-10-09T14:03:20Z,MFG EV Power,77,MFG Taunton Deane,2003,AVAILABLE,50.0,2026-10-09T14:03:04.817Z
2026-10-09T14:03:20Z,MFG EV Power,77,MFG Taunton Deane,2005,INOPERATIVE,150.0,2026-10-09T14:03:07.188Z
2026-10-09T14:03:20Z,MFG EV Power,442,Morrisons Taunton,1165,AVAILABLE,50.0,2026-10-08T15:54:19Z
2026-10-09T14:03:20Z,MFG EV Power,442,Morrisons Taunton,1170,AVAILABLE,50.0,2026-10-08T19:11:44Z
2026-10-09T14:03:20Z,MFG EV Power,601,MFG Taunton,3086,CHARGING,400.0,2026-10-09T13:55:54.889Z
2026-10-09T14:03:20Z,MFG EV Power,601,MFG Taunton,3087,AVAILABLE,400.0,2026-10-08T11:06:01Z
2026-10-09T14:03:20Z,MFG EV Power,601,MFG Taunton,3088,CHARGING,400.0,2026-10-09T11:58:27.051Z
2026-10-09T14:03:20Z,MFG EV Power,601,MFG Taunton,3089,CHARGING,400.0,2026-10-09T13:01:49.371Z
2026-10-09T14:03:20Z,MFG EV Power,601,MFG Taunton,3090,AVAILABLE,400.0,2026-10-09T11:52:10.377Z
2026-10-09T14:03:20Z,MFG EV Power,601,MFG Taunton,3091,CHARGING,400.0,2026-10-09T14:01:35.825Z
2026-10-09T14:03:20Z,MFG EV Power,601,MFG Taunton,3092,OUTOFORDER,400.0,2026-10-06T14:32:19Z
2026-10-09T14:03:20Z,MFG EV Power,601,MFG Taunton,3093,OUTOFORDER,400.0,2026-10-06T14:32:20Z
2026-10-09T14:23:10Z,MFG EV Power,77,MFG Taunton Deane,1989,AVAILABLE,150.0,2026-10-09T13:40:20.282Z
2026-10-09T14:23:10Z,MFG EV Power,77,MFG Taunton Deane,1990,INOPERATIVE,50.0,2026-10-09T13:03:51.679Z
2026-10-09T14:23:10Z,MFG EV Power,77,MFG Taunton Deane,1992,AVAILABLE,50.0,2026-10-09T13:51:21.531Z
2026-10-09T14:23:10Z,MFG EV Power,77,MFG Taunton Deane,1993,INOPERATIVE,150.0,2026-10-09T13:51:21.948Z
2026-10-09T14:23:10Z,MFG EV Power,77,MFG Taunton Deane,1988,INOPERATIVE,50.0,2026-10-09T12:08:22.195Z
2026-10-09T14:23:10Z,MFG EV Power,77,MFG Taunton Deane,1996,AVAILABLE,150.0,2026-10-09T13:40:19.870Z
2026-10-09T14:23:10Z,MFG EV Power,77,MFG Taunton Deane,2003,AVAILABLE,50.0,2026-10-09T14:03:04.817Z
2026-10-09T14:23:10Z,MFG EV Power,77,MFG Taunton Deane,2005,INOPERATIVE,150.0,2026-10-09T14:03:07.188Z
2026-10-09T14:23:10Z,MFG EV Power,442,Morrisons Taunton,1165,AVAILABLE,50.0,2026-10-08T15:54:19Z
2026-10-09T14:23:10Z,MFG EV Power,442,Morrisons Taunton,1170,AVAILABLE,50.0,2026-10-08T19:11:44Z
2026-10-09T14:23:10Z,MFG EV Power,601,MFG Taunton,3086,CHARGING,400.0,2026-10-09T13:55:54.889Z
2026-10-09T14:23:10Z,MFG EV Power,601,MFG Taunton,3087,AVAILABLE,400.0,2026-10-08T11:06:01Z
2026-10-09T14:23:10Z,MFG EV Power,601,MFG Taunton,3088,CHARGING,400.0,2026-10-09T14:04:46.632Z
2026-10-09T14:23:10Z,MFG EV Power,601,MFG Taunton,3089,CHARGING,400.0,2026-10-09T13:01:49.371Z
2026-10-09T14:23:10Z,MFG EV Power,601,MFG Taunton,3090,AVAILABLE,400.0,2026-10-09T11:52:10.377Z
2026-10-09T14:23:10Z,MFG EV Power,601,MFG Taunton,3091,CHARGING,400.0,2026-10-09T14:01:35.825Z
2026-10-09T14:23:10Z,MFG EV Power,601,MFG Taunton,3092,OUTOFORDER,400.0,2026-10-06T14:32:19Z
2026-10-09T14:23:10Z,MFG EV Power,601,MFG Taunton,3093,OUTOFORDER,400.0,2026-10-06T14:32:20Z
2026-10-09T14:42:01Z,MFG EV Power,77,MFG Taunton Deane,1989,AVAILABLE,150.0,2026-10-09T13:40:20.282Z
2026-10-09T14:42:01Z,MFG EV Power,77,MFG Taunton Deane,1990,INOPERATIVE,50.0,2026-10-09T13:03:51.679Z
2026-10-09T14:42:01Z,MFG EV Power,77,MFG Taunton Deane,1992,AVAILABLE,50.0,2026-10-09T13:51:21.531Z
2026-10-09T14:42:01Z,MFG EV Power,77,MFG Taunton Deane,1993,INOPERATIVE,150.0,2026-10-09T13:51:21.948Z
2026-10-09T14:42:01Z,MFG EV Power,77,MFG Taunton Deane,1988,INOPERATIVE,50.0,2026-10-09T12:08:22.195Z
2026-10-09T14:42:01Z,MFG EV Power,77,MFG Taunton Deane,1996,AVAILABLE,150.0,2026-10-09T14:40:22.322Z
2026-10-09T14:42:01Z,MFG EV Power,77,MFG Taunton Deane,2003,AVAILABLE,50.0,2026-10-09T14:03:04.817Z
2026-10-09T14:42:01Z,MFG EV Power,77,MFG Taunton Deane,2005,INOPERATIVE,150.0,2026-10-09T14:03:07.188Z
2026-10-09T14:42:01Z,MFG EV Power,442,Morrisons Taunton,1165,AVAILABLE,50.0,2026-10-08T15:54:19Z
2026-10-09T14:42:01Z,MFG EV Power,442,Morrisons Taunton,1170,AVAILABLE,50.0,2026-10-08T19:11:44Z
2026-10-09T14:42:01Z,MFG EV Power,601,MFG Taunton,3086,CHARGING,400.0,2026-10-09T13:55:54.889Z
2026-10-09T14:42:01Z,MFG EV Power,601,MFG Taunton,3087,CHARGING,400.0,2026-10-09T14:38:20.754Z
2026-10-09T14:42:01Z,MFG EV Power,601,MFG Taunton,3088,AVAILABLE,400.0,2026-10-09T14:28:36.674Z
2026-10-09T14:42:01Z,MFG EV Power,601,MFG Taunton,3089,CHARGING,400.0,2026-10-09T13:01:49.371Z
2026-10-09T14:42:01Z,MFG EV Power,601,MFG Taunton,3090,AVAILABLE,400.0,2026-10-09T11:52:10.377Z
2026-10-09T14:42:01Z,MFG EV Power,601,MFG Taunton,3091,CHARGING,400.0,2026-10-09T14:01:35.825Z
2026-10-09T14:42:01Z,MFG EV Power,601,MFG Taunton,3092,OUTOFORDER,400.0,2026-10-06T14:32:19Z
2026-10-09T14:42:01Z,MFG EV Power,601,MFG Taunton,3093,OUTOFORDER,400.0,2026-10-06T14:32:20Z
2026-10-09T14:58:23Z,MFG EV Power,77,MFG Taunton Deane,1989,AVAILABLE,150.0,2026-10-09T13:40:20.282Z
2026-10-09T14:58:23Z,MFG EV Power,77,MFG Taunton Deane,1990,INOPERATIVE,50.0,2026-10-09T13:03:51.679Z
2026-10-09T14:58:23Z,MFG EV Power,77,MFG Taunton Deane,1992,INOPERATIVE,50.0,2026-10-09T14:51:53.475Z
2026-10-09T14:58:23Z,MFG EV Power,77,MFG Taunton Deane,1993,AVAILABLE,150.0,2026-10-09T14:50:37.788Z
2026-10-09T14:58:23Z,MFG EV Power,77,MFG Taunton Deane,1988,INOPERATIVE,50.0,2026-10-09T14:58:08.393Z
2026-10-09T14:58:23Z,MFG EV Power,77,MFG Taunton Deane,1996,CHARGING,150.0,2026-10-09T14:58:26.022Z
2026-10-09T14:58:23Z,MFG EV Power,77,MFG Taunton Deane,2003,AVAILABLE,50.0,2026-10-09T14:03:04.817Z
2026-10-09T14:58:23Z,MFG EV Power,77,MFG Taunton Deane,2005,CHARGING,150.0,2026-10-09T14:56:27.872Z
2026-10-09T14:58:23Z,MFG EV Power,442,Morrisons Taunton,1165,AVAILABLE,50.0,2026-10-08T15:54:19Z
2026-10-09T14:58:23Z,MFG EV Power,442,Morrisons Taunton,1170,AVAILABLE,50.0,2026-10-08T19:11:44Z
2026-10-09T14:58:23Z,MFG EV Power,601,MFG Taunton,3086,INOPERATIVE,400.0,2026-10-09T14:43:58.448Z
2026-10-09T14:58:23Z,MFG EV Power,601,MFG Taunton,3087,CHARGING,400.0,2026-10-09T14:38:20.754Z
2026-10-09T14:58:23Z,MFG EV Power,601,MFG Taunton,3088,AVAILABLE,400.0,2026-10-09T14:28:36.674Z
2026-10-09T14:58:23Z,MFG EV Power,601,MFG Taunton,3089,CHARGING,400.0,2026-10-09T13:01:49.371Z
2026-10-09T14:58:23Z,MFG EV Power,601,MFG Taunton,3090,AVAILABLE,400.0,2026-10-09T11:52:10.377Z
2026-10-09T14:58:23Z,MFG EV Power,601,MFG Taunton,3091,CHARGING,400.0,2026-10-09T14:01:35.825Z
2026-10-09T14:58:23Z,MFG EV Power,601,MFG Taunton,3092,OUTOFORDER,400.0,2026-10-06T14:32:19Z
2026-10-09T14:58:23Z,MFG EV Power,601,MFG Taunton,3093,OUTOFORDER,400.0,2026-10-06T14:32:20Z
2026-10-09T15:11:14Z,MFG EV Power,77,MFG Taunton Deane,1989,AVAILABLE,150.0,2026-10-09T13:40:20.282Z
2026-10-09T15:11:14Z,MFG EV Power,77,MFG Taunton Deane,1990,INOPERATIVE,50.0,2026-10-09T13:03:51.679Z
2026-10-09T15:11:14Z,MFG EV Power,77,MFG Taunton Deane,1992,INOPERATIVE,50.0,2026-10-09T14:51:53.475Z
2026-10-09T15:11:14Z,MFG EV Power,77,MFG Taunton Deane,1993,AVAILABLE,150.0,2026-10-09T14:50:37.788Z
2026-10-09T15:11:14Z,MFG EV Power,77,MFG Taunton Deane,1988,INOPERATIVE,50.0,2026-10-09T14:58:08.393Z
2026-10-09T15:11:14Z,MFG EV Power,77,MFG Taunton Deane,1996,CHARGING,150.0,2026-10-09T14:58:26.022Z
2026-10-09T15:11:14Z,MFG EV Power,77,MFG Taunton Deane,2003,AVAILABLE,50.0,2026-10-09T14:03:04.817Z
2026-10-09T15:11:14Z,MFG EV Power,77,MFG Taunton Deane,2005,CHARGING,150.0,2026-10-09T14:56:27.872Z
2026-10-09T15:11:14Z,MFG EV Power,442,Morrisons Taunton,1165,AVAILABLE,50.0,2026-10-08T15:54:19Z
2026-10-09T15:11:14Z,MFG EV Power,442,Morrisons Taunton,1170,AVAILABLE,50.0,2026-10-08T19:11:44Z
2026-10-09T15:11:14Z,MFG EV Power,601,MFG Taunton,3086,INOPERATIVE,400.0,2026-10-09T14:43:58.448Z
2026-10-09T15:11:14Z,MFG EV Power,601,MFG Taunton,3087,CHARGING,400.0,2026-10-09T14:38:20.754Z
2026-10-09T15:11:14Z,MFG EV Power,601,MFG Taunton,3088,AVAILABLE,400.0,2026-10-09T14:28:36.674Z
2026-10-09T15:11:14Z,MFG EV Power,601,MFG Taunton,3089,CHARGING,400.0,2026-10-09T15:09:11.211Z
2026-10-09T15:11:14Z,MFG EV Power,601,MFG Taunton,3090,AVAILABLE,400.0,2026-10-09T11:52:10.377Z
2026-10-09T15:11:14Z,MFG EV Power,601,MFG Taunton,3091,AVAILABLE,400.0,2026-10-09T15:07:32.061Z
2026-10-09T15:11:14Z,MFG EV Power,601,MFG Taunton,3092,OUTOFORDER,400.0,2026-10-06T14:32:19Z
2026-10-09T15:11:14Z,MFG EV Power,601,MFG Taunton,3093,OUTOFORDER,400.0,2026-10-06T14:32:20Z
2026-10-09T15:28:03Z,MFG EV Power,77,MFG Taunton Deane,1989,AVAILABLE,150.0,2026-10-09T13:40:20.282Z
2026-10-09T15:28:03Z,MFG EV Power,77,MFG Taunton Deane,1990,INOPERATIVE,50.0,2026-10-09T13:03:51.679Z
2026-10-09T15:28:03Z,MFG EV Power,77,MFG Taunton Deane,1992,INOPERATIVE,50.0,2026-10-09T14:51:53.475Z
2026-10-09T15:28:03Z,MFG EV Power,77,MFG Taunton Deane,1993,AVAILABLE,150.0,2026-10-09T14:50:37.788Z
2026-10-09T15:28:03Z,MFG EV Power,77,MFG Taunton Deane,1988,INOPERATIVE,50.0,2026-10-09T14:58:08.393Z
2026-10-09T15:28:03Z,MFG EV Power,77,MFG Taunton Deane,1996,CHARGING,150.0,2026-10-09T14:58:26.022Z
2026-10-09T15:28:03Z,MFG EV Power,77,MFG Taunton Deane,2003,INOPERATIVE,50.0,2026-10-09T15:16:16.045Z
2026-10-09T15:28:03Z,MFG EV Power,77,MFG Taunton Deane,2005,CHARGING,150.0,2026-10-09T15:16:35.700Z
2026-10-09T15:28:03Z,MFG EV Power,442,Morrisons Taunton,1165,AVAILABLE,50.0,2026-10-08T15:54:19Z
2026-10-09T15:28:03Z,MFG EV Power,442,Morrisons Taunton,1170,AVAILABLE,50.0,2026-10-08T19:11:44Z
2026-10-09T15:28:03Z,MFG EV Power,601,MFG Taunton,3086,INOPERATIVE,400.0,2026-10-09T14:43:58.448Z
2026-10-09T15:28:03Z,MFG EV Power,601,MFG Taunton,3087,CHARGING,400.0,2026-10-09T14:38:20.754Z
2026-10-09T15:28:03Z,MFG EV Power,601,MFG Taunton,3088,AVAILABLE,400.0,2026-10-09T15:23:00.483Z
2026-10-09T15:28:03Z,MFG EV Power,601,MFG Taunton,3089,CHARGING,400.0,2026-10-09T15:09:11.211Z
2026-10-09T15:28:03Z,MFG EV Power,601,MFG Taunton,3090,AVAILABLE,400.0,2026-10-09T11:52:10.377Z
2026-10-09T15:28:03Z,MFG EV Power,601,MFG Taunton,3091,AVAILABLE,400.0,2026-10-09T15:07:32.061Z
2026-10-09T15:28:03Z,MFG EV Power,601,MFG Taunton,3092,OUTOFORDER,400.0,2026-10-06T14:32:19Z
2026-10-09T15:28:03Z,MFG EV Power,601,MFG Taunton,3093,OUTOFORDER,400.0,2026-10-06T14:32:20Z
2026-10-09T15:44:50Z,MFG EV Power,77,MFG Taunton Deane,1989,INOPERATIVE,150.0,2026-10-09T15:38:11.201Z
2026-10-09T15:44:50Z,MFG EV Power,77,MFG Taunton Deane,1990,AVAILABLE,50.0,2026-10-09T15:38:10.528Z
2026-10-09T15:44:50Z,MFG EV Power,77,MFG Taunton Deane,1992,AVAILABLE,50.0,2026-10-09T15:36:42.749Z
2026-10-09T15:44:50Z,MFG EV Power,77,MFG Taunton Deane,1993,AVAILABLE,150.0,2026-10-09T15:41:39.657Z
2026-10-09T15:44:50Z,MFG EV Power,77,MFG Taunton Deane,1988,AVAILABLE,50.0,2026-10-09T15:43:32.733Z
2026-10-09T15:44:50Z,MFG EV Power,77,MFG Taunton Deane,1996,CHARGING,150.0,2026-10-09T15:43:31.880Z
2026-10-09T15:44:50Z,MFG EV Power,77,MFG Taunton Deane,2003,AVAILABLE,50.0,2026-10-09T15:29:27.013Z
2026-10-09T15:44:50Z,MFG EV Power,77,MFG Taunton Deane,2005,AVAILABLE,150.0,2026-10-09T15:29:32.664Z
2026-10-09T15:44:50Z,MFG EV Power,442,Morrisons Taunton,1165,AVAILABLE,50.0,2026-10-08T15:54:19Z
2026-10-09T15:44:50Z,MFG EV Power,442,Morrisons Taunton,1170,AVAILABLE,50.0,2026-10-08T19:11:44Z
2026-10-09T15:44:50Z,MFG EV Power,601,MFG Taunton,3086,INOPERATIVE,400.0,2026-10-09T14:43:58.448Z
2026-10-09T15:44:50Z,MFG EV Power,601,MFG Taunton,3087,CHARGING,400.0,2026-10-09T15:40:11.542Z
2026-10-09T15:44:50Z,MFG EV Power,601,MFG Taunton,3088,AVAILABLE,400.0,2026-10-09T15:23:00.483Z
2026-10-09T15:44:50Z,MFG EV Power,601,MFG Taunton,3089,AVAILABLE,400.0,2026-10-09T15:38:39.294Z
2026-10-09T15:44:50Z,MFG EV Power,601,MFG Taunton,3090,AVAILABLE,400.0,2026-10-09T11:52:10.377Z
2026-10-09T15:44:50Z,MFG EV Power,601,MFG Taunton,3091,AVAILABLE,400.0,2026-10-09T15:07:32.061Z
2026-10-09T15:44:50Z,MFG EV Power,601,MFG Taunton,3092,OUTOFORDER,400.0,2026-10-06T14:32:19Z
2026-10-09T15:44:50Z,MFG EV Power,601,MFG Taunton,3093,OUTOFORDER,400.0,2026-10-06T14:32:20Z
2026-10-09T15:59:32Z,MFG EV Power,77,MFG Taunton Deane,1989,CHARGING,150.0,2026-10-09T15:59:37.130Z
2026-10-09T15:59:32Z,MFG EV Power,77,MFG Taunton Deane,1990,AVAILABLE,50.0,2026-10-09T15:38:10.528Z
2026-10-09T15:59:32Z,MFG EV Power,77,MFG Taunton Deane,1992,AVAILABLE,50.0,2026-10-09T15:36:42.749Z
2026-10-09T15:59:32Z,MFG EV Power,77,MFG Taunton Deane,1993,AVAILABLE,150.0,2026-10-09T15:41:39.657Z
2026-10-09T15:59:32Z,MFG EV Power,77,MFG Taunton Deane,1988,AVAILABLE,50.0,2026-10-09T15:43:32.733Z
2026-10-09T15:59:32Z,MFG EV Power,77,MFG Taunton Deane,1996,CHARGING,150.0,2026-10-09T15:49:14.634Z
2026-10-09T15:59:32Z,MFG EV Power,77,MFG Taunton Deane,2003,AVAILABLE,50.0,2026-10-09T15:29:27.013Z
2026-10-09T15:59:32Z,MFG EV Power,77,MFG Taunton Deane,2005,AVAILABLE,150.0,2026-10-09T15:29:32.664Z
2026-10-09T15:59:32Z,MFG EV Power,442,Morrisons Taunton,1165,AVAILABLE,50.0,2026-10-08T15:54:19Z
2026-10-09T15:59:32Z,MFG EV Power,442,Morrisons Taunton,1170,AVAILABLE,50.0,2026-10-08T19:11:44Z
2026-10-09T15:59:32Z,MFG EV Power,601,MFG Taunton,3086,INOPERATIVE,400.0,2026-10-09T14:43:58.448Z
2026-10-09T15:59:32Z,MFG EV Power,601,MFG Taunton,3087,CHARGING,400.0,2026-10-09T15:40:11.542Z
2026-10-09T15:59:32Z,MFG EV Power,601,MFG Taunton,3088,AVAILABLE,400.0,2026-10-09T15:23:00.483Z
2026-10-09T15:59:32Z,MFG EV Power,601,MFG Taunton,3089,AVAILABLE,400.0,2026-10-09T15:38:39.294Z
2026-10-09T15:59:32Z,MFG EV Power,601,MFG Taunton,3090,AVAILABLE,400.0,2026-10-09T15:55:58.402Z
2026-10-09T15:59:32Z,MFG EV Power,601,MFG Taunton,3091,CHARGING,400.0,2026-10-09T15:54:14.134Z
2026-10-09T15:59:32Z,MFG EV Power,601,MFG Taunton,3092,OUTOFORDER,400.0,2026-10-06T14:32:19Z
2026-10-09T15:59:32Z,MFG EV Power,601,MFG Taunton,3093,OUTOFORDER,400.0,2026-10-06T14:32:20Z
2026-10-09T16:13:22Z,MFG EV Power,77,MFG Taunton Deane,1989,CHARGING,150.0,2026-10-09T16:00:12.090Z
2026-10-09T16:13:22Z,MFG EV Power,77,MFG Taunton Deane,1990,AVAILABLE,50.0,2026-10-09T15:38:10.528Z
2026-10-09T16:13:22Z,MFG EV Power,77,MFG Taunton Deane,1992,INOPERATIVE,50.0,2026-10-09T16:08:56.524Z
2026-10-09T16:13:22Z,MFG EV Power,77,MFG Taunton Deane,1993,CHARGING,150.0,2026-10-09T16:09:10.100Z
2026-10-09T16:13:22Z,MFG EV Power,77,MFG Taunton Deane,1988,AVAILABLE,50.0,2026-10-09T15:43:32.733Z
2026-10-09T16:13:22Z,MFG EV Power,77,MFG Taunton Deane,1996,CHARGING,150.0,2026-10-09T15:49:14.634Z
2026-10-09T16:13:22Z,MFG EV Power,77,MFG Taunton Deane,2003,INOPERATIVE,50.0,2026-10-09T16:04:13.429Z
2026-10-09T16:13:22Z,MFG EV Power,77,MFG Taunton Deane,2005,CHARGING,150.0,2026-10-09T16:03:56.476Z
2026-10-09T16:13:22Z,MFG EV Power,442,Morrisons Taunton,1165,AVAILABLE,50.0,2026-10-08T15:54:19Z
2026-10-09T16:13:22Z,MFG EV Power,442,Morrisons Taunton,1170,AVAILABLE,50.0,2026-10-08T19:11:44Z
2026-10-09T16:13:22Z,MFG EV Power,601,MFG Taunton,3086,INOPERATIVE,400.0,2026-10-09T14:43:58.448Z
2026-10-09T16:13:22Z,MFG EV Power,601,MFG Taunton,3087,AVAILABLE,400.0,2026-10-09T16:13:31.491Z
2026-10-09T16:13:22Z,MFG EV Power,601,MFG Taunton,3088,AVAILABLE,400.0,2026-10-09T15:23:00.483Z
2026-10-09T16:13:22Z,MFG EV Power,601,MFG Taunton,3089,CHARGING,400.0,2026-10-09T16:12:26.777Z
2026-10-09T16:13:22Z,MFG EV Power,601,MFG Taunton,3090,AVAILABLE,400.0,2026-10-09T16:03:13.100Z
2026-10-09T16:13:22Z,MFG EV Power,601,MFG Taunton,3091,CHARGING,400.0,2026-10-09T16:04:25.368Z
2026-10-09T16:13:22Z,MFG EV Power,601,MFG Taunton,3092,OUTOFORDER,400.0,2026-10-06T14:32:19Z
2026-10-09T16:13:22Z,MFG EV Power,601,MFG Taunton,3093,OUTOFORDER,400.0,2026-10-06T14:32:20Z
2026-10-09T16:30:34Z,MFG EV Power,77,MFG Taunton Deane,1989,CHARGING,150.0,2026-10-09T16:24:54.681Z
2026-10-09T16:30:34Z,MFG EV Power,77,MFG Taunton Deane,1990,AVAILABLE,50.0,2026-10-09T16:24:54.924Z
2026-10-09T16:30:34Z,MFG EV Power,77,MFG Taunton Deane,1992,INOPERATIVE,50.0,2026-10-09T16:25:07.588Z
2026-10-09T16:30:34Z,MFG EV Power,77,MFG Taunton Deane,1993,CHARGING,150.0,2026-10-09T16:25:25.879Z
2026-10-09T16:30:34Z,MFG EV Power,77,MFG Taunton Deane,1988,AVAILABLE,50.0,2026-10-09T15:43:32.733Z
2026-10-09T16:30:34Z,MFG EV Power,77,MFG Taunton Deane,1996,CHARGING,150.0,2026-10-09T15:49:14.634Z
2026-10-09T16:30:34Z,MFG EV Power,77,MFG Taunton Deane,2003,INOPERATIVE,50.0,2026-10-09T16:04:13.429Z
2026-10-09T16:30:34Z,MFG EV Power,77,MFG Taunton Deane,2005,CHARGING,150.0,2026-10-09T16:03:56.476Z
2026-10-09T16:30:34Z,MFG EV Power,442,Morrisons Taunton,1165,AVAILABLE,50.0,2026-10-08T15:54:19Z
2026-10-09T16:30:34Z,MFG EV Power,442,Morrisons Taunton,1170,AVAILABLE,50.0,2026-10-08T19:11:44Z
2026-10-09T16:30:34Z,MFG EV Power,601,MFG Taunton,3086,INOPERATIVE,400.0,2026-10-09T14:43:58.448Z
2026-10-09T16:30:34Z,MFG EV Power,601,MFG Taunton,3087,AVAILABLE,400.0,2026-10-09T16:13:31.491Z
2026-10-09T16:30:34Z,MFG EV Power,601,MFG Taunton,3088,AVAILABLE,400.0,2026-10-09T15:23:00.483Z
2026-10-09T16:30:34Z,MFG EV Power,601,MFG Taunton,3089,AVAILABLE,400.0,2026-10-09T16:30:46.566Z
2026-10-09T16:30:34Z,MFG EV Power,601,MFG Taunton,3090,AVAILABLE,400.0,2026-10-09T16:03:13.100Z
2026-10-09T16:30:34Z,MFG EV Power,601,MFG Taunton,3091,CHARGING,400.0,2026-10-09T16:30:46.324Z
2026-10-09T16:30:34Z,MFG EV Power,601,MFG Taunton,3092,OUTOFORDER,400.0,2026-10-06T14:32:19Z
2026-10-09T16:30:34Z,MFG EV Power,601,MFG Taunton,3093,OUTOFORDER,400.0,2026-10-06T14:32:20Z
2026-10-09T16:47:19Z,MFG EV Power,77,MFG Taunton Deane,1989,CHARGING,150.0,2026-10-09T16:24:54.681Z
2026-10-09T16:47:19Z,MFG EV Power,77,MFG Taunton Deane,1990,AVAILABLE,50.0,2026-10-09T16:24:54.924Z
2026-10-09T16:47:19Z,MFG EV Power,77,MFG Taunton Deane,1992,INOPERATIVE,50.0,2026-10-09T16:25:07.588Z
2026-10-09T16:47:19Z,MFG EV Power,77,MFG Taunton Deane,1993,CHARGING,150.0,2026-10-09T16:25:25.879Z
2026-10-09T16:47:19Z,MFG EV Power,77,MFG Taunton Deane,1988,AVAILABLE,50.0,2026-10-09T16:41:33.695Z
2026-10-09T16:47:19Z,MFG EV Power,77,MFG Taunton Deane,1996,AVAILABLE,150.0,2026-10-09T16:44:46.202Z
2026-10-09T16:47:19Z,MFG EV Power,77,MFG Taunton Deane,2003,AVAILABLE,50.0,2026-10-09T16:31:43.481Z
2026-10-09T16:47:19Z,MFG EV Power,77,MFG Taunton Deane,2005,AVAILABLE,150.0,2026-10-09T16:31:52.483Z
2026-10-09T16:47:19Z,MFG EV Power,442,Morrisons Taunton,1165,AVAILABLE,50.0,2026-10-08T15:54:19Z
2026-10-09T16:47:19Z,MFG EV Power,442,Morrisons Taunton,1170,AVAILABLE,50.0,2026-10-08T19:11:44Z
2026-10-09T16:47:19Z,MFG EV Power,601,MFG Taunton,3086,INOPERATIVE,400.0,2026-10-09T14:43:58.448Z
2026-10-09T16:47:19Z,MFG EV Power,601,MFG Taunton,3087,AVAILABLE,400.0,2026-10-09T16:13:31.491Z
2026-10-09T16:47:19Z,MFG EV Power,601,MFG Taunton,3088,AVAILABLE,400.0,2026-10-09T15:23:00.483Z
2026-10-09T16:47:19Z,MFG EV Power,601,MFG Taunton,3089,AVAILABLE,400.0,2026-10-09T16:30:46.566Z
2026-10-09T16:47:19Z,MFG EV Power,601,MFG Taunton,3090,AVAILABLE,400.0,2026-10-09T16:03:13.100Z
2026-10-09T16:47:19Z,MFG EV Power,601,MFG Taunton,3091,CHARGING,400.0,2026-10-09T16:31:45.872Z
2026-10-09T16:47:19Z,MFG EV Power,601,MFG Taunton,3092,OUTOFORDER,400.0,2026-10-06T14:32:19Z
2026-10-09T16:47:19Z,MFG EV Power,601,MFG Taunton,3093,OUTOFORDER,400.0,2026-10-06T14:32:20Z
2026-10-09T17:00:49Z,MFG EV Power,77,MFG Taunton Deane,1989,CHARGING,150.0,2026-10-09T16:24:54.681Z
2026-10-09T17:00:49Z,MFG EV Power,77,MFG Taunton Deane,1990,AVAILABLE,50.0,2026-10-09T16:24:54.924Z
2026-10-09T17:00:49Z,MFG EV Power,77,MFG Taunton Deane,1992,INOPERATIVE,50.0,2026-10-09T16:58:27.377Z
2026-10-09T17:00:49Z,MFG EV Power,77,MFG Taunton Deane,1993,CHARGING,150.0,2026-10-09T16:58:46.127Z
2026-10-09T17:00:49Z,MFG EV Power,77,MFG Taunton Deane,1988,AVAILABLE,50.0,2026-10-09T16:41:33.695Z
2026-10-09T17:00:49Z,MFG EV Power,77,MFG Taunton Deane,1996,AVAILABLE,150.0,2026-10-09T16:44:46.202Z
2026-10-09T17:00:49Z,MFG EV Power,77,MFG Taunton Deane,2003,AVAILABLE,50.0,2026-10-09T16:31:43.481Z
2026-10-09T17:00:49Z,MFG EV Power,77,MFG Taunton Deane,2005,AVAILABLE,150.0,2026-10-09T16:31:52.483Z
2026-10-09T17:00:49Z,MFG EV Power,442,Morrisons Taunton,1165,AVAILABLE,50.0,2026-10-08T15:54:19Z
2026-10-09T17:00:49Z,MFG EV Power,442,Morrisons Taunton,1170,AVAILABLE,50.0,2026-10-08T19:11:44Z
2026-10-09T17:00:49Z,MFG EV Power,601,MFG Taunton,3086,INOPERATIVE,400.0,2026-10-09T14:43:58.448Z
2026-10-09T17:00:49Z,MFG EV Power,601,MFG Taunton,3087,AVAILABLE,400.0,2026-10-09T16:13:31.491Z
2026-10-09T17:00:49Z,MFG EV Power,601,MFG Taunton,3088,AVAILABLE,400.0,2026-10-09T15:23:00.483Z
2026-10-09T17:00:49Z,MFG EV Power,601,MFG Taunton,3089,AVAILABLE,400.0,2026-10-09T16:30:46.566Z
2026-10-09T17:00:49Z,MFG EV Power,601,MFG Taunton,3090,AVAILABLE,400.0,2026-10-09T16:03:13.100Z
2026-10-09T17:00:49Z,MFG EV Power,601,MFG Taunton,3091,AVAILABLE,400.0,2026-10-09T16:52:32.372Z
2026-10-09T17:00:49Z,MFG EV Power,601,MFG Taunton,3092,OUTOFORDER,400.0,2026-10-06T14:32:19Z
2026-10-09T17:00:49Z,MFG EV Power,601,MFG Taunton,3093,OUTOFORDER,400.0,2026-10-06T14:32:20Z
2026-10-09T17:13:56Z,MFG EV Power,77,MFG Taunton Deane,1989,CHARGING,150.0,2026-10-09T16:24:54.681Z
2026-10-09T17:13:56Z,MFG EV Power,77,MFG Taunton Deane,1990,AVAILABLE,50.0,2026-10-09T16:24:54.924Z
2026-10-09T17:13:56Z,MFG EV Power,77,MFG Taunton Deane,1992,AVAILABLE,50.0,2026-10-09T17:11:17.542Z
2026-10-09T17:13:56Z,MFG EV Power,77,MFG Taunton Deane,1993,AVAILABLE,150.0,2026-10-09T17:11:22.216Z
2026-10-09T17:13:56Z,MFG EV Power,77,MFG Taunton Deane,1988,AVAILABLE,50.0,2026-10-09T16:41:33.695Z
2026-10-09T17:13:56Z,MFG EV Power,77,MFG Taunton Deane,1996,AVAILABLE,150.0,2026-10-09T16:44:46.202Z
2026-10-09T17:13:56Z,MFG EV Power,77,MFG Taunton Deane,2003,AVAILABLE,50.0,2026-10-09T16:31:43.481Z
2026-10-09T17:13:56Z,MFG EV Power,77,MFG Taunton Deane,2005,AVAILABLE,150.0,2026-10-09T16:31:52.483Z
2026-10-09T17:13:56Z,MFG EV Power,442,Morrisons Taunton,1165,AVAILABLE,50.0,2026-10-08T15:54:19Z
2026-10-09T17:13:56Z,MFG EV Power,442,Morrisons Taunton,1170,AVAILABLE,50.0,2026-10-08T19:11:44Z
2026-10-09T17:13:56Z,MFG EV Power,601,MFG Taunton,3086,INOPERATIVE,400.0,2026-10-09T14:43:58.448Z
2026-10-09T17:13:56Z,MFG EV Power,601,MFG Taunton,3087,AVAILABLE,400.0,2026-10-09T16:13:31.491Z
2026-10-09T17:13:56Z,MFG EV Power,601,MFG Taunton,3088,AVAILABLE,400.0,2026-10-09T15:23:00.483Z
2026-10-09T17:13:56Z,MFG EV Power,601,MFG Taunton,3089,AVAILABLE,400.0,2026-10-09T17:13:17.324Z
2026-10-09T17:13:56Z,MFG EV Power,601,MFG Taunton,3090,AVAILABLE,400.0,2026-10-09T17:08:50.926Z
2026-10-09T17:13:56Z,MFG EV Power,601,MFG Taunton,3091,AVAILABLE,400.0,2026-10-09T16:52:32.372Z
2026-10-09T17:13:56Z,MFG EV Power,601,MFG Taunton,3092,OUTOFORDER,400.0,2026-10-06T14:32:19Z
2026-10-09T17:13:56Z,MFG EV Power,601,MFG Taunton,3093,OUTOFORDER,400.0,2026-10-06T14:32:20Z
2026-10-09T17:28:46Z,MFG EV Power,77,MFG Taunton Deane,1989,CHARGING,150.0,2026-10-09T16:24:54.681Z
2026-10-09T17:28:46Z,MFG EV Power,77,MFG Taunton Deane,1990,AVAILABLE,50.0,2026-10-09T16:24:54.924Z
2026-10-09T17:28:46Z,MFG EV Power,77,MFG Taunton Deane,1992,AVAILABLE,50.0,2026-10-09T17:11:17.542Z
2026-10-09T17:28:46Z,MFG EV Power,77,MFG Taunton Deane,1993,AVAILABLE,150.0,2026-10-09T17:11:22.216Z
2026-10-09T17:28:46Z,MFG EV Power,77,MFG Taunton Deane,1988,AVAILABLE,50.0,2026-10-09T16:41:33.695Z
2026-10-09T17:28:46Z,MFG EV Power,77,MFG Taunton Deane,1996,AVAILABLE,150.0,2026-10-09T16:44:46.202Z
2026-10-09T17:28:46Z,MFG EV Power,77,MFG Taunton Deane,2003,AVAILABLE,50.0,2026-10-09T16:31:43.481Z
2026-10-09T17:28:46Z,MFG EV Power,77,MFG Taunton Deane,2005,AVAILABLE,150.0,2026-10-09T16:31:52.483Z
2026-10-09T17:28:46Z,MFG EV Power,442,Morrisons Taunton,1165,AVAILABLE,50.0,2026-10-08T15:54:19Z
2026-10-09T17:28:46Z,MFG EV Power,442,Morrisons Taunton,1170,AVAILABLE,50.0,2026-10-08T19:11:44Z
2026-10-09T17:28:46Z,MFG EV Power,601,MFG Taunton,3086,INOPERATIVE,400.0,2026-10-09T14:43:58.448Z
2026-10-09T17:28:46Z,MFG EV Power,601,MFG Taunton,3087,AVAILABLE,400.0,2026-10-09T16:13:31.491Z
2026-10-09T17:28:46Z,MFG EV Power,601,MFG Taunton,3088,AVAILABLE,400.0,2026-10-09T15:23:00.483Z
2026-10-09T17:28:46Z,MFG EV Power,601,MFG Taunton,3089,AVAILABLE,400.0,2026-10-09T17:13:17.324Z
2026-10-09T17:28:46Z,MFG EV Power,601,MFG Taunton,3090,AVAILABLE,400.0,2026-10-09T17:08:50.926Z
2026-10-09T17:28:46Z,MFG EV Power,601,MFG Taunton,3091,AVAILABLE,400.0,2026-10-09T16:52:32.372Z
2026-10-09T17:28:46Z,MFG EV Power,601,MFG Taunton,3092,OUTOFORDER,400.0,2026-10-06T14:32:19Z
2026-10-09T17:28:46Z,MFG EV Power,601,MFG Taunton,3093,OUTOFORDER,400.0,2026-10-06T14:32:20Z
2026-10-09T17:42:43Z,MFG EV Power,77,MFG Taunton Deane,1989,CHARGING,150.0,2026-10-09T16:24:54.681Z
2026-10-09T17:42:43Z,MFG EV Power,77,MFG Taunton Deane,1990,AVAILABLE,50.0,2026-10-09T16:24:54.924Z
2026-10-09T17:42:43Z,MFG EV Power,77,MFG Taunton Deane,1992,AVAILABLE,50.0,2026-10-09T17:11:17.542Z
2026-10-09T17:42:43Z,MFG EV Power,77,MFG Taunton Deane,1993,AVAILABLE,150.0,2026-10-09T17:11:22.216Z
2026-10-09T17:42:43Z,MFG EV Power,77,MFG Taunton Deane,1988,AVAILABLE,50.0,2026-10-09T17:41:46.971Z
2026-10-09T17:42:43Z,MFG EV Power,77,MFG Taunton Deane,1996,AVAILABLE,150.0,2026-10-09T17:41:54.451Z
2026-10-09T17:42:43Z,MFG EV Power,77,MFG Taunton Deane,2003,AVAILABLE,50.0,2026-10-09T16:31:43.481Z
2026-10-09T17:42:43Z,MFG EV Power,77,MFG Taunton Deane,2005,AVAILABLE,150.0,2026-10-09T16:31:52.483Z
2026-10-09T17:42:43Z,MFG EV Power,442,Morrisons Taunton,1165,AVAILABLE,50.0,2026-10-08T15:54:19Z
2026-10-09T17:42:43Z,MFG EV Power,442,Morrisons Taunton,1170,AVAILABLE,50.0,2026-10-08T19:11:44Z
2026-10-09T17:42:43Z,MFG EV Power,601,MFG Taunton,3086,INOPERATIVE,400.0,2026-10-09T14:43:58.448Z
2026-10-09T17:42:43Z,MFG EV Power,601,MFG Taunton,3087,AVAILABLE,400.0,2026-10-09T16:13:31.491Z
2026-10-09T17:42:43Z,MFG EV Power,601,MFG Taunton,3088,AVAILABLE,400.0,2026-10-09T15:23:00.483Z
2026-10-09T17:42:43Z,MFG EV Power,601,MFG Taunton,3089,AVAILABLE,400.0,2026-10-09T17:13:17.324Z
2026-10-09T17:42:43Z,MFG EV Power,601,MFG Taunton,3090,AVAILABLE,400.0,2026-10-09T17:08:50.926Z
2026-10-09T17:42:43Z,MFG EV Power,601,MFG Taunton,3091,AVAILABLE,400.0,2026-10-09T16:52:32.372Z
2026-10-09T17:42:43Z,MFG EV Power,601,MFG Taunton,3092,OUTOFORDER,400.0,2026-10-06T14:32:19Z
2026-10-09T17:42:43Z,MFG EV Power,601,MFG Taunton,3093,OUTOFORDER,400.0,2026-10-06T14:32:20Z
2026-10-09T17:55:31Z,MFG EV Power,77,MFG Taunton Deane,1989,CHARGING,150.0,2026-10-09T16:24:54.681Z
2026-10-09T17:55:31Z,MFG EV Power,77,MFG Taunton Deane,1990,AVAILABLE,50.0,2026-10-09T16:24:54.924Z
2026-10-09T17:55:31Z,MFG EV Power,77,MFG Taunton Deane,1992,AVAILABLE,50.0,2026-10-09T17:11:17.542Z
2026-10-09T17:55:31Z,MFG EV Power,77,MFG Taunton Deane,1993,AVAILABLE,150.0,2026-10-09T17:11:22.216Z
2026-10-09T17:55:31Z,MFG EV Power,77,MFG Taunton Deane,1988,AVAILABLE,50.0,2026-10-09T17:41:46.971Z
2026-10-09T17:55:31Z,MFG EV Power,77,MFG Taunton Deane,1996,AVAILABLE,150.0,2026-10-09T17:41:54.451Z
2026-10-09T17:55:31Z,MFG EV Power,77,MFG Taunton Deane,2003,AVAILABLE,50.0,2026-10-09T16:31:43.481Z
2026-10-09T17:55:31Z,MFG EV Power,77,MFG Taunton Deane,2005,AVAILABLE,150.0,2026-10-09T16:31:52.483Z
2026-10-09T17:55:31Z,MFG EV Power,442,Morrisons Taunton,1165,AVAILABLE,50.0,2026-10-08T15:54:19Z
2026-10-09T17:55:31Z,MFG EV Power,442,Morrisons Taunton,1170,AVAILABLE,50.0,2026-10-08T19:11:44Z
2026-10-09T17:55:31Z,MFG EV Power,601,MFG Taunton,3086,INOPERATIVE,400.0,2026-10-09T14:43:58.448Z
2026-10-09T17:55:31Z,MFG EV Power,601,MFG Taunton,3087,AVAILABLE,400.0,2026-10-09T16:13:31.491Z
2026-10-09T17:55:31Z,MFG EV Power,601,MFG Taunton,3088,AVAILABLE,400.0,2026-10-09T15:23:00.483Z
2026-10-09T17:55:31Z,MFG EV Power,601,MFG Taunton,3089,AVAILABLE,400.0,2026-10-09T17:13:17.324Z
2026-10-09T17:55:31Z,MFG EV Power,601,MFG Taunton,3090,AVAILABLE,400.0,2026-10-09T17:08:50.926Z
2026-10-09T17:55:31Z,MFG EV Power,601,MFG Taunton,3091,CHARGING,400.0,2026-10-09T17:44:51.385Z
2026-10-09T17:55:31Z,MFG EV Power,601,MFG Taunton,3092,OUTOFORDER,400.0,2026-10-06T14:32:19Z
2026-10-09T17:55:31Z,MFG EV Power,601,MFG Taunton,3093,OUTOFORDER,400.0,2026-10-06T14:32:20Z
2026-10-09T18:05:15Z,MFG EV Power,77,MFG Taunton Deane,1989,CHARGING,150.0,2026-10-09T16:24:54.681Z
2026-10-09T18:05:15Z,MFG EV Power,77,MFG Taunton Deane,1990,AVAILABLE,50.0,2026-10-09T16:24:54.924Z
2026-10-09T18:05:15Z,MFG EV Power,77,MFG Taunton Deane,1992,AVAILABLE,50.0,2026-10-09T17:11:17.542Z
2026-10-09T18:05:15Z,MFG EV Power,77,MFG Taunton Deane,1993,AVAILABLE,150.0,2026-10-09T17:11:22.216Z
2026-10-09T18:05:15Z,MFG EV Power,77,MFG Taunton Deane,1988,AVAILABLE,50.0,2026-10-09T17:41:46.971Z
2026-10-09T18:05:15Z,MFG EV Power,77,MFG Taunton Deane,1996,AVAILABLE,150.0,2026-10-09T17:41:54.451Z
2026-10-09T18:05:15Z,MFG EV Power,77,MFG Taunton Deane,2003,AVAILABLE,50.0,2026-10-09T16:31:43.481Z
2026-10-09T18:05:15Z,MFG EV Power,77,MFG Taunton Deane,2005,AVAILABLE,150.0,2026-10-09T16:31:52.483Z
2026-10-09T18:05:15Z,MFG EV Power,442,Morrisons Taunton,1165,AVAILABLE,50.0,2026-10-08T15:54:19Z
2026-10-09T18:05:15Z,MFG EV Power,442,Morrisons Taunton,1170,AVAILABLE,50.0,2026-10-08T19:11:44Z
2026-10-09T18:05:15Z,MFG EV Power,601,MFG Taunton,3086,CHARGING,400.0,2026-10-09T17:56:51.004Z
2026-10-09T18:05:15Z,MFG EV Power,601,MFG Taunton,3087,AVAILABLE,400.0,2026-10-09T17:57:17.734Z
2026-10-09T18:05:15Z,MFG EV Power,601,MFG Taunton,3088,AVAILABLE,400.0,2026-10-09T15:23:00.483Z
2026-10-09T18:05:15Z,MFG EV Power,601,MFG Taunton,3089,AVAILABLE,400.0,2026-10-09T17:13:17.324Z
2026-10-09T18:05:15Z,MFG EV Power,601,MFG Taunton,3090,AVAILABLE,400.0,2026-10-09T17:08:50.926Z
2026-10-09T18:05:15Z,MFG EV Power,601,MFG Taunton,3091,CHARGING,400.0,2026-10-09T17:44:51.385Z
2026-10-09T18:05:15Z,MFG EV Power,601,MFG Taunton,3092,OUTOFORDER,400.0,2026-10-06T14:32:19Z
2026-10-09T18:05:15Z,MFG EV Power,601,MFG Taunton,3093,OUTOFORDER,400.0,2026-10-06T14:32:20Z
2026-10-09T18:24:35Z,MFG EV Power,77,MFG Taunton Deane,1989,CHARGING,150.0,2026-10-09T16:24:54.681Z
2026-10-09T18:24:35Z,MFG EV Power,77,MFG Taunton Deane,1990,AVAILABLE,50.0,2026-10-09T16:24:54.924Z
2026-10-09T18:24:35Z,MFG EV Power,77,MFG Taunton Deane,1992,AVAILABLE,50.0,2026-10-09T18:07:54.625Z
2026-10-09T18:24:35Z,MFG EV Power,77,MFG Taunton Deane,1993,INOPERATIVE,150.0,2026-10-09T18:07:58.376Z
2026-10-09T18:24:35Z,MFG EV Power,77,MFG Taunton Deane,1988,INOPERATIVE,50.0,2026-10-09T18:10:15.947Z
2026-10-09T18:24:35Z,MFG EV Power,77,MFG Taunton Deane,1996,CHARGING,150.0,2026-10-09T18:10:33.584Z
2026-10-09T18:24:35Z,MFG EV Power,77,MFG Taunton Deane,2003,AVAILABLE,50.0,2026-10-09T16:31:43.481Z
2026-10-09T18:24:35Z,MFG EV Power,77,MFG Taunton Deane,2005,AVAILABLE,150.0,2026-10-09T16:31:52.483Z
2026-10-09T18:24:35Z,MFG EV Power,442,Morrisons Taunton,1165,AVAILABLE,50.0,2026-10-08T15:54:19Z
2026-10-09T18:24:35Z,MFG EV Power,442,Morrisons Taunton,1170,AVAILABLE,50.0,2026-10-08T19:11:44Z
2026-10-09T18:24:35Z,MFG EV Power,601,MFG Taunton,3086,CHARGING,400.0,2026-10-09T18:22:22.382Z
2026-10-09T18:24:35Z,MFG EV Power,601,MFG Taunton,3087,AVAILABLE,400.0,2026-10-09T17:57:17.734Z
2026-10-09T18:24:35Z,MFG EV Power,601,MFG Taunton,3088,AVAILABLE,400.0,2026-10-09T15:23:00.483Z
2026-10-09T18:24:35Z,MFG EV Power,601,MFG Taunton,3089,AVAILABLE,400.0,2026-10-09T17:13:17.324Z
2026-10-09T18:24:35Z,MFG EV Power,601,MFG Taunton,3090,AVAILABLE,400.0,2026-10-09T17:08:50.926Z
2026-10-09T18:24:35Z,MFG EV Power,601,MFG Taunton,3091,CHARGING,400.0,2026-10-09T17:44:51.385Z
2026-10-09T18:24:35Z,MFG EV Power,601,MFG Taunton,3092,OUTOFORDER,400.0,2026-10-06T14:32:19Z
2026-10-09T18:24:35Z,MFG EV Power,601,MFG Taunton,3093,OUTOFORDER,400.0,2026-10-06T14:32:20Z
2026-10-09T18:42:39Z,MFG EV Power,77,MFG Taunton Deane,1989,CHARGING,150.0,2026-10-09T16:24:54.681Z
2026-10-09T18:42:39Z,MFG EV Power,77,MFG Taunton Deane,1990,INOPERATIVE,50.0,2026-10-09T18:39:16.595Z
2026-10-09T18:42:39Z,MFG EV Power,77,MFG Taunton Deane,1992,INOPERATIVE,50.0,2026-10-09T18:41:42.264Z
2026-10-09T18:42:39Z,MFG EV Power,77,MFG Taunton Deane,1993,CHARGING,150.0,2026-10-09T18:42:01.578Z
2026-10-09T18:42:39Z,MFG EV Power,77,MFG Taunton Deane,1988,INOPERATIVE,50.0,2026-10-09T18:10:15.947Z
2026-10-09T18:42:39Z,MFG EV Power,77,MFG Taunton Deane,1996,CHARGING,150.0,2026-10-09T18:10:33.584Z
2026-10-09T18:42:39Z,MFG EV Power,77,MFG Taunton Deane,2003,AVAILABLE,50.0,2026-10-09T16:31:43.481Z
2026-10-09T18:42:39Z,MFG EV Power,77,MFG Taunton Deane,2005,AVAILABLE,150.0,2026-10-09T18:41:14.679Z
2026-10-09T18:42:39Z,MFG EV Power,442,Morrisons Taunton,1165,AVAILABLE,50.0,2026-10-08T15:54:19Z
2026-10-09T18:42:39Z,MFG EV Power,442,Morrisons Taunton,1170,AVAILABLE,50.0,2026-10-08T19:11:44Z
2026-10-09T18:42:39Z,MFG EV Power,601,MFG Taunton,3086,CHARGING,400.0,2026-10-09T18:22:22.382Z
2026-10-09T18:42:39Z,MFG EV Power,601,MFG Taunton,3087,AVAILABLE,400.0,2026-10-09T17:57:17.734Z
2026-10-09T18:42:39Z,MFG EV Power,601,MFG Taunton,3088,AVAILABLE,400.0,2026-10-09T15:23:00.483Z
2026-10-09T18:42:39Z,MFG EV Power,601,MFG Taunton,3089,AVAILABLE,400.0,2026-10-09T17:13:17.324Z
2026-10-09T18:42:39Z,MFG EV Power,601,MFG Taunton,3090,AVAILABLE,400.0,2026-10-09T17:08:50.926Z
2026-10-09T18:42:39Z,MFG EV Power,601,MFG Taunton,3091,CHARGING,400.0,2026-10-09T17:44:51.385Z
2026-10-09T18:42:39Z,MFG EV Power,601,MFG Taunton,3092,OUTOFORDER,400.0,2026-10-06T14:32:19Z
2026-10-09T18:42:39Z,MFG EV Power,601,MFG Taunton,3093,OUTOFORDER,400.0,2026-10-06T14:32:20Z
2026-10-09T18:57:31Z,MFG EV Power,77,MFG Taunton Deane,1989,CHARGING,150.0,2026-10-09T16:24:54.681Z
2026-10-09T18:57:31Z,MFG EV Power,77,MFG Taunton Deane,1990,INOPERATIVE,50.0,2026-10-09T18:39:16.595Z
2026-10-09T18:57:31Z,MFG EV Power,77,MFG Taunton Deane,1992,INOPERATIVE,50.0,2026-10-09T18:41:42.264Z
2026-10-09T18:57:31Z,MFG EV Power,77,MFG Taunton Deane,1993,CHARGING,150.0,2026-10-09T18:42:01.578Z
2026-10-09T18:57:31Z,MFG EV Power,77,MFG Taunton Deane,1988,INOPERATIVE,50.0,2026-10-09T18:10:15.947Z
2026-10-09T18:57:31Z,MFG EV Power,77,MFG Taunton Deane,1996,CHARGING,150.0,2026-10-09T18:10:33.584Z
2026-10-09T18:57:31Z,MFG EV Power,77,MFG Taunton Deane,2003,INOPERATIVE,50.0,2026-10-09T18:45:49.355Z
2026-10-09T18:57:31Z,MFG EV Power,77,MFG Taunton Deane,2005,CHARGING,150.0,2026-10-09T18:46:11.383Z
2026-10-09T18:57:31Z,MFG EV Power,442,Morrisons Taunton,1165,AVAILABLE,50.0,2026-10-08T15:54:19Z
2026-10-09T18:57:31Z,MFG EV Power,442,Morrisons Taunton,1170,AVAILABLE,50.0,2026-10-08T19:11:44Z
2026-10-09T18:57:31Z,MFG EV Power,601,MFG Taunton,3086,CHARGING,400.0,2026-10-09T18:22:22.382Z
2026-10-09T18:57:31Z,MFG EV Power,601,MFG Taunton,3087,AVAILABLE,400.0,2026-10-09T17:57:17.734Z
2026-10-09T18:57:31Z,MFG EV Power,601,MFG Taunton,3088,CHARGING,400.0,2026-10-09T18:52:58.809Z
2026-10-09T18:57:31Z,MFG EV Power,601,MFG Taunton,3089,AVAILABLE,400.0,2026-10-09T18:51:20.158Z
2026-10-09T18:57:31Z,MFG EV Power,601,MFG Taunton,3090,AVAILABLE,400.0,2026-10-09T17:08:50.926Z
2026-10-09T18:57:31Z,MFG EV Power,601,MFG Taunton,3091,CHARGING,400.0,2026-10-09T17:44:51.385Z
2026-10-09T18:57:31Z,MFG EV Power,601,MFG Taunton,3092,OUTOFORDER,400.0,2026-10-06T14:32:19Z
2026-10-09T18:57:31Z,MFG EV Power,601,MFG Taunton,3093,OUTOFORDER,400.0,2026-10-06T14:32:20Z
2026-10-09T19:07:53Z,MFG EV Power,77,MFG Taunton Deane,1989,CHARGING,150.0,2026-10-09T19:00:55.480Z
2026-10-09T19:07:53Z,MFG EV Power,77,MFG Taunton Deane,1990,INOPERATIVE,50.0,2026-10-09T19:00:35.377Z
2026-10-09T19:07:53Z,MFG EV Power,77,MFG Taunton Deane,1992,INOPERATIVE,50.0,2026-10-09T18:41:42.264Z
2026-10-09T19:07:53Z,MFG EV Power,77,MFG Taunton Deane,1993,CHARGING,150.0,2026-10-09T18:42:01.578Z
2026-10-09T19:07:53Z,MFG EV Power,77,MFG Taunton Deane,1988,AVAILABLE,50.0,2026-10-09T19:04:29.581Z
2026-10-09T19:07:53Z,MFG EV Power,77,MFG Taunton Deane,1996,CHARGING,150.0,2026-10-09T19:04:26.574Z
2026-10-09T19:07:53Z,MFG EV Power,77,MFG Taunton Deane,2003,INOPERATIVE,50.0,2026-10-09T18:45:49.355Z
2026-10-09T19:07:53Z,MFG EV Power,77,MFG Taunton Deane,2005,CHARGING,150.0,2026-10-09T18:46:11.383Z
2026-10-09T19:07:53Z,MFG EV Power,442,Morrisons Taunton,1165,AVAILABLE,50.0,2026-10-08T15:54:19Z
2026-10-09T19:07:53Z,MFG EV Power,442,Morrisons Taunton,1170,AVAILABLE,50.0,2026-10-08T19:11:44Z
2026-10-09T19:07:53Z,MFG EV Power,601,MFG Taunton,3086,CHARGING,400.0,2026-10-09T18:22:22.382Z
2026-10-09T19:07:53Z,MFG EV Power,601,MFG Taunton,3087,AVAILABLE,400.0,2026-10-09T17:57:17.734Z
2026-10-09T19:07:53Z,MFG EV Power,601,MFG Taunton,3088,CHARGING,400.0,2026-10-09T18:52:58.809Z
2026-10-09T19:07:53Z,MFG EV Power,601,MFG Taunton,3089,AVAILABLE,400.0,2026-10-09T18:51:20.158Z
2026-10-09T19:07:53Z,MFG EV Power,601,MFG Taunton,3090,AVAILABLE,400.0,2026-10-09T17:08:50.926Z
2026-10-09T19:07:53Z,MFG EV Power,601,MFG Taunton,3091,CHARGING,400.0,2026-10-09T17:44:51.385Z
2026-10-09T19:07:53Z,MFG EV Power,601,MFG Taunton,3092,OUTOFORDER,400.0,2026-10-06T14:32:19Z
2026-10-09T19:07:53Z,MFG EV Power,601,MFG Taunton,3093,OUTOFORDER,400.0,2026-10-06T14:32:20Z
