polled_at_utc,operator,location_id,location_name,evse_uid,status,max_kw,status_updated_utc
2026-10-06T00:07:27Z,MFG EV Power,77,MFG Taunton Deane,1989,AVAILABLE,150.0,2026-10-05T20:55:37Z
2026-10-06T00:07:27Z,MFG EV Power,77,MFG Taunton Deane,1990,AVAILABLE,50.0,2026-10-05T20:55:33Z
2026-10-06T00:07:27Z,MFG EV Power,77,MFG Taunton Deane,1992,AVAILABLE,50.0,2026-10-05T17:25:00Z
2026-10-06T00:07:27Z,MFG EV Power,77,MFG Taunton Deane,1993,AVAILABLE,150.0,2026-10-05T17:25:09Z
2026-10-06T00:07:27Z,MFG EV Power,77,MFG Taunton Deane,1988,AVAILABLE,50.0,2026-10-05T20:49:36Z
2026-10-06T00:07:27Z,MFG EV Power,77,MFG Taunton Deane,1996,AVAILABLE,150.0,2026-10-05T20:49:43Z
2026-10-06T00:07:27Z,MFG EV Power,77,MFG Taunton Deane,2003,AVAILABLE,50.0,2026-10-05T21:04:14Z
2026-10-06T00:07:27Z,MFG EV Power,77,MFG Taunton Deane,2005,AVAILABLE,150.0,2026-10-05T21:04:23Z
2026-10-06T00:07:27Z,MFG EV Power,442,Morrisons Taunton,1165,AVAILABLE,50.0,2026-10-04T13:44:20Z
2026-10-06T00:07:27Z,MFG EV Power,442,Morrisons Taunton,1170,AVAILABLE,50.0,2026-10-05T17:38:49Z
2026-10-06T00:07:27Z,MFG EV Power,601,MFG Taunton,3086,UNKNOWN,400.0,2026-10-05T23:15:03Z
2026-10-06T00:07:27Z,MFG EV Power,601,MFG Taunton,3087,UNKNOWN,400.0,2026-10-05T23:15:03Z
2026-10-06T00:07:27Z,MFG EV Power,601,MFG Taunton,3088,UNKNOWN,400.0,2026-10-05T23:15:04Z
2026-10-06T00:07:27Z,MFG EV Power,601,MFG Taunton,3089,UNKNOWN,400.0,2026-10-05T23:15:04Z
2026-10-06T00:07:27Z,MFG EV Power,601,MFG Taunton,3090,UNKNOWN,400.0,2026-10-05T23:15:10Z
2026-10-06T00:07:27Z,MFG EV Power,601,MFG Taunton,3091,UNKNOWN,400.0,2026-10-05T23:15:10Z
2026-10-06T00:07:27Z,MFG EV Power,601,MFG Taunton,3092,UNKNOWN,400.0,2026-10-05T23:14:49Z
2026-10-06T00:07:27Z,MFG EV Power,601,MFG Taunton,3093,UNKNOWN,400.0,2026-10-05T23:14:49Z
2026-10-06T00:33:33Z,MFG EV Power,77,MFG Taunton Deane,1989,AVAILABLE,150.0,2026-10-05T20:55:37Z
2026-10-06T00:33:33Z,MFG EV Power,77,MFG Taunton Deane,1990,AVAILABLE,50.0,2026-10-05T20:55:33Z
2026-10-06T00:33:33Z,MFG EV Power,77,MFG Taunton Deane,1992,AVAILABLE,50.0,2026-10-05T17:25:00Z
2026-10-06T00:33:33Z,MFG EV Power,77,MFG Taunton Deane,1993,AVAILABLE,150.0,2026-10-05T17:25:09Z
2026-10-06T00:33:33Z,MFG EV Power,77,MFG Taunton Deane,1988,AVAILABLE,50.0,2026-10-05T20:49:36Z
2026-10-06T00:33:33Z,MFG EV Power,77,MFG Taunton Deane,1996,AVAILABLE,150.0,2026-10-05T20:49:43Z
2026-10-06T00:33:33Z,MFG EV Power,77,MFG Taunton Deane,2003,AVAILABLE,50.0,2026-10-05T21:04:14Z
2026-10-06T00:33:33Z,MFG EV Power,77,MFG Taunton Deane,2005,AVAILABLE,150.0,2026-10-05T21:04:23Z
2026-10-06T00:33:33Z,MFG EV Power,442,Morrisons Taunton,1165,AVAILABLE,50.0,2026-10-04T13:44:20Z
2026-10-06T00:33:33Z,MFG EV Power,442,Morrisons Taunton,1170,AVAILABLE,50.0,2026-10-05T17:38:49Z
2026-10-06T00:33:33Z,MFG EV Power,601,MFG Taunton,3086,UNKNOWN,400.0,2026-10-05T23:15:03Z
2026-10-06T00:33:33Z,MFG EV Power,601,MFG Taunton,3087,UNKNOWN,400.0,2026-10-05T23:15:03Z
2026-10-06T00:33:33Z,MFG EV Power,601,MFG Taunton,3088,UNKNOWN,400.0,2026-10-05T23:15:04Z
2026-10-06T00:33:33Z,MFG EV Power,601,MFG Taunton,3089,UNKNOWN,400.0,2026-10-05T23:15:04Z
2026-10-06T00:33:33Z,MFG EV Power,601,MFG Taunton,3090,UNKNOWN,400.0,2026-10-05T23:15:10Z
2026-10-06T00:33:33Z,MFG EV Power,601,MFG Taunton,3091,UNKNOWN,400.0,2026-10-05T23:15:10Z
2026-10-06T00:33:33Z,MFG EV Power,601,MFG Taunton,3092,UNKNOWN,400.0,2026-10-05T23:14:49Z
2026-10-06T00:33:33Z,MFG EV Power,601,MFG Taunton,3093,UNKNOWN,400.0,2026-10-05T23:14:49Z
2026-10-06T00:53:57Z,MFG EV Power,77,MFG Taunton Deane,1989,AVAILABLE,150.0,2026-10-05T20:55:37Z
2026-10-06T00:53:57Z,MFG EV Power,77,MFG Taunton Deane,1990,AVAILABLE,50.0,2026-10-05T20:55:33Z
2026-10-06T00:53:57Z,MFG EV Power,77,MFG Taunton Deane,1992,AVAILABLE,50.0,2026-10-05T17:25:00Z
2026-10-06T00:53:57Z,MFG EV Power,77,MFG Taunton Deane,1993,AVAILABLE,150.0,2026-10-05T17:25:09Z
2026-10-06T00:53:57Z,MFG EV Power,77,MFG Taunton Deane,1988,AVAILABLE,50.0,2026-10-05T20:49:36Z
2026-10-06T00:53:57Z,MFG EV Power,77,MFG Taunton Deane,1996,AVAILABLE,150.0,2026-10-05T20:49:43Z
2026-10-06T00:53:57Z,MFG EV Power,77,MFG Taunton Deane,2003,AVAILABLE,50.0,2026-10-05T21:04:14Z
2026-10-06T00:53:57Z,MFG EV Power,77,MFG Taunton Deane,2005,AVAILABLE,150.0,2026-10-05T21:04:23Z
2026-10-06T00:53:57Z,MFG EV Power,442,Morrisons Taunton,1165,AVAILABLE,50.0,2026-10-04T13:44:20Z
2026-10-06T00:53:57Z,MFG EV Power,442,Morrisons Taunton,1170,AVAILABLE,50.0,2026-10-05T17:38:49Z
2026-10-06T00:53:57Z,MFG EV Power,601,MFG Taunton,3086,UNKNOWN,400.0,2026-10-05T23:15:03Z
2026-10-06T00:53:57Z,MFG EV Power,601,MFG Taunton,3087,UNKNOWN,400.0,2026-10-05T23:15:03Z
2026-10-06T00:53:57Z,MFG EV Power,601,MFG Taunton,3088,UNKNOWN,400.0,2026-10-05T23:15:04Z
2026-10-06T00:53:57Z,MFG EV Power,601,MFG Taunton,3089,UNKNOWN,400.0,2026-10-05T23:15:04Z
2026-10-06T00:53:57Z,MFG EV Power,601,MFG Taunton,3090,UNKNOWN,400.0,2026-10-05T23:15:10Z
2026-10-06T00:53:57Z,MFG EV Power,601,MFG Taunton,3091,UNKNOWN,400.0,2026-10-05T23:15:10Z
2026-10-06T00:53:57Z,MFG EV Power,601,MFG Taunton,3092,UNKNOWN,400.0,2026-10-05T23:14:49Z
2026-10-06T00:53:57Z,MFG EV Power,601,MFG Taunton,3093,UNKNOWN,400.0,2026-10-05T23:14:49Z
2026-10-06T01:04:35Z,MFG EV Power,77,MFG Taunton Deane,1989,AVAILABLE,150.0,2026-10-05T20:55:37Z
2026-10-06T01:04:35Z,MFG EV Power,77,MFG Taunton Deane,1990,AVAILABLE,50.0,2026-10-05T20:55:33Z
2026-10-06T01:04:35Z,MFG EV Power,77,MFG Taunton Deane,1992,AVAILABLE,50.0,2026-10-05T17:25:00Z
2026-10-06T01:04:35Z,MFG EV Power,77,MFG Taunton Deane,1993,AVAILABLE,150.0,2026-10-05T17:25:09Z
2026-10-06T01:04:35Z,MFG EV Power,77,MFG Taunton Deane,1988,AVAILABLE,50.0,2026-10-05T20:49:36Z
2026-10-06T01:04:35Z,MFG EV Power,77,MFG Taunton Deane,1996,AVAILABLE,150.0,2026-10-05T20:49:43Z
2026-10-06T01:04:35Z,MFG EV Power,77,MFG Taunton Deane,2003,AVAILABLE,50.0,2026-10-05T21:04:14Z
2026-10-06T01:04:35Z,MFG EV Power,77,MFG Taunton Deane,2005,AVAILABLE,150.0,2026-10-05T21:04:23Z
2026-10-06T01:04:35Z,MFG EV Power,442,Morrisons Taunton,1165,AVAILABLE,50.0,2026-10-04T13:44:20Z
2026-10-06T01:04:35Z,MFG EV Power,442,Morrisons Taunton,1170,AVAILABLE,50.0,2026-10-05T17:38:49Z
2026-10-06T01:04:35Z,MFG EV Power,601,MFG Taunton,3086,UNKNOWN,400.0,2026-10-05T23:15:03Z
2026-10-06T01:04:35Z,MFG EV Power,601,MFG Taunton,3087,UNKNOWN,400.0,2026-10-05T23:15:03Z
2026-10-06T01:04:35Z,MFG EV Power,601,MFG Taunton,3088,UNKNOWN,400.0,2026-10-05T23:15:04Z
2026-10-06T01:04:35Z,MFG EV Power,601,MFG Taunton,3089,UNKNOWN,400.0,2026-10-05T23:15:04Z
2026-10-06T01:04:35Z,MFG EV Power,601,MFG Taunton,3090,UNKNOWN,400.0,2026-10-05T23:15:10Z
2026-10-06T01:04:35Z,MFG EV Power,601,MFG Taunton,3091,UNKNOWN,400.0,2026-10-05T23:15:10Z
2026-10-06T01:04:35Z,MFG EV Power,601,MFG Taunton,3092,UNKNOWN,400.0,2026-10-05T23:14:49Z
2026-10-06T01:04:35Z,MFG EV Power,601,MFG Taunton,3093,UNKNOWN,400.0,2026-10-05T23:14:49Z
2026-10-06T01:20:49Z,MFG EV Power,77,MFG Taunton Deane,1989,AVAILABLE,150.0,2026-10-05T20:55:37Z
2026-10-06T01:20:49Z,MFG EV Power,77,MFG Taunton Deane,1990,AVAILABLE,50.0,2026-10-05T20:55:33Z
2026-10-06T01:20:49Z,MFG EV Power,77,MFG Taunton Deane,1992,AVAILABLE,50.0,2026-10-05T17:25:00Z
2026-10-06T01:20:49Z,MFG EV Power,77,MFG Taunton Deane,1993,AVAILABLE,150.0,2026-10-05T17:25:09Z
2026-10-06T01:20:49Z,MFG EV Power,77,MFG Taunton Deane,1988,AVAILABLE,50.0,2026-10-05T20:49:36Z
2026-10-06T01:20:49Z,MFG EV Power,77,MFG Taunton Deane,1996,AVAILABLE,150.0,2026-10-05T20:49:43Z
2026-10-06T01:20:49Z,MFG EV Power,77,MFG Taunton Deane,2003,AVAILABLE,50.0,2026-10-05T21:04:14Z
2026-10-06T01:20:49Z,MFG EV Power,77,MFG Taunton Deane,2005,AVAILABLE,150.0,2026-10-05T21:04:23Z
2026-10-06T01:20:49Z,MFG EV Power,442,Morrisons Taunton,1165,AVAILABLE,50.0,2026-10-04T13:44:20Z
2026-10-06T01:20:49Z,MFG EV Power,442,Morrisons Taunton,1170,AVAILABLE,50.0,2026-10-05T17:38:49Z
2026-10-06T01:20:49Z,MFG EV Power,601,MFG Taunton,3086,UNKNOWN,400.0,2026-10-05T23:15:03Z
2026-10-06T01:20:49Z,MFG EV Power,601,MFG Taunton,3087,UNKNOWN,400.0,2026-10-05T23:15:03Z
2026-10-06T01:20:49Z,MFG EV Power,601,MFG Taunton,3088,UNKNOWN,400.0,2026-10-05T23:15:04Z
2026-10-06T01:20:49Z,MFG EV Power,601,MFG Taunton,3089,UNKNOWN,400.0,2026-10-05T23:15:04Z
2026-10-06T01:20:49Z,MFG EV Power,601,MFG Taunton,3090,UNKNOWN,400.0,2026-10-05T23:15:10Z
2026-10-06T01:20:49Z,MFG EV Power,601,MFG Taunton,3091,UNKNOWN,400.0,2026-10-05T23:15:10Z
2026-10-06T01:20:49Z,MFG EV Power,601,MFG Taunton,3092,UNKNOWN,400.0,2026-10-05T23:14:49Z
2026-10-06T01:20:49Z,MFG EV Power,601,MFG Taunton,3093,UNKNOWN,400.0,2026-10-05T23:14:49Z
2026-10-06T01:34:05Z,MFG EV Power,77,MFG Taunton Deane,1989,AVAILABLE,150.0,2026-10-05T20:55:37Z
2026-10-06T01:34:05Z,MFG EV Power,77,MFG Taunton Deane,1990,AVAILABLE,50.0,2026-10-05T20:55:33Z
2026-10-06T01:34:05Z,MFG EV Power,77,MFG Taunton Deane,1992,AVAILABLE,50.0,2026-10-05T17:25:00Z
2026-10-06T01:34:05Z,MFG EV Power,77,MFG Taunton Deane,1993,AVAILABLE,150.0,2026-10-05T17:25:09Z
2026-10-06T01:34:05Z,MFG EV Power,77,MFG Taunton Deane,1988,AVAILABLE,50.0,2026-10-05T20:49:36Z
2026-10-06T01:34:05Z,MFG EV Power,77,MFG Taunton Deane,1996,AVAILABLE,150.0,2026-10-05T20:49:43Z
2026-10-06T01:34:05Z,MFG EV Power,77,MFG Taunton Deane,2003,AVAILABLE,50.0,2026-10-05T21:04:14Z
2026-10-06T01:34:05Z,MFG EV Power,77,MFG Taunton Deane,2005,AVAILABLE,150.0,2026-10-05T21:04:23Z
2026-10-06T01:34:05Z,MFG EV Power,442,Morrisons Taunton,1165,AVAILABLE,50.0,2026-10-04T13:44:20Z
2026-10-06T01:34:05Z,MFG EV Power,442,Morrisons Taunton,1170,AVAILABLE,50.0,2026-10-05T17:38:49Z
2026-10-06T01:34:05Z,MFG EV Power,601,MFG Taunton,3086,UNKNOWN,400.0,2026-10-05T23:15:03Z
2026-10-06T01:34:05Z,MFG EV Power,601,MFG Taunton,3087,UNKNOWN,400.0,2026-10-05T23:15:03Z
2026-10-06T01:34:05Z,MFG EV Power,601,MFG Taunton,3088,UNKNOWN,400.0,2026-10-05T23:15:04Z
2026-10-06T01:34:05Z,MFG EV Power,601,MFG Taunton,3089,UNKNOWN,400.0,2026-10-05T23:15:04Z
2026-10-06T01:34:05Z,MFG EV Power,601,MFG Taunton,3090,UNKNOWN,400.0,2026-10-05T23:15:10Z
2026-10-06T01:34:05Z,MFG EV Power,601,MFG Taunton,3091,UNKNOWN,400.0,2026-10-05T23:15:10Z
2026-10-06T01:34:05Z,MFG EV Power,601,MFG Taunton,3092,UNKNOWN,400.0,2026-10-05T23:14:49Z
2026-10-06T01:34:05Z,MFG EV Power,601,MFG Taunton,3093,UNKNOWN,400.0,2026-10-05T23:14:49Z
2026-10-06T01:46:23Z,MFG EV Power,77,MFG Taunton Deane,1989,AVAILABLE,150.0,2026-10-05T20:55:37Z
2026-10-06T01:46:23Z,MFG EV Power,77,MFG Taunton Deane,1990,AVAILABLE,50.0,2026-10-05T20:55:33Z
2026-10-06T01:46:23Z,MFG EV Power,77,MFG Taunton Deane,1992,AVAILABLE,50.0,2026-10-05T17:25:00Z
2026-10-06T01:46:23Z,MFG EV Power,77,MFG Taunton Deane,1993,AVAILABLE,150.0,2026-10-05T17:25:09Z
2026-10-06T01:46:23Z,MFG EV Power,77,MFG Taunton Deane,1988,AVAILABLE,50.0,2026-10-05T20:49:36Z
2026-10-06T01:46:23Z,MFG EV Power,77,MFG Taunton Deane,1996,AVAILABLE,150.0,2026-10-05T20:49:43Z
2026-10-06T01:46:23Z,MFG EV Power,77,MFG Taunton Deane,2003,AVAILABLE,50.0,2026-10-05T21:04:14Z
2026-10-06T01:46:23Z,MFG EV Power,77,MFG Taunton Deane,2005,AVAILABLE,150.0,2026-10-05T21:04:23Z
2026-10-06T01:46:23Z,MFG EV Power,442,Morrisons Taunton,1165,AVAILABLE,50.0,2026-10-04T13:44:20Z
2026-10-06T01:46:23Z,MFG EV Power,442,Morrisons Taunton,1170,AVAILABLE,50.0,2026-10-05T17:38:49Z
2026-10-06T01:46:23Z,MFG EV Power,601,MFG Taunton,3086,UNKNOWN,400.0,2026-10-05T23:15:03Z
2026-10-06T01:46:23Z,MFG EV Power,601,MFG Taunton,3087,UNKNOWN,400.0,2026-10-05T23:15:03Z
2026-10-06T01:46:23Z,MFG EV Power,601,MFG Taunton,3088,UNKNOWN,400.0,2026-10-05T23:15:04Z
2026-10-06T01:46:23Z,MFG EV Power,601,MFG Taunton,3089,UNKNOWN,400.0,2026-10-05T23:15:04Z
2026-10-06T01:46:23Z,MFG EV Power,601,MFG Taunton,3090,UNKNOWN,400.0,2026-10-05T23:15:10Z
2026-10-06T01:46:23Z,MFG EV Power,601,MFG Taunton,3091,UNKNOWN,400.0,2026-10-05T23:15:10Z
2026-10-06T01:46:23Z,MFG EV Power,601,MFG Taunton,3092,UNKNOWN,400.0,2026-10-05T23:14:49Z
2026-10-06T01:46:23Z,MFG EV Power,601,MFG Taunton,3093,UNKNOWN,400.0,2026-10-05T23:14:49Z
2026-10-06T01:56:07Z,MFG EV Power,77,MFG Taunton Deane,1989,AVAILABLE,150.0,2026-10-05T20:55:37Z
2026-10-06T01:56:07Z,MFG EV Power,77,MFG Taunton Deane,1990,AVAILABLE,50.0,2026-10-05T20:55:33Z
2026-10-06T01:56:07Z,MFG EV Power,77,MFG Taunton Deane,1992,AVAILABLE,50.0,2026-10-05T17:25:00Z
2026-10-06T01:56:07Z,MFG EV Power,77,MFG Taunton Deane,1993,AVAILABLE,150.0,2026-10-05T17:25:09Z
2026-10-06T01:56:07Z,MFG EV Power,77,MFG Taunton Deane,1988,AVAILABLE,50.0,2026-10-05T20:49:36Z
2026-10-06T01:56:07Z,MFG EV Power,77,MFG Taunton Deane,1996,AVAILABLE,150.0,2026-10-05T20:49:43Z
2026-10-06T01:56:07Z,MFG EV Power,77,MFG Taunton Deane,2003,AVAILABLE,50.0,2026-10-05T21:04:14Z
2026-10-06T01:56:07Z,MFG EV Power,77,MFG Taunton Deane,2005,AVAILABLE,150.0,2026-10-05T21:04:23Z
2026-10-06T01:56:07Z,MFG EV Power,442,Morrisons Taunton,1165,AVAILABLE,50.0,2026-10-04T13:44:20Z
2026-10-06T01:56:07Z,MFG EV Power,442,Morrisons Taunton,1170,AVAILABLE,50.0,2026-10-05T17:38:49Z
2026-10-06T01:56:07Z,MFG EV Power,601,MFG Taunton,3086,UNKNOWN,400.0,2026-10-05T23:15:03Z
2026-10-06T01:56:07Z,MFG EV Power,601,MFG Taunton,3087,UNKNOWN,400.0,2026-10-05T23:15:03Z
2026-10-06T01:56:07Z,MFG EV Power,601,MFG Taunton,3088,UNKNOWN,400.0,2026-10-05T23:15:04Z
2026-10-06T01:56:07Z,MFG EV Power,601,MFG Taunton,3089,UNKNOWN,400.0,2026-10-05T23:15:04Z
2026-10-06T01:56:07Z,MFG EV Power,601,MFG Taunton,3090,UNKNOWN,400.0,2026-10-05T23:15:10Z
2026-10-06T01:56:07Z,MFG EV Power,601,MFG Taunton,3091,UNKNOWN,400.0,2026-10-05T23:15:10Z
2026-10-06T01:56:07Z,MFG EV Power,601,MFG Taunton,3092,UNKNOWN,400.0,2026-10-05T23:14:49Z
2026-10-06T01:56:07Z,MFG EV Power,601,MFG Taunton,3093,UNKNOWN,400.0,2026-10-05T23:14:49Z
2026-10-06T02:05:08Z,MFG EV Power,77,MFG Taunton Deane,1989,AVAILABLE,150.0,2026-10-05T20:55:37Z
2026-10-06T02:05:08Z,MFG EV Power,77,MFG Taunton Deane,1990,AVAILABLE,50.0,2026-10-05T20:55:33Z
2026-10-06T02:05:08Z,MFG EV Power,77,MFG Taunton Deane,1992,AVAILABLE,50.0,2026-10-05T17:25:00Z
2026-10-06T02:05:08Z,MFG EV Power,77,MFG Taunton Deane,1993,AVAILABLE,150.0,2026-10-05T17:25:09Z
2026-10-06T02:05:08Z,MFG EV Power,77,MFG Taunton Deane,1988,AVAILABLE,50.0,2026-10-05T20:49:36Z
2026-10-06T02:05:08Z,MFG EV Power,77,MFG Taunton Deane,1996,AVAILABLE,150.0,2026-10-05T20:49:43Z
2026-10-06T02:05:08Z,MFG EV Power,77,MFG Taunton Deane,2003,AVAILABLE,50.0,2026-10-05T21:04:14Z
2026-10-06T02:05:08Z,MFG EV Power,77,MFG Taunton Deane,2005,AVAILABLE,150.0,2026-10-05T21:04:23Z
2026-10-06T02:05:08Z,MFG EV Power,442,Morrisons Taunton,1165,AVAILABLE,50.0,2026-10-04T13:44:20Z
2026-10-06T02:05:08Z,MFG EV Power,442,Morrisons Taunton,1170,AVAILABLE,50.0,2026-10-05T17:38:49Z
2026-10-06T02:05:08Z,MFG EV Power,601,MFG Taunton,3086,UNKNOWN,400.0,2026-10-05T23:15:03Z
2026-10-06T02:05:08Z,MFG EV Power,601,MFG Taunton,3087,UNKNOWN,400.0,2026-10-05T23:15:03Z
2026-10-06T02:05:08Z,MFG EV Power,601,MFG Taunton,3088,UNKNOWN,400.0,2026-10-05T23:15:04Z
2026-10-06T02:05:08Z,MFG EV Power,601,MFG Taunton,3089,UNKNOWN,400.0,2026-10-05T23:15:04Z
2026-10-06T02:05:08Z,MFG EV Power,601,MFG Taunton,3090,UNKNOWN,400.0,2026-10-05T23:15:10Z
2026-10-06T02:05:08Z,MFG EV Power,601,MFG Taunton,3091,UNKNOWN,400.0,2026-10-05T23:15:10Z
2026-10-06T02:05:08Z,MFG EV Power,601,MFG Taunton,3092,UNKNOWN,400.0,2026-10-05T23:14:49Z
2026-10-06T02:05:08Z,MFG EV Power,601,MFG Taunton,3093,UNKNOWN,400.0,2026-10-05T23:14:49Z
2026-10-06T02:20:50Z,MFG EV Power,77,MFG Taunton Deane,1989,AVAILABLE,150.0,2026-10-05T20:55:37Z
2026-10-06T02:20:50Z,MFG EV Power,77,MFG Taunton Deane,1990,AVAILABLE,50.0,2026-10-05T20:55:33Z
2026-10-06T02:20:50Z,MFG EV Power,77,MFG Taunton Deane,1992,AVAILABLE,50.0,2026-10-05T17:25:00Z
2026-10-06T02:20:50Z,MFG EV Power,77,MFG Taunton Deane,1993,AVAILABLE,150.0,2026-10-05T17:25:09Z
2026-10-06T02:20:50Z,MFG EV Power,77,MFG Taunton Deane,1988,AVAILABLE,50.0,2026-10-05T20:49:36Z
2026-10-06T02:20:50Z,MFG EV Power,77,MFG Taunton Deane,1996,AVAILABLE,150.0,2026-10-05T20:49:43Z
2026-10-06T02:20:50Z,MFG EV Power,77,MFG Taunton Deane,2003,AVAILABLE,50.0,2026-10-05T21:04:14Z
2026-10-06T02:20:50Z,MFG EV Power,77,MFG Taunton Deane,2005,AVAILABLE,150.0,2026-10-05T21:04:23Z
2026-10-06T02:20:50Z,MFG EV Power,442,Morrisons Taunton,1165,AVAILABLE,50.0,2026-10-04T13:44:20Z
2026-10-06T02:20:50Z,MFG EV Power,442,Morrisons Taunton,1170,AVAILABLE,50.0,2026-10-05T17:38:49Z
2026-10-06T02:20:50Z,MFG EV Power,601,MFG Taunton,3086,UNKNOWN,400.0,2026-10-05T23:15:03Z
2026-10-06T02:20:50Z,MFG EV Power,601,MFG Taunton,3087,UNKNOWN,400.0,2026-10-05T23:15:03Z
2026-10-06T02:20:50Z,MFG EV Power,601,MFG Taunton,3088,UNKNOWN,400.0,2026-10-05T23:15:04Z
2026-10-06T02:20:50Z,MFG EV Power,601,MFG Taunton,3089,UNKNOWN,400.0,2026-10-05T23:15:04Z
2026-10-06T02:20:50Z,MFG EV Power,601,MFG Taunton,3090,UNKNOWN,400.0,2026-10-05T23:15:10Z
2026-10-06T02:20:50Z,MFG EV Power,601,MFG Taunton,3091,UNKNOWN,400.0,2026-10-05T23:15:10Z
2026-10-06T02:20:50Z,MFG EV Power,601,MFG Taunton,3092,UNKNOWN,400.0,2026-10-05T23:14:49Z
2026-10-06T02:20:50Z,MFG EV Power,601,MFG Taunton,3093,UNKNOWN,400.0,2026-10-05T23:14:49Z
2026-10-06T02:36:02Z,MFG EV Power,77,MFG Taunton Deane,1989,AVAILABLE,150.0,2026-10-05T20:55:37Z
2026-10-06T02:36:02Z,MFG EV Power,77,MFG Taunton Deane,1990,AVAILABLE,50.0,2026-10-05T20:55:33Z
2026-10-06T02:36:02Z,MFG EV Power,77,MFG Taunton Deane,1992,AVAILABLE,50.0,2026-10-05T17:25:00Z
2026-10-06T02:36:02Z,MFG EV Power,77,MFG Taunton Deane,1993,AVAILABLE,150.0,2026-10-05T17:25:09Z
2026-10-06T02:36:02Z,MFG EV Power,77,MFG Taunton Deane,1988,AVAILABLE,50.0,2026-10-05T20:49:36Z
2026-10-06T02:36:02Z,MFG EV Power,77,MFG Taunton Deane,1996,AVAILABLE,150.0,2026-10-05T20:49:43Z
2026-10-06T02:36:02Z,MFG EV Power,77,MFG Taunton Deane,2003,AVAILABLE,50.0,2026-10-05T21:04:14Z
2026-10-06T02:36:02Z,MFG EV Power,77,MFG Taunton Deane,2005,AVAILABLE,150.0,2026-10-05T21:04:23Z
2026-10-06T02:36:02Z,MFG EV Power,442,Morrisons Taunton,1165,AVAILABLE,50.0,2026-10-04T13:44:20Z
2026-10-06T02:36:02Z,MFG EV Power,442,Morrisons Taunton,1170,AVAILABLE,50.0,2026-10-05T17:38:49Z
2026-10-06T02:36:02Z,MFG EV Power,601,MFG Taunton,3086,UNKNOWN,400.0,2026-10-05T23:15:03Z
2026-10-06T02:36:02Z,MFG EV Power,601,MFG Taunton,3087,UNKNOWN,400.0,2026-10-05T23:15:03Z
2026-10-06T02:36:02Z,MFG EV Power,601,MFG Taunton,3088,UNKNOWN,400.0,2026-10-05T23:15:04Z
2026-10-06T02:36:02Z,MFG EV Power,601,MFG Taunton,3089,UNKNOWN,400.0,2026-10-05T23:15:04Z
2026-10-06T02:36:02Z,MFG EV Power,601,MFG Taunton,3090,UNKNOWN,400.0,2026-10-05T23:15:10Z
2026-10-06T02:36:02Z,MFG EV Power,601,MFG Taunton,3091,UNKNOWN,400.0,2026-10-05T23:15:10Z
2026-10-06T02:36:02Z,MFG EV Power,601,MFG Taunton,3092,UNKNOWN,400.0,2026-10-05T23:14:49Z
2026-10-06T02:36:02Z,MFG EV Power,601,MFG Taunton,3093,UNKNOWN,400.0,2026-10-05T23:14:49Z
2026-10-06T02:49:46Z,MFG EV Power,77,MFG Taunton Deane,1989,AVAILABLE,150.0,2026-10-05T20:55:37Z
2026-10-06T02:49:46Z,MFG EV Power,77,MFG Taunton Deane,1990,AVAILABLE,50.0,2026-10-05T20:55:33Z
2026-10-06T02:49:46Z,MFG EV Power,77,MFG Taunton Deane,1992,AVAILABLE,50.0,2026-10-05T17:25:00Z
2026-10-06T02:49:46Z,MFG EV Power,77,MFG Taunton Deane,1993,AVAILABLE,150.0,2026-10-05T17:25:09Z
2026-10-06T02:49:46Z,MFG EV Power,77,MFG Taunton Deane,1988,AVAILABLE,50.0,2026-10-05T20:49:36Z
2026-10-06T02:49:46Z,MFG EV Power,77,MFG Taunton Deane,1996,AVAILABLE,150.0,2026-10-05T20:49:43Z
2026-10-06T02:49:46Z,MFG EV Power,77,MFG Taunton Deane,2003,AVAILABLE,50.0,2026-10-05T21:04:14Z
2026-10-06T02:49:46Z,MFG EV Power,77,MFG Taunton Deane,2005,AVAILABLE,150.0,2026-10-05T21:04:23Z
2026-10-06T02:49:46Z,MFG EV Power,442,Morrisons Taunton,1165,AVAILABLE,50.0,2026-10-04T13:44:20Z
2026-10-06T02:49:46Z,MFG EV Power,442,Morrisons Taunton,1170,AVAILABLE,50.0,2026-10-05T17:38:49Z
2026-10-06T02:49:46Z,MFG EV Power,601,MFG Taunton,3086,UNKNOWN,400.0,2026-10-05T23:15:03Z
2026-10-06T02:49:46Z,MFG EV Power,601,MFG Taunton,3087,UNKNOWN,400.0,2026-10-05T23:15:03Z
2026-10-06T02:49:46Z,MFG EV Power,601,MFG Taunton,3088,UNKNOWN,400.0,2026-10-05T23:15:04Z
2026-10-06T02:49:46Z,MFG EV Power,601,MFG Taunton,3089,UNKNOWN,400.0,2026-10-05T23:15:04Z
2026-10-06T02:49:46Z,MFG EV Power,601,MFG Taunton,3090,UNKNOWN,400.0,2026-10-05T23:15:10Z
2026-10-06T02:49:46Z,MFG EV Power,601,MFG Taunton,3091,UNKNOWN,400.0,2026-10-05T23:15:10Z
2026-10-06T02:49:46Z,MFG EV Power,601,MFG Taunton,3092,UNKNOWN,400.0,2026-10-05T23:14:49Z
2026-10-06T02:49:46Z,MFG EV Power,601,MFG Taunton,3093,UNKNOWN,400.0,2026-10-05T23:14:49Z
2026-10-06T02:59:35Z,MFG EV Power,77,MFG Taunton Deane,1989,AVAILABLE,150.0,2026-10-05T20:55:37Z
2026-10-06T02:59:35Z,MFG EV Power,77,MFG Taunton Deane,1990,AVAILABLE,50.0,2026-10-05T20:55:33Z
2026-10-06T02:59:35Z,MFG EV Power,77,MFG Taunton Deane,1992,AVAILABLE,50.0,2026-10-05T17:25:00Z
2026-10-06T02:59:35Z,MFG EV Power,77,MFG Taunton Deane,1993,AVAILABLE,150.0,2026-10-05T17:25:09Z
2026-10-06T02:59:35Z,MFG EV Power,77,MFG Taunton Deane,1988,AVAILABLE,50.0,2026-10-05T20:49:36Z
2026-10-06T02:59:35Z,MFG EV Power,77,MFG Taunton Deane,1996,AVAILABLE,150.0,2026-10-05T20:49:43Z
2026-10-06T02:59:35Z,MFG EV Power,77,MFG Taunton Deane,2003,AVAILABLE,50.0,2026-10-05T21:04:14Z
2026-10-06T02:59:35Z,MFG EV Power,77,MFG Taunton Deane,2005,AVAILABLE,150.0,2026-10-05T21:04:23Z
2026-10-06T02:59:35Z,MFG EV Power,442,Morrisons Taunton,1165,AVAILABLE,50.0,2026-10-04T13:44:20Z
2026-10-06T02:59:35Z,MFG EV Power,442,Morrisons Taunton,1170,AVAILABLE,50.0,2026-10-05T17:38:49Z
2026-10-06T02:59:35Z,MFG EV Power,601,MFG Taunton,3086,UNKNOWN,400.0,2026-10-05T23:15:03Z
2026-10-06T02:59:35Z,MFG EV Power,601,MFG Taunton,3087,UNKNOWN,400.0,2026-10-05T23:15:03Z
2026-10-06T02:59:35Z,MFG EV Power,601,MFG Taunton,3088,UNKNOWN,400.0,2026-10-05T23:15:04Z
2026-10-06T02:59:35Z,MFG EV Power,601,MFG Taunton,3089,UNKNOWN,400.0,2026-10-05T23:15:04Z
2026-10-06T02:59:35Z,MFG EV Power,601,MFG Taunton,3090,UNKNOWN,400.0,2026-10-05T23:15:10Z
2026-10-06T02:59:35Z,MFG EV Power,601,MFG Taunton,3091,UNKNOWN,400.0,2026-10-05T23:15:10Z
2026-10-06T02:59:35Z,MFG EV Power,601,MFG Taunton,3092,UNKNOWN,400.0,2026-10-05T23:14:49Z
2026-10-06T02:59:35Z,MFG EV Power,601,MFG Taunton,3093,UNKNOWN,400.0,2026-10-05T23:14:49Z
2026-10-06T03:12:14Z,MFG EV Power,77,MFG Taunton Deane,1989,AVAILABLE,150.0,2026-10-05T20:55:37Z
2026-10-06T03:12:14Z,MFG EV Power,77,MFG Taunton Deane,1990,AVAILABLE,50.0,2026-10-05T20:55:33Z
2026-10-06T03:12:14Z,MFG EV Power,77,MFG Taunton Deane,1992,AVAILABLE,50.0,2026-10-05T17:25:00Z
2026-10-06T03:12:14Z,MFG EV Power,77,MFG Taunton Deane,1993,AVAILABLE,150.0,2026-10-05T17:25:09Z
2026-10-06T03:12:14Z,MFG EV Power,77,MFG Taunton Deane,1988,AVAILABLE,50.0,2026-10-05T20:49:36Z
2026-10-06T03:12:14Z,MFG EV Power,77,MFG Taunton Deane,1996,AVAILABLE,150.0,2026-10-05T20:49:43Z
2026-10-06T03:12:14Z,MFG EV Power,77,MFG Taunton Deane,2003,AVAILABLE,50.0,2026-10-05T21:04:14Z
2026-10-06T03:12:14Z,MFG EV Power,77,MFG Taunton Deane,2005,AVAILABLE,150.0,2026-10-05T21:04:23Z
2026-10-06T03:12:14Z,MFG EV Power,442,Morrisons Taunton,1165,AVAILABLE,50.0,2026-10-04T13:44:20Z
2026-10-06T03:12:14Z,MFG EV Power,442,Morrisons Taunton,1170,AVAILABLE,50.0,2026-10-05T17:38:49Z
2026-10-06T03:12:14Z,MFG EV Power,601,MFG Taunton,3086,UNKNOWN,400.0,2026-10-05T23:15:03Z
2026-10-06T03:12:14Z,MFG EV Power,601,MFG Taunton,3087,UNKNOWN,400.0,2026-10-05T23:15:03Z
2026-10-06T03:12:14Z,MFG EV Power,601,MFG Taunton,3088,UNKNOWN,400.0,2026-10-05T23:15:04Z
2026-10-06T03:12:14Z,MFG EV Power,601,MFG Taunton,3089,UNKNOWN,400.0,2026-10-05T23:15:04Z
2026-10-06T03:12:14Z,MFG EV Power,601,MFG Taunton,3090,UNKNOWN,400.0,2026-10-05T23:15:10Z
2026-10-06T03:12:14Z,MFG EV Power,601,MFG Taunton,3091,UNKNOWN,400.0,2026-10-05T23:15:10Z
2026-10-06T03:12:14Z,MFG EV Power,601,MFG Taunton,3092,UNKNOWN,400.0,2026-10-05T23:14:49Z
2026-10-06T03:12:14Z,MFG EV Power,601,MFG Taunton,3093,UNKNOWN,400.0,2026-10-05T23:14:49Z
2026-10-06T03:27:26Z,MFG EV Power,77,MFG Taunton Deane,1989,AVAILABLE,150.0,2026-10-05T20:55:37Z
2026-10-06T03:27:26Z,MFG EV Power,77,MFG Taunton Deane,1990,AVAILABLE,50.0,2026-10-05T20:55:33Z
2026-10-06T03:27:26Z,MFG EV Power,77,MFG Taunton Deane,1992,AVAILABLE,50.0,2026-10-05T17:25:00Z
2026-10-06T03:27:26Z,MFG EV Power,77,MFG Taunton Deane,1993,AVAILABLE,150.0,2026-10-05T17:25:09Z
2026-10-06T03:27:26Z,MFG EV Power,77,MFG Taunton Deane,1988,AVAILABLE,50.0,2026-10-05T20:49:36Z
2026-10-06T03:27:26Z,MFG EV Power,77,MFG Taunton Deane,1996,AVAILABLE,150.0,2026-10-05T20:49:43Z
2026-10-06T03:27:26Z,MFG EV Power,77,MFG Taunton Deane,2003,AVAILABLE,50.0,2026-10-05T21:04:14Z
2026-10-06T03:27:26Z,MFG EV Power,77,MFG Taunton Deane,2005,AVAILABLE,150.0,2026-10-05T21:04:23Z
2026-10-06T03:27:26Z,MFG EV Power,442,Morrisons Taunton,1165,AVAILABLE,50.0,2026-10-04T13:44:20Z
2026-10-06T03:27:26Z,MFG EV Power,442,Morrisons Taunton,1170,AVAILABLE,50.0,2026-10-05T17:38:49Z
2026-10-06T03:27:26Z,MFG EV Power,601,MFG Taunton,3086,UNKNOWN,400.0,2026-10-05T23:15:03Z
2026-10-06T03:27:26Z,MFG EV Power,601,MFG Taunton,3087,UNKNOWN,400.0,2026-10-05T23:15:03Z
2026-10-06T03:27:26Z,MFG EV Power,601,MFG Taunton,3088,UNKNOWN,400.0,2026-10-05T23:15:04Z
2026-10-06T03:27:26Z,MFG EV Power,601,MFG Taunton,3089,UNKNOWN,400.0,2026-10-05T23:15:04Z
2026-10-06T03:27:26Z,MFG EV Power,601,MFG Taunton,3090,UNKNOWN,400.0,2026-10-05T23:15:10Z
2026-10-06T03:27:26Z,MFG EV Power,601,MFG Taunton,3091,UNKNOWN,400.0,2026-10-05T23:15:10Z
2026-10-06T03:27:26Z,MFG EV Power,601,MFG Taunton,3092,UNKNOWN,400.0,2026-10-05T23:14:49Z
2026-10-06T03:27:26Z,MFG EV Power,601,MFG Taunton,3093,UNKNOWN,400.0,2026-10-05T23:14:49Z
2026-10-06T03:42:36Z,MFG EV Power,77,MFG Taunton Deane,1989,AVAILABLE,150.0,2026-10-05T20:55:37Z
2026-10-06T03:42:36Z,MFG EV Power,77,MFG Taunton Deane,1990,AVAILABLE,50.0,2026-10-05T20:55:33Z
2026-10-06T03:42:36Z,MFG EV Power,77,MFG Taunton Deane,1992,AVAILABLE,50.0,2026-10-05T17:25:00Z
2026-10-06T03:42:36Z,MFG EV Power,77,MFG Taunton Deane,1993,AVAILABLE,150.0,2026-10-05T17:25:09Z
2026-10-06T03:42:36Z,MFG EV Power,77,MFG Taunton Deane,1988,AVAILABLE,50.0,2026-10-05T20:49:36Z
2026-10-06T03:42:36Z,MFG EV Power,77,MFG Taunton Deane,1996,AVAILABLE,150.0,2026-10-05T20:49:43Z
2026-10-06T03:42:36Z,MFG EV Power,77,MFG Taunton Deane,2003,AVAILABLE,50.0,2026-10-05T21:04:14Z
2026-10-06T03:42:36Z,MFG EV Power,77,MFG Taunton Deane,2005,AVAILABLE,150.0,2026-10-05T21:04:23Z
2026-10-06T03:42:36Z,MFG EV Power,442,Morrisons Taunton,1165,AVAILABLE,50.0,2026-10-04T13:44:20Z
2026-10-06T03:42:36Z,MFG EV Power,442,Morrisons Taunton,1170,AVAILABLE,50.0,2026-10-05T17:38:49Z
2026-10-06T03:42:36Z,MFG EV Power,601,MFG Taunton,3086,UNKNOWN,400.0,2026-10-05T23:15:03Z
2026-10-06T03:42:36Z,MFG EV Power,601,MFG Taunton,3087,UNKNOWN,400.0,2026-10-05T23:15:03Z
2026-10-06T03:42:36Z,MFG EV Power,601,MFG Taunton,3088,UNKNOWN,400.0,2026-10-05T23:15:04Z
2026-10-06T03:42:36Z,MFG EV Power,601,MFG Taunton,3089,UNKNOWN,400.0,2026-10-05T23:15:04Z
2026-10-06T03:42:36Z,MFG EV Power,601,MFG Taunton,3090,UNKNOWN,400.0,2026-10-05T23:15:10Z
2026-10-06T03:42:36Z,MFG EV Power,601,MFG Taunton,3091,UNKNOWN,400.0,2026-10-05T23:15:10Z
2026-10-06T03:42:36Z,MFG EV Power,601,MFG Taunton,3092,UNKNOWN,400.0,2026-10-05T23:14:49Z
2026-10-06T03:42:36Z,MFG EV Power,601,MFG Taunton,3093,UNKNOWN,400.0,2026-10-05T23:14:49Z
2026-10-06T03:56:08Z,MFG EV Power,77,MFG Taunton Deane,1989,AVAILABLE,150.0,2026-10-05T20:55:37Z
2026-10-06T03:56:08Z,MFG EV Power,77,MFG Taunton Deane,1990,AVAILABLE,50.0,2026-10-05T20:55:33Z
2026-10-06T03:56:08Z,MFG EV Power,77,MFG Taunton Deane,1992,AVAILABLE,50.0,2026-10-05T17:25:00Z
2026-10-06T03:56:08Z,MFG EV Power,77,MFG Taunton Deane,1993,AVAILABLE,150.0,2026-10-05T17:25:09Z
2026-10-06T03:56:08Z,MFG EV Power,77,MFG Taunton Deane,1988,AVAILABLE,50.0,2026-10-05T20:49:36Z
2026-10-06T03:56:08Z,MFG EV Power,77,MFG Taunton Deane,1996,AVAILABLE,150.0,2026-10-05T20:49:43Z
2026-10-06T03:56:08Z,MFG EV Power,77,MFG Taunton Deane,2003,AVAILABLE,50.0,2026-10-05T21:04:14Z
2026-10-06T03:56:08Z,MFG EV Power,77,MFG Taunton Deane,2005,AVAILABLE,150.0,2026-10-05T21:04:23Z
2026-10-06T03:56:08Z,MFG EV Power,442,Morrisons Taunton,1165,AVAILABLE,50.0,2026-10-04T13:44:20Z
2026-10-06T03:56:08Z,MFG EV Power,442,Morrisons Taunton,1170,AVAILABLE,50.0,2026-10-05T17:38:49Z
2026-10-06T03:56:08Z,MFG EV Power,601,MFG Taunton,3086,UNKNOWN,400.0,2026-10-05T23:15:03Z
2026-10-06T03:56:08Z,MFG EV Power,601,MFG Taunton,3087,UNKNOWN,400.0,2026-10-05T23:15:03Z
2026-10-06T03:56:08Z,MFG EV Power,601,MFG Taunton,3088,UNKNOWN,400.0,2026-10-05T23:15:04Z
2026-10-06T03:56:08Z,MFG EV Power,601,MFG Taunton,3089,UNKNOWN,400.0,2026-10-05T23:15:04Z
2026-10-06T03:56:08Z,MFG EV Power,601,MFG Taunton,3090,UNKNOWN,400.0,2026-10-05T23:15:10Z
2026-10-06T03:56:08Z,MFG EV Power,601,MFG Taunton,3091,UNKNOWN,400.0,2026-10-05T23:15:10Z
2026-10-06T03:56:08Z,MFG EV Power,601,MFG Taunton,3092,UNKNOWN,400.0,2026-10-05T23:14:49Z
2026-10-06T03:56:08Z,MFG EV Power,601,MFG Taunton,3093,UNKNOWN,400.0,2026-10-05T23:14:49Z
2026-10-06T04:06:47Z,MFG EV Power,77,MFG Taunton Deane,1989,AVAILABLE,150.0,2026-10-05T20:55:37Z
2026-10-06T04:06:47Z,MFG EV Power,77,MFG Taunton Deane,1990,AVAILABLE,50.0,2026-10-05T20:55:33Z
2026-10-06T04:06:47Z,MFG EV Power,77,MFG Taunton Deane,1992,AVAILABLE,50.0,2026-10-05T17:25:00Z
2026-10-06T04:06:47Z,MFG EV Power,77,MFG Taunton Deane,1993,AVAILABLE,150.0,2026-10-05T17:25:09Z
2026-10-06T04:06:47Z,MFG EV Power,77,MFG Taunton Deane,1988,AVAILABLE,50.0,2026-10-05T20:49:36Z
2026-10-06T04:06:47Z,MFG EV Power,77,MFG Taunton Deane,1996,AVAILABLE,150.0,2026-10-05T20:49:43Z
2026-10-06T04:06:47Z,MFG EV Power,77,MFG Taunton Deane,2003,AVAILABLE,50.0,2026-10-05T21:04:14Z
2026-10-06T04:06:47Z,MFG EV Power,77,MFG Taunton Deane,2005,AVAILABLE,150.0,2026-10-05T21:04:23Z
2026-10-06T04:06:47Z,MFG EV Power,442,Morrisons Taunton,1165,AVAILABLE,50.0,2026-10-04T13:44:20Z
2026-10-06T04:06:47Z,MFG EV Power,442,Morrisons Taunton,1170,AVAILABLE,50.0,2026-10-05T17:38:49Z
2026-10-06T04:06:47Z,MFG EV Power,601,MFG Taunton,3086,UNKNOWN,400.0,2026-10-05T23:15:03Z
2026-10-06T04:06:47Z,MFG EV Power,601,MFG Taunton,3087,UNKNOWN,400.0,2026-10-05T23:15:03Z
2026-10-06T04:06:47Z,MFG EV Power,601,MFG Taunton,3088,UNKNOWN,400.0,2026-10-05T23:15:04Z
2026-10-06T04:06:47Z,MFG EV Power,601,MFG Taunton,3089,UNKNOWN,400.0,2026-10-05T23:15:04Z
2026-10-06T04:06:47Z,MFG EV Power,601,MFG Taunton,3090,UNKNOWN,400.0,2026-10-05T23:15:10Z
2026-10-06T04:06:47Z,MFG EV Power,601,MFG Taunton,3091,UNKNOWN,400.0,2026-10-05T23:15:10Z
2026-10-06T04:06:47Z,MFG EV Power,601,MFG Taunton,3092,UNKNOWN,400.0,2026-10-05T23:14:49Z
2026-10-06T04:06:47Z,MFG EV Power,601,MFG Taunton,3093,UNKNOWN,400.0,2026-10-05T23:14:49Z
2026-10-06T04:24:05Z,MFG EV Power,77,MFG Taunton Deane,1989,AVAILABLE,150.0,2026-10-05T20:55:37Z
2026-10-06T04:24:05Z,MFG EV Power,77,MFG Taunton Deane,1990,AVAILABLE,50.0,2026-10-05T20:55:33Z
2026-10-06T04:24:05Z,MFG EV Power,77,MFG Taunton Deane,1992,AVAILABLE,50.0,2026-10-05T17:25:00Z
2026-10-06T04:24:05Z,MFG EV Power,77,MFG Taunton Deane,1993,AVAILABLE,150.0,2026-10-05T17:25:09Z
2026-10-06T04:24:05Z,MFG EV Power,77,MFG Taunton Deane,1988,AVAILABLE,50.0,2026-10-05T20:49:36Z
2026-10-06T04:24:05Z,MFG EV Power,77,MFG Taunton Deane,1996,AVAILABLE,150.0,2026-10-05T20:49:43Z
2026-10-06T04:24:05Z,MFG EV Power,77,MFG Taunton Deane,2003,AVAILABLE,50.0,2026-10-05T21:04:14Z
2026-10-06T04:24:05Z,MFG EV Power,77,MFG Taunton Deane,2005,AVAILABLE,150.0,2026-10-05T21:04:23Z
2026-10-06T04:24:05Z,MFG EV Power,442,Morrisons Taunton,1165,AVAILABLE,50.0,2026-10-04T13:44:20Z
2026-10-06T04:24:05Z,MFG EV Power,442,Morrisons Taunton,1170,AVAILABLE,50.0,2026-10-05T17:38:49Z
2026-10-06T04:24:05Z,MFG EV Power,601,MFG Taunton,3086,UNKNOWN,400.0,2026-10-05T23:15:03Z
2026-10-06T04:24:05Z,MFG EV Power,601,MFG Taunton,3087,UNKNOWN,400.0,2026-10-05T23:15:03Z
2026-10-06T04:24:05Z,MFG EV Power,601,MFG Taunton,3088,UNKNOWN,400.0,2026-10-05T23:15:04Z
2026-10-06T04:24:05Z,MFG EV Power,601,MFG Taunton,3089,UNKNOWN,400.0,2026-10-05T23:15:04Z
2026-10-06T04:24:05Z,MFG EV Power,601,MFG Taunton,3090,UNKNOWN,400.0,2026-10-05T23:15:10Z
2026-10-06T04:24:05Z,MFG EV Power,601,MFG Taunton,3091,UNKNOWN,400.0,2026-10-05T23:15:10Z
2026-10-06T04:24:05Z,MFG EV Power,601,MFG Taunton,3092,UNKNOWN,400.0,2026-10-05T23:14:49Z
2026-10-06T04:24:05Z,MFG EV Power,601,MFG Taunton,3093,UNKNOWN,400.0,2026-10-05T23:14:49Z
2026-10-06T04:38:25Z,MFG EV Power,77,MFG Taunton Deane,1989,AVAILABLE,150.0,2026-10-05T20:55:37Z
2026-10-06T04:38:25Z,MFG EV Power,77,MFG Taunton Deane,1990,AVAILABLE,50.0,2026-10-05T20:55:33Z
2026-10-06T04:38:25Z,MFG EV Power,77,MFG Taunton Deane,1992,AVAILABLE,50.0,2026-10-05T17:25:00Z
2026-10-06T04:38:25Z,MFG EV Power,77,MFG Taunton Deane,1993,AVAILABLE,150.0,2026-10-05T17:25:09Z
2026-10-06T04:38:25Z,MFG EV Power,77,MFG Taunton Deane,1988,AVAILABLE,50.0,2026-10-05T20:49:36Z
2026-10-06T04:38:25Z,MFG EV Power,77,MFG Taunton Deane,1996,AVAILABLE,150.0,2026-10-05T20:49:43Z
2026-10-06T04:38:25Z,MFG EV Power,77,MFG Taunton Deane,2003,AVAILABLE,50.0,2026-10-05T21:04:14Z
2026-10-06T04:38:25Z,MFG EV Power,77,MFG Taunton Deane,2005,AVAILABLE,150.0,2026-10-05T21:04:23Z
2026-10-06T04:38:25Z,MFG EV Power,442,Morrisons Taunton,1165,AVAILABLE,50.0,2026-10-04T13:44:20Z
2026-10-06T04:38:25Z,MFG EV Power,442,Morrisons Taunton,1170,AVAILABLE,50.0,2026-10-05T17:38:49Z
2026-10-06T04:38:25Z,MFG EV Power,601,MFG Taunton,3086,UNKNOWN,400.0,2026-10-05T23:15:03Z
2026-10-06T04:38:25Z,MFG EV Power,601,MFG Taunton,3087,UNKNOWN,400.0,2026-10-05T23:15:03Z
2026-10-06T04:38:25Z,MFG EV Power,601,MFG Taunton,3088,UNKNOWN,400.0,2026-10-05T23:15:04Z
2026-10-06T04:38:25Z,MFG EV Power,601,MFG Taunton,3089,UNKNOWN,400.0,2026-10-05T23:15:04Z
2026-10-06T04:38:25Z,MFG EV Power,601,MFG Taunton,3090,UNKNOWN,400.0,2026-10-05T23:15:10Z
2026-10-06T04:38:25Z,MFG EV Power,601,MFG Taunton,3091,UNKNOWN,400.0,2026-10-05T23:15:10Z
2026-10-06T04:38:25Z,MFG EV Power,601,MFG Taunton,3092,UNKNOWN,400.0,2026-10-05T23:14:49Z
2026-10-06T04:38:25Z,MFG EV Power,601,MFG Taunton,3093,UNKNOWN,400.0,2026-10-05T23:14:49Z
2026-10-06T04:51:50Z,MFG EV Power,77,MFG Taunton Deane,1989,AVAILABLE,150.0,2026-10-05T20:55:37Z
2026-10-06T04:51:50Z,MFG EV Power,77,MFG Taunton Deane,1990,AVAILABLE,50.0,2026-10-05T20:55:33Z
2026-10-06T04:51:50Z,MFG EV Power,77,MFG Taunton Deane,1992,AVAILABLE,50.0,2026-10-05T17:25:00Z
2026-10-06T04:51:50Z,MFG EV Power,77,MFG Taunton Deane,1993,AVAILABLE,150.0,2026-10-05T17:25:09Z
2026-10-06T04:51:50Z,MFG EV Power,77,MFG Taunton Deane,1988,AVAILABLE,50.0,2026-10-05T20:49:36Z
2026-10-06T04:51:50Z,MFG EV Power,77,MFG Taunton Deane,1996,AVAILABLE,150.0,2026-10-05T20:49:43Z
2026-10-06T04:51:50Z,MFG EV Power,77,MFG Taunton Deane,2003,AVAILABLE,50.0,2026-10-05T21:04:14Z
2026-10-06T04:51:50Z,MFG EV Power,77,MFG Taunton Deane,2005,AVAILABLE,150.0,2026-10-05T21:04:23Z
2026-10-06T04:51:50Z,MFG EV Power,442,Morrisons Taunton,1165,AVAILABLE,50.0,2026-10-04T13:44:20Z
2026-10-06T04:51:50Z,MFG EV Power,442,Morrisons Taunton,1170,AVAILABLE,50.0,2026-10-05T17:38:49Z
2026-10-06T04:51:50Z,MFG EV Power,601,MFG Taunton,3086,UNKNOWN,400.0,2026-10-05T23:15:03Z
2026-10-06T04:51:50Z,MFG EV Power,601,MFG Taunton,3087,UNKNOWN,400.0,2026-10-05T23:15:03Z
2026-10-06T04:51:50Z,MFG EV Power,601,MFG Taunton,3088,UNKNOWN,400.0,2026-10-05T23:15:04Z
2026-10-06T04:51:50Z,MFG EV Power,601,MFG Taunton,3089,UNKNOWN,400.0,2026-10-05T23:15:04Z
2026-10-06T04:51:50Z,MFG EV Power,601,MFG Taunton,3090,UNKNOWN,400.0,2026-10-05T23:15:10Z
2026-10-06T04:51:50Z,MFG EV Power,601,MFG Taunton,3091,UNKNOWN,400.0,2026-10-05T23:15:10Z
2026-10-06T04:51:50Z,MFG EV Power,601,MFG Taunton,3092,UNKNOWN,400.0,2026-10-05T23:14:49Z
2026-10-06T04:51:50Z,MFG EV Power,601,MFG Taunton,3093,UNKNOWN,400.0,2026-10-05T23:14:49Z
2026-10-06T05:00:53Z,MFG EV Power,77,MFG Taunton Deane,1989,AVAILABLE,150.0,2026-10-05T20:55:37Z
2026-10-06T05:00:53Z,MFG EV Power,77,MFG Taunton Deane,1990,AVAILABLE,50.0,2026-10-05T20:55:33Z
2026-10-06T05:00:53Z,MFG EV Power,77,MFG Taunton Deane,1992,AVAILABLE,50.0,2026-10-05T17:25:00Z
2026-10-06T05:00:53Z,MFG EV Power,77,MFG Taunton Deane,1993,AVAILABLE,150.0,2026-10-05T17:25:09Z
2026-10-06T05:00:53Z,MFG EV Power,77,MFG Taunton Deane,1988,AVAILABLE,50.0,2026-10-05T20:49:36Z
2026-10-06T05:00:53Z,MFG EV Power,77,MFG Taunton Deane,1996,AVAILABLE,150.0,2026-10-05T20:49:43Z
2026-10-06T05:00:53Z,MFG EV Power,77,MFG Taunton Deane,2003,AVAILABLE,50.0,2026-10-05T21:04:14Z
2026-10-06T05:00:53Z,MFG EV Power,77,MFG Taunton Deane,2005,AVAILABLE,150.0,2026-10-05T21:04:23Z
2026-10-06T05:00:53Z,MFG EV Power,442,Morrisons Taunton,1165,AVAILABLE,50.0,2026-10-04T13:44:20Z
2026-10-06T05:00:53Z,MFG EV Power,442,Morrisons Taunton,1170,AVAILABLE,50.0,2026-10-05T17:38:49Z
2026-10-06T05:00:53Z,MFG EV Power,601,MFG Taunton,3086,UNKNOWN,400.0,2026-10-05T23:15:03Z
2026-10-06T05:00:53Z,MFG EV Power,601,MFG Taunton,3087,UNKNOWN,400.0,2026-10-05T23:15:03Z
2026-10-06T05:00:53Z,MFG EV Power,601,MFG Taunton,3088,UNKNOWN,400.0,2026-10-05T23:15:04Z
2026-10-06T05:00:53Z,MFG EV Power,601,MFG Taunton,3089,UNKNOWN,400.0,2026-10-05T23:15:04Z
2026-10-06T05:00:53Z,MFG EV Power,601,MFG Taunton,3090,UNKNOWN,400.0,2026-10-05T23:15:10Z
2026-10-06T05:00:53Z,MFG EV Power,601,MFG Taunton,3091,UNKNOWN,400.0,2026-10-05T23:15:10Z
2026-10-06T05:00:53Z,MFG EV Power,601,MFG Taunton,3092,UNKNOWN,400.0,2026-10-05T23:14:49Z
2026-10-06T05:00:53Z,MFG EV Power,601,MFG Taunton,3093,UNKNOWN,400.0,2026-10-05T23:14:49Z
2026-10-06T05:14:45Z,MFG EV Power,77,MFG Taunton Deane,1989,AVAILABLE,150.0,2026-10-05T20:55:37Z
2026-10-06T05:14:45Z,MFG EV Power,77,MFG Taunton Deane,1990,AVAILABLE,50.0,2026-10-05T20:55:33Z
2026-10-06T05:14:45Z,MFG EV Power,77,MFG Taunton Deane,1992,AVAILABLE,50.0,2026-10-05T17:25:00Z
2026-10-06T05:14:45Z,MFG EV Power,77,MFG Taunton Deane,1993,AVAILABLE,150.0,2026-10-05T17:25:09Z
2026-10-06T05:14:45Z,MFG EV Power,77,MFG Taunton Deane,1988,AVAILABLE,50.0,2026-10-05T20:49:36Z
2026-10-06T05:14:45Z,MFG EV Power,77,MFG Taunton Deane,1996,AVAILABLE,150.0,2026-10-05T20:49:43Z
2026-10-06T05:14:45Z,MFG EV Power,77,MFG Taunton Deane,2003,AVAILABLE,50.0,2026-10-05T21:04:14Z
2026-10-06T05:14:45Z,MFG EV Power,77,MFG Taunton Deane,2005,AVAILABLE,150.0,2026-10-05T21:04:23Z
2026-10-06T05:14:45Z,MFG EV Power,442,Morrisons Taunton,1165,AVAILABLE,50.0,2026-10-04T13:44:20Z
2026-10-06T05:14:45Z,MFG EV Power,442,Morrisons Taunton,1170,AVAILABLE,50.0,2026-10-05T17:38:49Z
2026-10-06T05:14:45Z,MFG EV Power,601,MFG Taunton,3086,UNKNOWN,400.0,2026-10-05T23:15:03Z
2026-10-06T05:14:45Z,MFG EV Power,601,MFG Taunton,3087,UNKNOWN,400.0,2026-10-05T23:15:03Z
2026-10-06T05:14:45Z,MFG EV Power,601,MFG Taunton,3088,UNKNOWN,400.0,2026-10-05T23:15:04Z
2026-10-06T05:14:45Z,MFG EV Power,601,MFG Taunton,3089,UNKNOWN,400.0,2026-10-05T23:15:04Z
2026-10-06T05:14:45Z,MFG EV Power,601,MFG Taunton,3090,UNKNOWN,400.0,2026-10-05T23:15:10Z
2026-10-06T05:14:45Z,MFG EV Power,601,MFG Taunton,3091,UNKNOWN,400.0,2026-10-05T23:15:10Z
2026-10-06T05:14:45Z,MFG EV Power,601,MFG Taunton,3092,UNKNOWN,400.0,2026-10-05T23:14:49Z
2026-10-06T05:14:45Z,MFG EV Power,601,MFG Taunton,3093,UNKNOWN,400.0,2026-10-05T23:14:49Z
2026-10-06T05:30:16Z,MFG EV Power,77,MFG Taunton Deane,1989,AVAILABLE,150.0,2026-10-05T20:55:37Z
2026-10-06T05:30:16Z,MFG EV Power,77,MFG Taunton Deane,1990,AVAILABLE,50.0,2026-10-05T20:55:33Z
2026-10-06T05:30:16Z,MFG EV Power,77,MFG Taunton Deane,1992,AVAILABLE,50.0,2026-10-05T17:25:00Z
2026-10-06T05:30:16Z,MFG EV Power,77,MFG Taunton Deane,1993,AVAILABLE,150.0,2026-10-05T17:25:09Z
2026-10-06T05:30:16Z,MFG EV Power,77,MFG Taunton Deane,1988,AVAILABLE,50.0,2026-10-05T20:49:36Z
2026-10-06T05:30:16Z,MFG EV Power,77,MFG Taunton Deane,1996,AVAILABLE,150.0,2026-10-05T20:49:43Z
2026-10-06T05:30:16Z,MFG EV Power,77,MFG Taunton Deane,2003,AVAILABLE,50.0,2026-10-05T21:04:14Z
2026-10-06T05:30:16Z,MFG EV Power,77,MFG Taunton Deane,2005,AVAILABLE,150.0,2026-10-05T21:04:23Z
2026-10-06T05:30:16Z,MFG EV Power,442,Morrisons Taunton,1165,AVAILABLE,50.0,2026-10-04T13:44:20Z
2026-10-06T05:30:16Z,MFG EV Power,442,Morrisons Taunton,1170,AVAILABLE,50.0,2026-10-05T17:38:49Z
2026-10-06T05:30:16Z,MFG EV Power,601,MFG Taunton,3086,UNKNOWN,400.0,2026-10-05T23:15:03Z
2026-10-06T05:30:16Z,MFG EV Power,601,MFG Taunton,3087,UNKNOWN,400.0,2026-10-05T23:15:03Z
2026-10-06T05:30:16Z,MFG EV Power,601,MFG Taunton,3088,UNKNOWN,400.0,2026-10-05T23:15:04Z
2026-10-06T05:30:16Z,MFG EV Power,601,MFG Taunton,3089,UNKNOWN,400.0,2026-10-05T23:15:04Z
2026-10-06T05:30:16Z,MFG EV Power,601,MFG Taunton,3090,UNKNOWN,400.0,2026-10-05T23:15:10Z
2026-10-06T05:30:16Z,MFG EV Power,601,MFG Taunton,3091,UNKNOWN,400.0,2026-10-05T23:15:10Z
2026-10-06T05:30:16Z,MFG EV Power,601,MFG Taunton,3092,UNKNOWN,400.0,2026-10-05T23:14:49Z
2026-10-06T05:30:16Z,MFG EV Power,601,MFG Taunton,3093,UNKNOWN,400.0,2026-10-05T23:14:49Z
2026-10-06T05:44:32Z,MFG EV Power,77,MFG Taunton Deane,1989,AVAILABLE,150.0,2026-10-05T20:55:37Z
2026-10-06T05:44:32Z,MFG EV Power,77,MFG Taunton Deane,1990,AVAILABLE,50.0,2026-10-05T20:55:33Z
2026-10-06T05:44:32Z,MFG EV Power,77,MFG Taunton Deane,1992,AVAILABLE,50.0,2026-10-05T17:25:00Z
2026-10-06T05:44:32Z,MFG EV Power,77,MFG Taunton Deane,1993,AVAILABLE,150.0,2026-10-05T17:25:09Z
2026-10-06T05:44:32Z,MFG EV Power,77,MFG Taunton Deane,1988,AVAILABLE,50.0,2026-10-05T20:49:36Z
2026-10-06T05:44:32Z,MFG EV Power,77,MFG Taunton Deane,1996,AVAILABLE,150.0,2026-10-05T20:49:43Z
2026-10-06T05:44:32Z,MFG EV Power,77,MFG Taunton Deane,2003,AVAILABLE,50.0,2026-10-05T21:04:14Z
2026-10-06T05:44:32Z,MFG EV Power,77,MFG Taunton Deane,2005,AVAILABLE,150.0,2026-10-05T21:04:23Z
2026-10-06T05:44:32Z,MFG EV Power,442,Morrisons Taunton,1165,AVAILABLE,50.0,2026-10-04T13:44:20Z
2026-10-06T05:44:32Z,MFG EV Power,442,Morrisons Taunton,1170,AVAILABLE,50.0,2026-10-05T17:38:49Z
2026-10-06T05:44:32Z,MFG EV Power,601,MFG Taunton,3086,UNKNOWN,400.0,2026-10-05T23:15:03Z
2026-10-06T05:44:32Z,MFG EV Power,601,MFG Taunton,3087,UNKNOWN,400.0,2026-10-05T23:15:03Z
2026-10-06T05:44:32Z,MFG EV Power,601,MFG Taunton,3088,UNKNOWN,400.0,2026-10-05T23:15:04Z
2026-10-06T05:44:32Z,MFG EV Power,601,MFG Taunton,3089,UNKNOWN,400.0,2026-10-05T23:15:04Z
2026-10-06T05:44:32Z,MFG EV Power,601,MFG Taunton,3090,UNKNOWN,400.0,2026-10-05T23:15:10Z
2026-10-06T05:44:32Z,MFG EV Power,601,MFG Taunton,3091,UNKNOWN,400.0,2026-10-05T23:15:10Z
2026-10-06T05:44:32Z,MFG EV Power,601,MFG Taunton,3092,UNKNOWN,400.0,2026-10-05T23:14:49Z
2026-10-06T05:44:32Z,MFG EV Power,601,MFG Taunton,3093,UNKNOWN,400.0,2026-10-05T23:14:49Z
2026-10-06T05:56:06Z,MFG EV Power,77,MFG Taunton Deane,1989,CHARGING,150.0,2026-10-06T05:51:45.900Z
2026-10-06T05:56:06Z,MFG EV Power,77,MFG Taunton Deane,1990,INOPERATIVE,50.0,2026-10-06T05:51:29.172Z
2026-10-06T05:56:06Z,MFG EV Power,77,MFG Taunton Deane,1992,AVAILABLE,50.0,2026-10-05T17:25:00Z
2026-10-06T05:56:06Z,MFG EV Power,77,MFG Taunton Deane,1993,AVAILABLE,150.0,2026-10-05T17:25:09Z
2026-10-06T05:56:06Z,MFG EV Power,77,MFG Taunton Deane,1988,AVAILABLE,50.0,2026-10-05T20:49:36Z
2026-10-06T05:56:06Z,MFG EV Power,77,MFG Taunton Deane,1996,AVAILABLE,150.0,2026-10-05T20:49:43Z
2026-10-06T05:56:06Z,MFG EV Power,77,MFG Taunton Deane,2003,AVAILABLE,50.0,2026-10-05T21:04:14Z
2026-10-06T05:56:06Z,MFG EV Power,77,MFG Taunton Deane,2005,AVAILABLE,150.0,2026-10-05T21:04:23Z
2026-10-06T05:56:06Z,MFG EV Power,442,Morrisons Taunton,1165,AVAILABLE,50.0,2026-10-04T13:44:20Z
2026-10-06T05:56:06Z,MFG EV Power,442,Morrisons Taunton,1170,AVAILABLE,50.0,2026-10-05T17:38:49Z
2026-10-06T05:56:06Z,MFG EV Power,601,MFG Taunton,3086,UNKNOWN,400.0,2026-10-05T23:15:03Z
2026-10-06T05:56:06Z,MFG EV Power,601,MFG Taunton,3087,UNKNOWN,400.0,2026-10-05T23:15:03Z
2026-10-06T05:56:06Z,MFG EV Power,601,MFG Taunton,3088,UNKNOWN,400.0,2026-10-05T23:15:04Z
2026-10-06T05:56:06Z,MFG EV Power,601,MFG Taunton,3089,UNKNOWN,400.0,2026-10-05T23:15:04Z
2026-10-06T05:56:06Z,MFG EV Power,601,MFG Taunton,3090,UNKNOWN,400.0,2026-10-05T23:15:10Z
2026-10-06T05:56:06Z,MFG EV Power,601,MFG Taunton,3091,UNKNOWN,400.0,2026-10-05T23:15:10Z
2026-10-06T05:56:06Z,MFG EV Power,601,MFG Taunton,3092,UNKNOWN,400.0,2026-10-05T23:14:49Z
2026-10-06T05:56:06Z,MFG EV Power,601,MFG Taunton,3093,UNKNOWN,400.0,2026-10-05T23:14:49Z
2026-10-06T06:06:49Z,MFG EV Power,77,MFG Taunton Deane,1989,AVAILABLE,150.0,2026-10-06T06:06:09.126Z
2026-10-06T06:06:49Z,MFG EV Power,77,MFG Taunton Deane,1990,AVAILABLE,50.0,2026-10-06T06:05:27.322Z
2026-10-06T06:06:49Z,MFG EV Power,77,MFG Taunton Deane,1992,AVAILABLE,50.0,2026-10-05T17:25:00Z
2026-10-06T06:06:49Z,MFG EV Power,77,MFG Taunton Deane,1993,AVAILABLE,150.0,2026-10-05T17:25:09Z
2026-10-06T06:06:49Z,MFG EV Power,77,MFG Taunton Deane,1988,AVAILABLE,50.0,2026-10-05T20:49:36Z
2026-10-06T06:06:49Z,MFG EV Power,77,MFG Taunton Deane,1996,AVAILABLE,150.0,2026-10-05T20:49:43Z
2026-10-06T06:06:49Z,MFG EV Power,77,MFG Taunton Deane,2003,AVAILABLE,50.0,2026-10-05T21:04:14Z
2026-10-06T06:06:49Z,MFG EV Power,77,MFG Taunton Deane,2005,AVAILABLE,150.0,2026-10-05T21:04:23Z
2026-10-06T06:06:49Z,MFG EV Power,442,Morrisons Taunton,1165,AVAILABLE,50.0,2026-10-04T13:44:20Z
2026-10-06T06:06:49Z,MFG EV Power,442,Morrisons Taunton,1170,AVAILABLE,50.0,2026-10-05T17:38:49Z
2026-10-06T06:06:49Z,MFG EV Power,601,MFG Taunton,3086,UNKNOWN,400.0,2026-10-05T23:15:03Z
2026-10-06T06:06:49Z,MFG EV Power,601,MFG Taunton,3087,UNKNOWN,400.0,2026-10-05T23:15:03Z
2026-10-06T06:06:49Z,MFG EV Power,601,MFG Taunton,3088,UNKNOWN,400.0,2026-10-05T23:15:04Z
2026-10-06T06:06:49Z,MFG EV Power,601,MFG Taunton,3089,UNKNOWN,400.0,2026-10-05T23:15:04Z
2026-10-06T06:06:49Z,MFG EV Power,601,MFG Taunton,3090,UNKNOWN,400.0,2026-10-05T23:15:10Z
2026-10-06T06:06:49Z,MFG EV Power,601,MFG Taunton,3091,UNKNOWN,400.0,2026-10-05T23:15:10Z
2026-10-06T06:06:49Z,MFG EV Power,601,MFG Taunton,3092,UNKNOWN,400.0,2026-10-05T23:14:49Z
2026-10-06T06:06:49Z,MFG EV Power,601,MFG Taunton,3093,UNKNOWN,400.0,2026-10-05T23:14:49Z
2026-10-06T06:28:31Z,MFG EV Power,77,MFG Taunton Deane,1989,AVAILABLE,150.0,2026-10-06T06:06:09.126Z
2026-10-06T06:28:31Z,MFG EV Power,77,MFG Taunton Deane,1990,AVAILABLE,50.0,2026-10-06T06:05:27.322Z
2026-10-06T06:28:31Z,MFG EV Power,77,MFG Taunton Deane,1992,AVAILABLE,50.0,2026-10-05T17:25:00Z
2026-10-06T06:28:31Z,MFG EV Power,77,MFG Taunton Deane,1993,AVAILABLE,150.0,2026-10-05T17:25:09Z
2026-10-06T06:28:31Z,MFG EV Power,77,MFG Taunton Deane,1988,AVAILABLE,50.0,2026-10-05T20:49:36Z
2026-10-06T06:28:31Z,MFG EV Power,77,MFG Taunton Deane,1996,CHARGING,150.0,2026-10-06T06:16:59.983Z
2026-10-06T06:28:31Z,MFG EV Power,77,MFG Taunton Deane,2003,AVAILABLE,50.0,2026-10-05T21:04:14Z
2026-10-06T06:28:31Z,MFG EV Power,77,MFG Taunton Deane,2005,AVAILABLE,150.0,2026-10-05T21:04:23Z
2026-10-06T06:28:31Z,MFG EV Power,442,Morrisons Taunton,1165,AVAILABLE,50.0,2026-10-04T13:44:20Z
2026-10-06T06:28:31Z,MFG EV Power,442,Morrisons Taunton,1170,AVAILABLE,50.0,2026-10-05T17:38:49Z
2026-10-06T06:28:31Z,MFG EV Power,601,MFG Taunton,3086,UNKNOWN,400.0,2026-10-05T23:15:03Z
2026-10-06T06:28:31Z,MFG EV Power,601,MFG Taunton,3087,UNKNOWN,400.0,2026-10-05T23:15:03Z
2026-10-06T06:28:31Z,MFG EV Power,601,MFG Taunton,3088,UNKNOWN,400.0,2026-10-05T23:15:04Z
2026-10-06T06:28:31Z,MFG EV Power,601,MFG Taunton,3089,UNKNOWN,400.0,2026-10-05T23:15:04Z
2026-10-06T06:28:31Z,MFG EV Power,601,MFG Taunton,3090,UNKNOWN,400.0,2026-10-05T23:15:10Z
2026-10-06T06:28:31Z,MFG EV Power,601,MFG Taunton,3091,UNKNOWN,400.0,2026-10-05T23:15:10Z
2026-10-06T06:28:31Z,MFG EV Power,601,MFG Taunton,3092,UNKNOWN,400.0,2026-10-05T23:14:49Z
2026-10-06T06:28:31Z,MFG EV Power,601,MFG Taunton,3093,UNKNOWN,400.0,2026-10-05T23:14:49Z
2026-10-06T06:48:36Z,MFG EV Power,77,MFG Taunton Deane,1989,CHARGING,150.0,2026-10-06T06:33:25.183Z
2026-10-06T06:48:36Z,MFG EV Power,77,MFG Taunton Deane,1990,INOPERATIVE,50.0,2026-10-06T06:33:50.274Z
2026-10-06T06:48:36Z,MFG EV Power,77,MFG Taunton Deane,1992,AVAILABLE,50.0,2026-10-05T17:25:00Z
2026-10-06T06:48:36Z,MFG EV Power,77,MFG Taunton Deane,1993,AVAILABLE,150.0,2026-10-05T17:25:09Z
2026-10-06T06:48:36Z,MFG EV Power,77,MFG Taunton Deane,1988,AVAILABLE,50.0,2026-10-05T20:49:36Z
2026-10-06T06:48:36Z,MFG EV Power,77,MFG Taunton Deane,1996,CHARGING,150.0,2026-10-06T06:16:59.983Z
2026-10-06T06:48:36Z,MFG EV Power,77,MFG Taunton Deane,2003,AVAILABLE,50.0,2026-10-05T21:04:14Z
2026-10-06T06:48:36Z,MFG EV Power,77,MFG Taunton Deane,2005,AVAILABLE,150.0,2026-10-05T21:04:23Z
2026-10-06T06:48:36Z,MFG EV Power,442,Morrisons Taunton,1165,AVAILABLE,50.0,2026-10-04T13:44:20Z
2026-10-06T06:48:36Z,MFG EV Power,442,Morrisons Taunton,1170,AVAILABLE,50.0,2026-10-05T17:38:49Z
2026-10-06T06:48:36Z,MFG EV Power,601,MFG Taunton,3086,UNKNOWN,400.0,2026-10-05T23:15:03Z
2026-10-06T06:48:36Z,MFG EV Power,601,MFG Taunton,3087,UNKNOWN,400.0,2026-10-05T23:15:03Z
2026-10-06T06:48:36Z,MFG EV Power,601,MFG Taunton,3088,UNKNOWN,400.0,2026-10-05T23:15:04Z
2026-10-06T06:48:36Z,MFG EV Power,601,MFG Taunton,3089,UNKNOWN,400.0,2026-10-05T23:15:04Z
2026-10-06T06:48:36Z,MFG EV Power,601,MFG Taunton,3090,UNKNOWN,400.0,2026-10-05T23:15:10Z
2026-10-06T06:48:36Z,MFG EV Power,601,MFG Taunton,3091,UNKNOWN,400.0,2026-10-05T23:15:10Z
2026-10-06T06:48:36Z,MFG EV Power,601,MFG Taunton,3092,UNKNOWN,400.0,2026-10-05T23:14:49Z
2026-10-06T06:48:36Z,MFG EV Power,601,MFG Taunton,3093,UNKNOWN,400.0,2026-10-05T23:14:49Z
2026-10-06T07:02:58Z,MFG EV Power,77,MFG Taunton Deane,1989,AVAILABLE,150.0,2026-10-06T06:57:36.196Z
2026-10-06T07:02:58Z,MFG EV Power,77,MFG Taunton Deane,1990,AVAILABLE,50.0,2026-10-06T06:58:21.348Z
2026-10-06T07:02:58Z,MFG EV Power,77,MFG Taunton Deane,1992,AVAILABLE,50.0,2026-10-05T17:25:00Z
2026-10-06T07:02:58Z,MFG EV Power,77,MFG Taunton Deane,1993,AVAILABLE,150.0,2026-10-05T17:25:09Z
2026-10-06T07:02:58Z,MFG EV Power,77,MFG Taunton Deane,1988,AVAILABLE,50.0,2026-10-05T20:49:36Z
2026-10-06T07:02:58Z,MFG EV Power,77,MFG Taunton Deane,1996,CHARGING,150.0,2026-10-06T06:16:59.983Z
2026-10-06T07:02:58Z,MFG EV Power,77,MFG Taunton Deane,2003,CHARGING,50.0,2026-10-06T07:02:41.377Z
2026-10-06T07:02:58Z,MFG EV Power,77,MFG Taunton Deane,2005,CHARGING,150.0,2026-10-06T07:01:38.442Z
2026-10-06T07:02:58Z,MFG EV Power,442,Morrisons Taunton,1165,AVAILABLE,50.0,2026-10-04T13:44:20Z
2026-10-06T07:02:58Z,MFG EV Power,442,Morrisons Taunton,1170,AVAILABLE,50.0,2026-10-05T17:38:49Z
2026-10-06T07:02:58Z,MFG EV Power,601,MFG Taunton,3086,UNKNOWN,400.0,2026-10-05T23:15:03Z
2026-10-06T07:02:58Z,MFG EV Power,601,MFG Taunton,3087,UNKNOWN,400.0,2026-10-05T23:15:03Z
2026-10-06T07:02:58Z,MFG EV Power,601,MFG Taunton,3088,UNKNOWN,400.0,2026-10-05T23:15:04Z
2026-10-06T07:02:58Z,MFG EV Power,601,MFG Taunton,3089,UNKNOWN,400.0,2026-10-05T23:15:04Z
2026-10-06T07:02:58Z,MFG EV Power,601,MFG Taunton,3090,UNKNOWN,400.0,2026-10-05T23:15:10Z
2026-10-06T07:02:58Z,MFG EV Power,601,MFG Taunton,3091,UNKNOWN,400.0,2026-10-05T23:15:10Z
2026-10-06T07:02:58Z,MFG EV Power,601,MFG Taunton,3092,UNKNOWN,400.0,2026-10-05T23:14:49Z
2026-10-06T07:02:58Z,MFG EV Power,601,MFG Taunton,3093,UNKNOWN,400.0,2026-10-05T23:14:49Z
2026-10-06T07:20:35Z,MFG EV Power,77,MFG Taunton Deane,1989,CHARGING,150.0,2026-10-06T07:11:58.172Z
2026-10-06T07:20:35Z,MFG EV Power,77,MFG Taunton Deane,1990,INOPERATIVE,50.0,2026-10-06T07:12:15.301Z
2026-10-06T07:20:35Z,MFG EV Power,77,MFG Taunton Deane,1992,AVAILABLE,50.0,2026-10-05T17:25:00Z
2026-10-06T07:20:35Z,MFG EV Power,77,MFG Taunton Deane,1993,AVAILABLE,150.0,2026-10-05T17:25:09Z
2026-10-06T07:20:35Z,MFG EV Power,77,MFG Taunton Deane,1988,AVAILABLE,50.0,2026-10-05T20:49:36Z
2026-10-06T07:20:35Z,MFG EV Power,77,MFG Taunton Deane,1996,CHARGING,150.0,2026-10-06T07:09:31.645Z
2026-10-06T07:20:35Z,MFG EV Power,77,MFG Taunton Deane,2003,CHARGING,50.0,2026-10-06T07:02:41.377Z
2026-10-06T07:20:35Z,MFG EV Power,77,MFG Taunton Deane,2005,CHARGING,150.0,2026-10-06T07:06:22.310Z
2026-10-06T07:20:35Z,MFG EV Power,442,Morrisons Taunton,1165,AVAILABLE,50.0,2026-10-04T13:44:20Z
2026-10-06T07:20:35Z,MFG EV Power,442,Morrisons Taunton,1170,AVAILABLE,50.0,2026-10-05T17:38:49Z
2026-10-06T07:20:35Z,MFG EV Power,601,MFG Taunton,3086,UNKNOWN,400.0,2026-10-05T23:15:03Z
2026-10-06T07:20:35Z,MFG EV Power,601,MFG Taunton,3087,UNKNOWN,400.0,2026-10-05T23:15:03Z
2026-10-06T07:20:35Z,MFG EV Power,601,MFG Taunton,3088,UNKNOWN,400.0,2026-10-05T23:15:04Z
2026-10-06T07:20:35Z,MFG EV Power,601,MFG Taunton,3089,UNKNOWN,400.0,2026-10-05T23:15:04Z
2026-10-06T07:20:35Z,MFG EV Power,601,MFG Taunton,3090,UNKNOWN,400.0,2026-10-05T23:15:10Z
2026-10-06T07:20:35Z,MFG EV Power,601,MFG Taunton,3091,UNKNOWN,400.0,2026-10-05T23:15:10Z
2026-10-06T07:20:35Z,MFG EV Power,601,MFG Taunton,3092,UNKNOWN,400.0,2026-10-05T23:14:49Z
2026-10-06T07:20:35Z,MFG EV Power,601,MFG Taunton,3093,UNKNOWN,400.0,2026-10-05T23:14:49Z
2026-10-06T07:36:26Z,MFG EV Power,77,MFG Taunton Deane,1989,AVAILABLE,150.0,2026-10-06T07:32:28.770Z
2026-10-06T07:36:26Z,MFG EV Power,77,MFG Taunton Deane,1990,AVAILABLE,50.0,2026-10-06T07:32:21.881Z
2026-10-06T07:36:26Z,MFG EV Power,77,MFG Taunton Deane,1992,AVAILABLE,50.0,2026-10-05T17:25:00Z
2026-10-06T07:36:26Z,MFG EV Power,77,MFG Taunton Deane,1993,AVAILABLE,150.0,2026-10-05T17:25:09Z
2026-10-06T07:36:26Z,MFG EV Power,77,MFG Taunton Deane,1988,AVAILABLE,50.0,2026-10-05T20:49:36Z
2026-10-06T07:36:26Z,MFG EV Power,77,MFG Taunton Deane,1996,CHARGING,150.0,2026-10-06T07:09:31.645Z
2026-10-06T07:36:26Z,MFG EV Power,77,MFG Taunton Deane,2003,CHARGING,50.0,2026-10-06T07:02:41.377Z
2026-10-06T07:36:26Z,MFG EV Power,77,MFG Taunton Deane,2005,CHARGING,150.0,2026-10-06T07:06:22.310Z
2026-10-06T07:36:26Z,MFG EV Power,442,Morrisons Taunton,1165,AVAILABLE,50.0,2026-10-04T13:44:20Z
2026-10-06T07:36:26Z,MFG EV Power,442,Morrisons Taunton,1170,AVAILABLE,50.0,2026-10-05T17:38:49Z
2026-10-06T07:36:26Z,MFG EV Power,601,MFG Taunton,3086,UNKNOWN,400.0,2026-10-05T23:15:03Z
2026-10-06T07:36:26Z,MFG EV Power,601,MFG Taunton,3087,UNKNOWN,400.0,2026-10-05T23:15:03Z
2026-10-06T07:36:26Z,MFG EV Power,601,MFG Taunton,3088,UNKNOWN,400.0,2026-10-05T23:15:04Z
2026-10-06T07:36:26Z,MFG EV Power,601,MFG Taunton,3089,UNKNOWN,400.0,2026-10-05T23:15:04Z
2026-10-06T07:36:26Z,MFG EV Power,601,MFG Taunton,3090,UNKNOWN,400.0,2026-10-05T23:15:10Z
2026-10-06T07:36:26Z,MFG EV Power,601,MFG Taunton,3091,UNKNOWN,400.0,2026-10-05T23:15:10Z
2026-10-06T07:36:26Z,MFG EV Power,601,MFG Taunton,3092,UNKNOWN,400.0,2026-10-05T23:14:49Z
2026-10-06T07:36:26Z,MFG EV Power,601,MFG Taunton,3093,UNKNOWN,400.0,2026-10-05T23:14:49Z
2026-10-06T07:50:45Z,MFG EV Power,77,MFG Taunton Deane,1989,AVAILABLE,150.0,2026-10-06T07:32:28.770Z
2026-10-06T07:50:45Z,MFG EV Power,77,MFG Taunton Deane,1990,AVAILABLE,50.0,2026-10-06T07:32:21.881Z
2026-10-06T07:50:45Z,MFG EV Power,77,MFG Taunton Deane,1992,AVAILABLE,50.0,2026-10-05T17:25:00Z
2026-10-06T07:50:45Z,MFG EV Power,77,MFG Taunton Deane,1993,AVAILABLE,150.0,2026-10-05T17:25:09Z
2026-10-06T07:50:45Z,MFG EV Power,77,MFG Taunton Deane,1988,AVAILABLE,50.0,2026-10-05T20:49:36Z
2026-10-06T07:50:45Z,MFG EV Power,77,MFG Taunton Deane,1996,AVAILABLE,150.0,2026-10-06T07:42:22.959Z
2026-10-06T07:50:45Z,MFG EV Power,77,MFG Taunton Deane,2003,CHARGING,50.0,2026-10-06T07:02:41.377Z
2026-10-06T07:50:45Z,MFG EV Power,77,MFG Taunton Deane,2005,CHARGING,150.0,2026-10-06T07:06:22.310Z
2026-10-06T07:50:45Z,MFG EV Power,442,Morrisons Taunton,1165,AVAILABLE,50.0,2026-10-04T13:44:20Z
2026-10-06T07:50:45Z,MFG EV Power,442,Morrisons Taunton,1170,AVAILABLE,50.0,2026-10-05T17:38:49Z
2026-10-06T07:50:45Z,MFG EV Power,601,MFG Taunton,3086,UNKNOWN,400.0,2026-10-05T23:15:03Z
2026-10-06T07:50:45Z,MFG EV Power,601,MFG Taunton,3087,UNKNOWN,400.0,2026-10-05T23:15:03Z
2026-10-06T07:50:45Z,MFG EV Power,601,MFG Taunton,3088,UNKNOWN,400.0,2026-10-05T23:15:04Z
2026-10-06T07:50:45Z,MFG EV Power,601,MFG Taunton,3089,UNKNOWN,400.0,2026-10-05T23:15:04Z
2026-10-06T07:50:45Z,MFG EV Power,601,MFG Taunton,3090,UNKNOWN,400.0,2026-10-05T23:15:10Z
2026-10-06T07:50:45Z,MFG EV Power,601,MFG Taunton,3091,UNKNOWN,400.0,2026-10-05T23:15:10Z
2026-10-06T07:50:45Z,MFG EV Power,601,MFG Taunton,3092,UNKNOWN,400.0,2026-10-05T23:14:49Z
2026-10-06T07:50:45Z,MFG EV Power,601,MFG Taunton,3093,UNKNOWN,400.0,2026-10-05T23:14:49Z
2026-10-06T08:01:14Z,MFG EV Power,77,MFG Taunton Deane,1989,AVAILABLE,150.0,2026-10-06T07:32:28.770Z
2026-10-06T08:01:14Z,MFG EV Power,77,MFG Taunton Deane,1990,AVAILABLE,50.0,2026-10-06T07:32:21.881Z
2026-10-06T08:01:14Z,MFG EV Power,77,MFG Taunton Deane,1992,AVAILABLE,50.0,2026-10-05T17:25:00Z
2026-10-06T08:01:14Z,MFG EV Power,77,MFG Taunton Deane,1993,AVAILABLE,150.0,2026-10-05T17:25:09Z
2026-10-06T08:01:14Z,MFG EV Power,77,MFG Taunton Deane,1988,INOPERATIVE,50.0,2026-10-06T07:53:33.751Z
2026-10-06T08:01:14Z,MFG EV Power,77,MFG Taunton Deane,1996,AVAILABLE,150.0,2026-10-06T07:42:22.959Z
2026-10-06T08:01:14Z,MFG EV Power,77,MFG Taunton Deane,2003,CHARGING,50.0,2026-10-06T07:02:41.377Z
2026-10-06T08:01:14Z,MFG EV Power,77,MFG Taunton Deane,2005,CHARGING,150.0,2026-10-06T07:06:22.310Z
2026-10-06T08:01:14Z,MFG EV Power,442,Morrisons Taunton,1165,AVAILABLE,50.0,2026-10-04T13:44:20Z
2026-10-06T08:01:14Z,MFG EV Power,442,Morrisons Taunton,1170,AVAILABLE,50.0,2026-10-05T17:38:49Z
2026-10-06T08:01:14Z,MFG EV Power,601,MFG Taunton,3086,UNKNOWN,400.0,2026-10-05T23:15:03Z
2026-10-06T08:01:14Z,MFG EV Power,601,MFG Taunton,3087,UNKNOWN,400.0,2026-10-05T23:15:03Z
2026-10-06T08:01:14Z,MFG EV Power,601,MFG Taunton,3088,UNKNOWN,400.0,2026-10-05T23:15:04Z
2026-10-06T08:01:14Z,MFG EV Power,601,MFG Taunton,3089,UNKNOWN,400.0,2026-10-05T23:15:04Z
2026-10-06T08:01:14Z,MFG EV Power,601,MFG Taunton,3090,UNKNOWN,400.0,2026-10-05T23:15:10Z
2026-10-06T08:01:14Z,MFG EV Power,601,MFG Taunton,3091,UNKNOWN,400.0,2026-10-05T23:15:10Z
2026-10-06T08:01:14Z,MFG EV Power,601,MFG Taunton,3092,UNKNOWN,400.0,2026-10-05T23:14:49Z
2026-10-06T08:01:14Z,MFG EV Power,601,MFG Taunton,3093,UNKNOWN,400.0,2026-10-05T23:14:49Z
2026-10-06T08:17:53Z,MFG EV Power,77,MFG Taunton Deane,1989,AVAILABLE,150.0,2026-10-06T08:12:25.799Z
2026-10-06T08:17:53Z,MFG EV Power,77,MFG Taunton Deane,1990,AVAILABLE,50.0,2026-10-06T08:11:44.027Z
2026-10-06T08:17:53Z,MFG EV Power,77,MFG Taunton Deane,1992,AVAILABLE,50.0,2026-10-05T17:25:00Z
2026-10-06T08:17:53Z,MFG EV Power,77,MFG Taunton Deane,1993,AVAILABLE,150.0,2026-10-05T17:25:09Z
2026-10-06T08:17:53Z,MFG EV Power,77,MFG Taunton Deane,1988,INOPERATIVE,50.0,2026-10-06T08:15:35.630Z
2026-10-06T08:17:53Z,MFG EV Power,77,MFG Taunton Deane,1996,INOPERATIVE,150.0,2026-10-06T08:17:54.805Z
2026-10-06T08:17:53Z,MFG EV Power,77,MFG Taunton Deane,2003,CHARGING,50.0,2026-10-06T07:02:41.377Z
2026-10-06T08:17:53Z,MFG EV Power,77,MFG Taunton Deane,2005,CHARGING,150.0,2026-10-06T07:06:22.310Z
2026-10-06T08:17:53Z,MFG EV Power,442,Morrisons Taunton,1165,AVAILABLE,50.0,2026-10-04T13:44:20Z
2026-10-06T08:17:53Z,MFG EV Power,442,Morrisons Taunton,1170,AVAILABLE,50.0,2026-10-05T17:38:49Z
2026-10-06T08:17:53Z,MFG EV Power,601,MFG Taunton,3086,UNKNOWN,400.0,2026-10-05T23:15:03Z
2026-10-06T08:17:53Z,MFG EV Power,601,MFG Taunton,3087,UNKNOWN,400.0,2026-10-05T23:15:03Z
2026-10-06T08:17:53Z,MFG EV Power,601,MFG Taunton,3088,UNKNOWN,400.0,2026-10-05T23:15:04Z
2026-10-06T08:17:53Z,MFG EV Power,601,MFG Taunton,3089,UNKNOWN,400.0,2026-10-05T23:15:04Z
2026-10-06T08:17:53Z,MFG EV Power,601,MFG Taunton,3090,UNKNOWN,400.0,2026-10-05T23:15:10Z
2026-10-06T08:17:53Z,MFG EV Power,601,MFG Taunton,3091,UNKNOWN,400.0,2026-10-05T23:15:10Z
2026-10-06T08:17:53Z,MFG EV Power,601,MFG Taunton,3092,UNKNOWN,400.0,2026-10-05T23:14:49Z
2026-10-06T08:17:53Z,MFG EV Power,601,MFG Taunton,3093,UNKNOWN,400.0,2026-10-05T23:14:49Z
2026-10-06T08:34:38Z,MFG EV Power,77,MFG Taunton Deane,1989,AVAILABLE,150.0,2026-10-06T08:12:25.799Z
2026-10-06T08:34:38Z,MFG EV Power,77,MFG Taunton Deane,1990,AVAILABLE,50.0,2026-10-06T08:11:44.027Z
2026-10-06T08:34:38Z,MFG EV Power,77,MFG Taunton Deane,1992,AVAILABLE,50.0,2026-10-05T17:25:00Z
2026-10-06T08:34:38Z,MFG EV Power,77,MFG Taunton Deane,1993,AVAILABLE,150.0,2026-10-05T17:25:09Z
2026-10-06T08:34:38Z,MFG EV Power,77,MFG Taunton Deane,1988,INOPERATIVE,50.0,2026-10-06T08:15:35.630Z
2026-10-06T08:34:38Z,MFG EV Power,77,MFG Taunton Deane,1996,AVAILABLE,150.0,2026-10-06T08:21:12.620Z
2026-10-06T08:34:38Z,MFG EV Power,77,MFG Taunton Deane,2003,CHARGING,50.0,2026-10-06T07:02:41.377Z
2026-10-06T08:34:38Z,MFG EV Power,77,MFG Taunton Deane,2005,CHARGING,150.0,2026-10-06T07:06:22.310Z
2026-10-06T08:34:38Z,MFG EV Power,442,Morrisons Taunton,1165,AVAILABLE,50.0,2026-10-04T13:44:20Z
2026-10-06T08:34:38Z,MFG EV Power,442,Morrisons Taunton,1170,AVAILABLE,50.0,2026-10-05T17:38:49Z
2026-10-06T08:34:38Z,MFG EV Power,601,MFG Taunton,3086,UNKNOWN,400.0,2026-10-05T23:15:03Z
2026-10-06T08:34:38Z,MFG EV Power,601,MFG Taunton,3087,UNKNOWN,400.0,2026-10-05T23:15:03Z
2026-10-06T08:34:38Z,MFG EV Power,601,MFG Taunton,3088,UNKNOWN,400.0,2026-10-05T23:15:04Z
2026-10-06T08:34:38Z,MFG EV Power,601,MFG Taunton,3089,UNKNOWN,400.0,2026-10-05T23:15:04Z
2026-10-06T08:34:38Z,MFG EV Power,601,MFG Taunton,3090,UNKNOWN,400.0,2026-10-05T23:15:10Z
2026-10-06T08:34:38Z,MFG EV Power,601,MFG Taunton,3091,UNKNOWN,400.0,2026-10-05T23:15:10Z
2026-10-06T08:34:38Z,MFG EV Power,601,MFG Taunton,3092,UNKNOWN,400.0,2026-10-05T23:14:49Z
2026-10-06T08:34:38Z,MFG EV Power,601,MFG Taunton,3093,UNKNOWN,400.0,2026-10-05T23:14:49Z
2026-10-06T08:50:28Z,MFG EV Power,77,MFG Taunton Deane,1989,AVAILABLE,150.0,2026-10-06T08:12:25.799Z
2026-10-06T08:50:28Z,MFG EV Power,77,MFG Taunton Deane,1990,AVAILABLE,50.0,2026-10-06T08:11:44.027Z
2026-10-06T08:50:28Z,MFG EV Power,77,MFG Taunton Deane,1992,AVAILABLE,50.0,2026-10-05T17:25:00Z
2026-10-06T08:50:28Z,MFG EV Power,77,MFG Taunton Deane,1993,CHARGING,150.0,2026-10-06T08:47:14.886Z
2026-10-06T08:50:28Z,MFG EV Power,77,MFG Taunton Deane,1988,INOPERATIVE,50.0,2026-10-06T08:15:35.630Z
2026-10-06T08:50:28Z,MFG EV Power,77,MFG Taunton Deane,1996,AVAILABLE,150.0,2026-10-06T08:21:12.620Z
2026-10-06T08:50:28Z,MFG EV Power,77,MFG Taunton Deane,2003,CHARGING,50.0,2026-10-06T07:02:41.377Z
2026-10-06T08:50:28Z,MFG EV Power,77,MFG Taunton Deane,2005,CHARGING,150.0,2026-10-06T07:06:22.310Z
2026-10-06T08:50:28Z,MFG EV Power,442,Morrisons Taunton,1165,AVAILABLE,50.0,2026-10-04T13:44:20Z
2026-10-06T08:50:28Z,MFG EV Power,442,Morrisons Taunton,1170,AVAILABLE,50.0,2026-10-05T17:38:49Z
2026-10-06T08:50:28Z,MFG EV Power,601,MFG Taunton,3086,UNKNOWN,400.0,2026-10-05T23:15:03Z
2026-10-06T08:50:28Z,MFG EV Power,601,MFG Taunton,3087,UNKNOWN,400.0,2026-10-05T23:15:03Z
2026-10-06T08:50:28Z,MFG EV Power,601,MFG Taunton,3088,UNKNOWN,400.0,2026-10-05T23:15:04Z
2026-10-06T08:50:28Z,MFG EV Power,601,MFG Taunton,3089,UNKNOWN,400.0,2026-10-05T23:15:04Z
2026-10-06T08:50:28Z,MFG EV Power,601,MFG Taunton,3090,UNKNOWN,400.0,2026-10-05T23:15:10Z
2026-10-06T08:50:28Z,MFG EV Power,601,MFG Taunton,3091,UNKNOWN,400.0,2026-10-05T23:15:10Z
2026-10-06T08:50:28Z,MFG EV Power,601,MFG Taunton,3092,UNKNOWN,400.0,2026-10-05T23:14:49Z
2026-10-06T08:50:28Z,MFG EV Power,601,MFG Taunton,3093,UNKNOWN,400.0,2026-10-05T23:14:49Z
2026-10-06T09:00:54Z,MFG EV Power,77,MFG Taunton Deane,1989,AVAILABLE,150.0,2026-10-06T08:12:25.799Z
2026-10-06T09:00:54Z,MFG EV Power,77,MFG Taunton Deane,1990,AVAILABLE,50.0,2026-10-06T08:11:44.027Z
2026-10-06T09:00:54Z,MFG EV Power,77,MFG Taunton Deane,1992,AVAILABLE,50.0,2026-10-05T17:25:00Z
2026-10-06T09:00:54Z,MFG EV Power,77,MFG Taunton Deane,1993,AVAILABLE,150.0,2026-10-06T08:56:01.132Z
2026-10-06T09:00:54Z,MFG EV Power,77,MFG Taunton Deane,1988,INOPERATIVE,50.0,2026-10-06T08:15:35.630Z
2026-10-06T09:00:54Z,MFG EV Power,77,MFG Taunton Deane,1996,AVAILABLE,150.0,2026-10-06T08:21:12.620Z
2026-10-06T09:00:54Z,MFG EV Power,77,MFG Taunton Deane,2003,INOPERATIVE,50.0,2026-10-06T08:57:03.862Z
2026-10-06T09:00:54Z,MFG EV Power,77,MFG Taunton Deane,2005,CHARGING,150.0,2026-10-06T08:57:30.780Z
2026-10-06T09:00:54Z,MFG EV Power,442,Morrisons Taunton,1165,AVAILABLE,50.0,2026-10-06T08:50:59.276Z
2026-10-06T09:00:54Z,MFG EV Power,442,Morrisons Taunton,1170,AVAILABLE,50.0,2026-10-05T17:38:49Z
2026-10-06T09:00:54Z,MFG EV Power,601,MFG Taunton,3086,UNKNOWN,400.0,2026-10-05T23:15:03Z
2026-10-06T09:00:54Z,MFG EV Power,601,MFG Taunton,3087,UNKNOWN,400.0,2026-10-05T23:15:03Z
2026-10-06T09:00:54Z,MFG EV Power,601,MFG Taunton,3088,UNKNOWN,400.0,2026-10-05T23:15:04Z
2026-10-06T09:00:54Z,MFG EV Power,601,MFG Taunton,3089,UNKNOWN,400.0,2026-10-05T23:15:04Z
2026-10-06T09:00:54Z,MFG EV Power,601,MFG Taunton,3090,UNKNOWN,400.0,2026-10-05T23:15:10Z
2026-10-06T09:00:54Z,MFG EV Power,601,MFG Taunton,3091,UNKNOWN,400.0,2026-10-05T23:15:10Z
2026-10-06T09:00:54Z,MFG EV Power,601,MFG Taunton,3092,UNKNOWN,400.0,2026-10-05T23:14:49Z
2026-10-06T09:00:54Z,MFG EV Power,601,MFG Taunton,3093,UNKNOWN,400.0,2026-10-05T23:14:49Z
2026-10-06T09:16:17Z,MFG EV Power,77,MFG Taunton Deane,1989,AVAILABLE,150.0,2026-10-06T08:12:25.799Z
2026-10-06T09:16:17Z,MFG EV Power,77,MFG Taunton Deane,1990,AVAILABLE,50.0,2026-10-06T08:11:44.027Z
2026-10-06T09:16:17Z,MFG EV Power,77,MFG Taunton Deane,1992,AVAILABLE,50.0,2026-10-05T17:25:00Z
2026-10-06T09:16:17Z,MFG EV Power,77,MFG Taunton Deane,1993,AVAILABLE,150.0,2026-10-06T08:56:01.132Z
2026-10-06T09:16:17Z,MFG EV Power,77,MFG Taunton Deane,1988,INOPERATIVE,50.0,2026-10-06T08:15:35.630Z
2026-10-06T09:16:17Z,MFG EV Power,77,MFG Taunton Deane,1996,AVAILABLE,150.0,2026-10-06T08:21:12.620Z
2026-10-06T09:16:17Z,MFG EV Power,77,MFG Taunton Deane,2003,INOPERATIVE,50.0,2026-10-06T08:57:03.862Z
2026-10-06T09:16:17Z,MFG EV Power,77,MFG Taunton Deane,2005,CHARGING,150.0,2026-10-06T08:57:30.780Z
2026-10-06T09:16:17Z,MFG EV Power,442,Morrisons Taunton,1165,AVAILABLE,50.0,2026-10-06T08:50:59.276Z
2026-10-06T09:16:17Z,MFG EV Power,442,Morrisons Taunton,1170,AVAILABLE,50.0,2026-10-05T17:38:49Z
2026-10-06T09:16:17Z,MFG EV Power,601,MFG Taunton,3086,UNKNOWN,400.0,2026-10-05T23:15:03Z
2026-10-06T09:16:17Z,MFG EV Power,601,MFG Taunton,3087,UNKNOWN,400.0,2026-10-05T23:15:03Z
2026-10-06T09:16:17Z,MFG EV Power,601,MFG Taunton,3088,UNKNOWN,400.0,2026-10-05T23:15:04Z
2026-10-06T09:16:17Z,MFG EV Power,601,MFG Taunton,3089,UNKNOWN,400.0,2026-10-05T23:15:04Z
2026-10-06T09:16:17Z,MFG EV Power,601,MFG Taunton,3090,UNKNOWN,400.0,2026-10-05T23:15:10Z
2026-10-06T09:16:17Z,MFG EV Power,601,MFG Taunton,3091,UNKNOWN,400.0,2026-10-05T23:15:10Z
2026-10-06T09:16:17Z,MFG EV Power,601,MFG Taunton,3092,UNKNOWN,400.0,2026-10-05T23:14:49Z
2026-10-06T09:16:17Z,MFG EV Power,601,MFG Taunton,3093,UNKNOWN,400.0,2026-10-05T23:14:49Z
2026-10-06T09:33:36Z,MFG EV Power,77,MFG Taunton Deane,1989,AVAILABLE,150.0,2026-10-06T08:12:25.799Z
2026-10-06T09:33:36Z,MFG EV Power,77,MFG Taunton Deane,1990,AVAILABLE,50.0,2026-10-06T08:11:44.027Z
2026-10-06T09:33:36Z,MFG EV Power,77,MFG Taunton Deane,1992,INOPERATIVE,50.0,2026-10-06T09:33:40.838Z
2026-10-06T09:33:36Z,MFG EV Power,77,MFG Taunton Deane,1993,CHARGING,150.0,2026-10-06T09:32:45.505Z
2026-10-06T09:33:36Z,MFG EV Power,77,MFG Taunton Deane,1988,INOPERATIVE,50.0,2026-10-06T08:15:35.630Z
2026-10-06T09:33:36Z,MFG EV Power,77,MFG Taunton Deane,1996,AVAILABLE,150.0,2026-10-06T08:21:12.620Z
2026-10-06T09:33:36Z,MFG EV Power,77,MFG Taunton Deane,2003,AVAILABLE,50.0,2026-10-06T09:20:27.688Z
2026-10-06T09:33:36Z,MFG EV Power,77,MFG Taunton Deane,2005,AVAILABLE,150.0,2026-10-06T09:20:54.468Z
2026-10-06T09:33:36Z,MFG EV Power,442,Morrisons Taunton,1165,AVAILABLE,50.0,2026-10-06T08:50:59.276Z
2026-10-06T09:33:36Z,MFG EV Power,442,Morrisons Taunton,1170,AVAILABLE,50.0,2026-10-05T17:38:49Z
2026-10-06T09:33:36Z,MFG EV Power,601,MFG Taunton,3086,UNKNOWN,400.0,2026-10-05T23:15:03Z
2026-10-06T09:33:36Z,MFG EV Power,601,MFG Taunton,3087,UNKNOWN,400.0,2026-10-05T23:15:03Z
2026-10-06T09:33:36Z,MFG EV Power,601,MFG Taunton,3088,UNKNOWN,400.0,2026-10-05T23:15:04Z
2026-10-06T09:33:36Z,MFG EV Power,601,MFG Taunton,3089,UNKNOWN,400.0,2026-10-05T23:15:04Z
2026-10-06T09:33:36Z,MFG EV Power,601,MFG Taunton,3090,UNKNOWN,400.0,2026-10-05T23:15:10Z
2026-10-06T09:33:36Z,MFG EV Power,601,MFG Taunton,3091,UNKNOWN,400.0,2026-10-05T23:15:10Z
2026-10-06T09:33:36Z,MFG EV Power,601,MFG Taunton,3092,UNKNOWN,400.0,2026-10-05T23:14:49Z
2026-10-06T09:33:36Z,MFG EV Power,601,MFG Taunton,3093,UNKNOWN,400.0,2026-10-05T23:14:49Z
2026-10-06T09:49:43Z,MFG EV Power,77,MFG Taunton Deane,1989,AVAILABLE,150.0,2026-10-06T08:12:25.799Z
2026-10-06T09:49:43Z,MFG EV Power,77,MFG Taunton Deane,1990,AVAILABLE,50.0,2026-10-06T08:11:44.027Z
2026-10-06T09:49:43Z,MFG EV Power,77,MFG Taunton Deane,1992,INOPERATIVE,50.0,2026-10-06T09:46:20.053Z
2026-10-06T09:49:43Z,MFG EV Power,77,MFG Taunton Deane,1993,CHARGING,150.0,2026-10-06T09:46:40.020Z
2026-10-06T09:49:43Z,MFG EV Power,77,MFG Taunton Deane,1988,AVAILABLE,50.0,2026-10-06T09:43:09.829Z
2026-10-06T09:49:43Z,MFG EV Power,77,MFG Taunton Deane,1996,INOPERATIVE,150.0,2026-10-06T09:43:13.740Z
2026-10-06T09:49:43Z,MFG EV Power,77,MFG Taunton Deane,2003,AVAILABLE,50.0,2026-10-06T09:20:27.688Z
2026-10-06T09:49:43Z,MFG EV Power,77,MFG Taunton Deane,2005,AVAILABLE,150.0,2026-10-06T09:20:54.468Z
2026-10-06T09:49:43Z,MFG EV Power,442,Morrisons Taunton,1165,AVAILABLE,50.0,2026-10-06T08:50:59.276Z
2026-10-06T09:49:43Z,MFG EV Power,442,Morrisons Taunton,1170,AVAILABLE,50.0,2026-10-05T17:38:49Z
2026-10-06T09:49:43Z,MFG EV Power,601,MFG Taunton,3086,UNKNOWN,400.0,2026-10-05T23:15:03Z
2026-10-06T09:49:43Z,MFG EV Power,601,MFG Taunton,3087,UNKNOWN,400.0,2026-10-05T23:15:03Z
2026-10-06T09:49:43Z,MFG EV Power,601,MFG Taunton,3088,UNKNOWN,400.0,2026-10-05T23:15:04Z
2026-10-06T09:49:43Z,MFG EV Power,601,MFG Taunton,3089,UNKNOWN,400.0,2026-10-05T23:15:04Z
2026-10-06T09:49:43Z,MFG EV Power,601,MFG Taunton,3090,UNKNOWN,400.0,2026-10-05T23:15:10Z
2026-10-06T09:49:43Z,MFG EV Power,601,MFG Taunton,3091,UNKNOWN,400.0,2026-10-05T23:15:10Z
2026-10-06T09:49:43Z,MFG EV Power,601,MFG Taunton,3092,UNKNOWN,400.0,2026-10-05T23:14:49Z
2026-10-06T09:49:43Z,MFG EV Power,601,MFG Taunton,3093,UNKNOWN,400.0,2026-10-05T23:14:49Z
2026-10-06T10:00:18Z,MFG EV Power,77,MFG Taunton Deane,1989,AVAILABLE,150.0,2026-10-06T08:12:25.799Z
2026-10-06T10:00:18Z,MFG EV Power,77,MFG Taunton Deane,1990,AVAILABLE,50.0,2026-10-06T08:11:44.027Z
2026-10-06T10:00:18Z,MFG EV Power,77,MFG Taunton Deane,1992,INOPERATIVE,50.0,2026-10-06T09:46:20.053Z
2026-10-06T10:00:18Z,MFG EV Power,77,MFG Taunton Deane,1993,CHARGING,150.0,2026-10-06T09:46:40.020Z
2026-10-06T10:00:18Z,MFG EV Power,77,MFG Taunton Deane,1988,AVAILABLE,50.0,2026-10-06T09:43:09.829Z
2026-10-06T10:00:18Z,MFG EV Power,77,MFG Taunton Deane,1996,INOPERATIVE,150.0,2026-10-06T09:43:13.740Z
2026-10-06T10:00:18Z,MFG EV Power,77,MFG Taunton Deane,2003,AVAILABLE,50.0,2026-10-06T09:20:27.688Z
2026-10-06T10:00:18Z,MFG EV Power,77,MFG Taunton Deane,2005,AVAILABLE,150.0,2026-10-06T09:20:54.468Z
2026-10-06T10:00:18Z,MFG EV Power,442,Morrisons Taunton,1165,AVAILABLE,50.0,2026-10-06T08:50:59.276Z
2026-10-06T10:00:18Z,MFG EV Power,442,Morrisons Taunton,1170,AVAILABLE,50.0,2026-10-05T17:38:49Z
2026-10-06T10:00:18Z,MFG EV Power,601,MFG Taunton,3086,UNKNOWN,400.0,2026-10-05T23:15:03Z
2026-10-06T10:00:18Z,MFG EV Power,601,MFG Taunton,3087,UNKNOWN,400.0,2026-10-05T23:15:03Z
2026-10-06T10:00:18Z,MFG EV Power,601,MFG Taunton,3088,UNKNOWN,400.0,2026-10-05T23:15:04Z
2026-10-06T10:00:18Z,MFG EV Power,601,MFG Taunton,3089,UNKNOWN,400.0,2026-10-05T23:15:04Z
2026-10-06T10:00:18Z,MFG EV Power,601,MFG Taunton,3090,UNKNOWN,400.0,2026-10-05T23:15:10Z
2026-10-06T10:00:18Z,MFG EV Power,601,MFG Taunton,3091,UNKNOWN,400.0,2026-10-05T23:15:10Z
2026-10-06T10:00:18Z,MFG EV Power,601,MFG Taunton,3092,UNKNOWN,400.0,2026-10-05T23:14:49Z
2026-10-06T10:00:18Z,MFG EV Power,601,MFG Taunton,3093,UNKNOWN,400.0,2026-10-05T23:14:49Z
2026-10-06T10:14:03Z,MFG EV Power,77,MFG Taunton Deane,1989,AVAILABLE,150.0,2026-10-06T08:12:25.799Z
2026-10-06T10:14:03Z,MFG EV Power,77,MFG Taunton Deane,1990,AVAILABLE,50.0,2026-10-06T08:11:44.027Z
2026-10-06T10:14:03Z,MFG EV Power,77,MFG Taunton Deane,1992,AVAILABLE,50.0,2026-10-06T10:07:49.784Z
2026-10-06T10:14:03Z,MFG EV Power,77,MFG Taunton Deane,1993,AVAILABLE,150.0,2026-10-06T10:07:53.871Z
2026-10-06T10:14:03Z,MFG EV Power,77,MFG Taunton Deane,1988,INOPERATIVE,50.0,2026-10-06T10:11:39.285Z
2026-10-06T10:14:03Z,MFG EV Power,77,MFG Taunton Deane,1996,CHARGING,150.0,2026-10-06T10:11:28.572Z
2026-10-06T10:14:03Z,MFG EV Power,77,MFG Taunton Deane,2003,INOPERATIVE,50.0,2026-10-06T10:05:45.541Z
2026-10-06T10:14:03Z,MFG EV Power,77,MFG Taunton Deane,2005,CHARGING,150.0,2026-10-06T10:06:02.712Z
2026-10-06T10:14:03Z,MFG EV Power,442,Morrisons Taunton,1165,AVAILABLE,50.0,2026-10-06T08:50:59.276Z
2026-10-06T10:14:03Z,MFG EV Power,442,Morrisons Taunton,1170,AVAILABLE,50.0,2026-10-05T17:38:49Z
2026-10-06T10:14:03Z,MFG EV Power,601,MFG Taunton,3086,UNKNOWN,400.0,2026-10-05T23:15:03Z
2026-10-06T10:14:03Z,MFG EV Power,601,MFG Taunton,3087,UNKNOWN,400.0,2026-10-05T23:15:03Z
2026-10-06T10:14:03Z,MFG EV Power,601,MFG Taunton,3088,UNKNOWN,400.0,2026-10-05T23:15:04Z
2026-10-06T10:14:03Z,MFG EV Power,601,MFG Taunton,3089,UNKNOWN,400.0,2026-10-05T23:15:04Z
2026-10-06T10:14:03Z,MFG EV Power,601,MFG Taunton,3090,UNKNOWN,400.0,2026-10-05T23:15:10Z
2026-10-06T10:14:03Z,MFG EV Power,601,MFG Taunton,3091,UNKNOWN,400.0,2026-10-05T23:15:10Z
2026-10-06T10:14:03Z,MFG EV Power,601,MFG Taunton,3092,UNKNOWN,400.0,2026-10-05T23:14:49Z
2026-10-06T10:14:03Z,MFG EV Power,601,MFG Taunton,3093,UNKNOWN,400.0,2026-10-05T23:14:49Z
2026-10-06T10:30:46Z,MFG EV Power,77,MFG Taunton Deane,1989,AVAILABLE,150.0,2026-10-06T08:12:25.799Z
2026-10-06T10:30:46Z,MFG EV Power,77,MFG Taunton Deane,1990,AVAILABLE,50.0,2026-10-06T08:11:44.027Z
2026-10-06T10:30:46Z,MFG EV Power,77,MFG Taunton Deane,1992,AVAILABLE,50.0,2026-10-06T10:07:49.784Z
2026-10-06T10:30:46Z,MFG EV Power,77,MFG Taunton Deane,1993,AVAILABLE,150.0,2026-10-06T10:07:53.871Z
2026-10-06T10:30:46Z,MFG EV Power,77,MFG Taunton Deane,1988,INOPERATIVE,50.0,2026-10-06T10:11:39.285Z
2026-10-06T10:30:46Z,MFG EV Power,77,MFG Taunton Deane,1996,CHARGING,150.0,2026-10-06T10:11:28.572Z
2026-10-06T10:30:46Z,MFG EV Power,77,MFG Taunton Deane,2003,INOPERATIVE,50.0,2026-10-06T10:05:45.541Z
2026-10-06T10:30:46Z,MFG EV Power,77,MFG Taunton Deane,2005,CHARGING,150.0,2026-10-06T10:06:02.712Z
2026-10-06T10:30:46Z,MFG EV Power,442,Morrisons Taunton,1165,AVAILABLE,50.0,2026-10-06T08:50:59.276Z
2026-10-06T10:30:46Z,MFG EV Power,442,Morrisons Taunton,1170,AVAILABLE,50.0,2026-10-05T17:38:49Z
2026-10-06T10:30:46Z,MFG EV Power,601,MFG Taunton,3086,UNKNOWN,400.0,2026-10-05T23:15:03Z
2026-10-06T10:30:46Z,MFG EV Power,601,MFG Taunton,3087,UNKNOWN,400.0,2026-10-05T23:15:03Z
2026-10-06T10:30:46Z,MFG EV Power,601,MFG Taunton,3088,UNKNOWN,400.0,2026-10-05T23:15:04Z
2026-10-06T10:30:46Z,MFG EV Power,601,MFG Taunton,3089,UNKNOWN,400.0,2026-10-05T23:15:04Z
2026-10-06T10:30:46Z,MFG EV Power,601,MFG Taunton,3090,UNKNOWN,400.0,2026-10-05T23:15:10Z
2026-10-06T10:30:46Z,MFG EV Power,601,MFG Taunton,3091,UNKNOWN,400.0,2026-10-05T23:15:10Z
2026-10-06T10:30:46Z,MFG EV Power,601,MFG Taunton,3092,UNKNOWN,400.0,2026-10-05T23:14:49Z
2026-10-06T10:30:46Z,MFG EV Power,601,MFG Taunton,3093,UNKNOWN,400.0,2026-10-05T23:14:49Z
2026-10-06T10:46:47Z,MFG EV Power,77,MFG Taunton Deane,1989,CHARGING,150.0,2026-10-06T10:38:01.670Z
2026-10-06T10:46:47Z,MFG EV Power,77,MFG Taunton Deane,1990,AVAILABLE,50.0,2026-10-06T08:11:44.027Z
2026-10-06T10:46:47Z,MFG EV Power,77,MFG Taunton Deane,1992,AVAILABLE,50.0,2026-10-06T10:07:49.784Z
2026-10-06T10:46:47Z,MFG EV Power,77,MFG Taunton Deane,1993,AVAILABLE,150.0,2026-10-06T10:07:53.871Z
2026-10-06T10:46:47Z,MFG EV Power,77,MFG Taunton Deane,1988,AVAILABLE,50.0,2026-10-06T10:32:00.313Z
2026-10-06T10:46:47Z,MFG EV Power,77,MFG Taunton Deane,1996,INOPERATIVE,150.0,2026-10-06T10:31:46.557Z
2026-10-06T10:46:47Z,MFG EV Power,77,MFG Taunton Deane,2003,AVAILABLE,50.0,2026-10-06T10:31:10.472Z
2026-10-06T10:46:47Z,MFG EV Power,77,MFG Taunton Deane,2005,AVAILABLE,150.0,2026-10-06T10:31:17.034Z
2026-10-06T10:46:47Z,MFG EV Power,442,Morrisons Taunton,1165,AVAILABLE,50.0,2026-10-06T08:50:59.276Z
2026-10-06T10:46:47Z,MFG EV Power,442,Morrisons Taunton,1170,AVAILABLE,50.0,2026-10-05T17:38:49Z
2026-10-06T10:46:47Z,MFG EV Power,601,MFG Taunton,3086,UNKNOWN,400.0,2026-10-05T23:15:03Z
2026-10-06T10:46:47Z,MFG EV Power,601,MFG Taunton,3087,UNKNOWN,400.0,2026-10-05T23:15:03Z
2026-10-06T10:46:47Z,MFG EV Power,601,MFG Taunton,3088,UNKNOWN,400.0,2026-10-05T23:15:04Z
2026-10-06T10:46:47Z,MFG EV Power,601,MFG Taunton,3089,UNKNOWN,400.0,2026-10-05T23:15:04Z
2026-10-06T10:46:47Z,MFG EV Power,601,MFG Taunton,3090,UNKNOWN,400.0,2026-10-05T23:15:10Z
2026-10-06T10:46:47Z,MFG EV Power,601,MFG Taunton,3091,UNKNOWN,400.0,2026-10-05T23:15:10Z
2026-10-06T10:46:47Z,MFG EV Power,601,MFG Taunton,3092,UNKNOWN,400.0,2026-10-05T23:14:49Z
2026-10-06T10:46:47Z,MFG EV Power,601,MFG Taunton,3093,UNKNOWN,400.0,2026-10-05T23:14:49Z
2026-10-06T10:58:52Z,MFG EV Power,77,MFG Taunton Deane,1989,CHARGING,150.0,2026-10-06T10:38:01.670Z
2026-10-06T10:58:52Z,MFG EV Power,77,MFG Taunton Deane,1990,AVAILABLE,50.0,2026-10-06T08:11:44.027Z
2026-10-06T10:58:52Z,MFG EV Power,77,MFG Taunton Deane,1992,AVAILABLE,50.0,2026-10-06T10:07:49.784Z
2026-10-06T10:58:52Z,MFG EV Power,77,MFG Taunton Deane,1993,AVAILABLE,150.0,2026-10-06T10:07:53.871Z
2026-10-06T10:58:52Z,MFG EV Power,77,MFG Taunton Deane,1988,INOPERATIVE,50.0,2026-10-06T10:54:14.577Z
2026-10-06T10:58:52Z,MFG EV Power,77,MFG Taunton Deane,1996,CHARGING,150.0,2026-10-06T10:54:40.993Z
2026-10-06T10:58:52Z,MFG EV Power,77,MFG Taunton Deane,2003,AVAILABLE,50.0,2026-10-06T10:31:10.472Z
2026-10-06T10:58:52Z,MFG EV Power,77,MFG Taunton Deane,2005,AVAILABLE,150.0,2026-10-06T10:31:17.034Z
2026-10-06T10:58:52Z,MFG EV Power,442,Morrisons Taunton,1165,AVAILABLE,50.0,2026-10-06T08:50:59.276Z
2026-10-06T10:58:52Z,MFG EV Power,442,Morrisons Taunton,1170,AVAILABLE,50.0,2026-10-05T17:38:49Z
2026-10-06T10:58:52Z,MFG EV Power,601,MFG Taunton,3086,UNKNOWN,400.0,2026-10-05T23:15:03Z
2026-10-06T10:58:52Z,MFG EV Power,601,MFG Taunton,3087,UNKNOWN,400.0,2026-10-05T23:15:03Z
2026-10-06T10:58:52Z,MFG EV Power,601,MFG Taunton,3088,UNKNOWN,400.0,2026-10-05T23:15:04Z
2026-10-06T10:58:52Z,MFG EV Power,601,MFG Taunton,3089,UNKNOWN,400.0,2026-10-05T23:15:04Z
2026-10-06T10:58:52Z,MFG EV Power,601,MFG Taunton,3090,UNKNOWN,400.0,2026-10-05T23:15:10Z
2026-10-06T10:58:52Z,MFG EV Power,601,MFG Taunton,3091,UNKNOWN,400.0,2026-10-05T23:15:10Z
2026-10-06T10:58:52Z,MFG EV Power,601,MFG Taunton,3092,UNKNOWN,400.0,2026-10-05T23:14:49Z
2026-10-06T10:58:52Z,MFG EV Power,601,MFG Taunton,3093,UNKNOWN,400.0,2026-10-05T23:14:49Z
2026-10-06T11:11:06Z,MFG EV Power,77,MFG Taunton Deane,1989,CHARGING,150.0,2026-10-06T10:38:01.670Z
2026-10-06T11:11:06Z,MFG EV Power,77,MFG Taunton Deane,1990,AVAILABLE,50.0,2026-10-06T11:01:42.729Z
2026-10-06T11:11:06Z,MFG EV Power,77,MFG Taunton Deane,1992,AVAILABLE,50.0,2026-10-06T10:07:49.784Z
2026-10-06T11:11:06Z,MFG EV Power,77,MFG Taunton Deane,1993,AVAILABLE,150.0,2026-10-06T10:07:53.871Z
2026-10-06T11:11:06Z,MFG EV Power,77,MFG Taunton Deane,1988,INOPERATIVE,50.0,2026-10-06T10:54:14.577Z
2026-10-06T11:11:06Z,MFG EV Power,77,MFG Taunton Deane,1996,CHARGING,150.0,2026-10-06T10:54:40.993Z
2026-10-06T11:11:06Z,MFG EV Power,77,MFG Taunton Deane,2003,AVAILABLE,50.0,2026-10-06T10:31:10.472Z
2026-10-06T11:11:06Z,MFG EV Power,77,MFG Taunton Deane,2005,AVAILABLE,150.0,2026-10-06T10:31:17.034Z
2026-10-06T11:11:06Z,MFG EV Power,442,Morrisons Taunton,1165,AVAILABLE,50.0,2026-10-06T08:50:59.276Z
2026-10-06T11:11:06Z,MFG EV Power,442,Morrisons Taunton,1170,AVAILABLE,50.0,2026-10-05T17:38:49Z
2026-10-06T11:11:06Z,MFG EV Power,601,MFG Taunton,3086,UNKNOWN,400.0,2026-10-05T23:15:03Z
2026-10-06T11:11:06Z,MFG EV Power,601,MFG Taunton,3087,UNKNOWN,400.0,2026-10-05T23:15:03Z
2026-10-06T11:11:06Z,MFG EV Power,601,MFG Taunton,3088,UNKNOWN,400.0,2026-10-05T23:15:04Z
2026-10-06T11:11:06Z,MFG EV Power,601,MFG Taunton,3089,UNKNOWN,400.0,2026-10-05T23:15:04Z
2026-10-06T11:11:06Z,MFG EV Power,601,MFG Taunton,3090,UNKNOWN,400.0,2026-10-05T23:15:10Z
2026-10-06T11:11:06Z,MFG EV Power,601,MFG Taunton,3091,UNKNOWN,400.0,2026-10-05T23:15:10Z
2026-10-06T11:11:06Z,MFG EV Power,601,MFG Taunton,3092,UNKNOWN,400.0,2026-10-05T23:14:49Z
2026-10-06T11:11:06Z,MFG EV Power,601,MFG Taunton,3093,UNKNOWN,400.0,2026-10-05T23:14:49Z
2026-10-06T11:26:25Z,MFG EV Power,77,MFG Taunton Deane,1989,CHARGING,150.0,2026-10-06T10:38:01.670Z
2026-10-06T11:26:25Z,MFG EV Power,77,MFG Taunton Deane,1990,AVAILABLE,50.0,2026-10-06T11:01:42.729Z
2026-10-06T11:26:25Z,MFG EV Power,77,MFG Taunton Deane,1992,AVAILABLE,50.0,2026-10-06T10:07:49.784Z
2026-10-06T11:26:25Z,MFG EV Power,77,MFG Taunton Deane,1993,AVAILABLE,150.0,2026-10-06T10:07:53.871Z
2026-10-06T11:26:25Z,MFG EV Power,77,MFG Taunton Deane,1988,INOPERATIVE,50.0,2026-10-06T10:54:14.577Z
2026-10-06T11:26:25Z,MFG EV Power,77,MFG Taunton Deane,1996,CHARGING,150.0,2026-10-06T10:54:40.993Z
2026-10-06T11:26:25Z,MFG EV Power,77,MFG Taunton Deane,2003,AVAILABLE,50.0,2026-10-06T10:31:10.472Z
2026-10-06T11:26:25Z,MFG EV Power,77,MFG Taunton Deane,2005,AVAILABLE,150.0,2026-10-06T10:31:17.034Z
2026-10-06T11:26:25Z,MFG EV Power,442,Morrisons Taunton,1165,AVAILABLE,50.0,2026-10-06T08:50:59.276Z
2026-10-06T11:26:25Z,MFG EV Power,442,Morrisons Taunton,1170,AVAILABLE,50.0,2026-10-05T17:38:49Z
2026-10-06T11:26:25Z,MFG EV Power,601,MFG Taunton,3086,UNKNOWN,400.0,2026-10-05T23:15:03Z
2026-10-06T11:26:25Z,MFG EV Power,601,MFG Taunton,3087,UNKNOWN,400.0,2026-10-05T23:15:03Z
2026-10-06T11:26:25Z,MFG EV Power,601,MFG Taunton,3088,UNKNOWN,400.0,2026-10-05T23:15:04Z
2026-10-06T11:26:25Z,MFG EV Power,601,MFG Taunton,3089,UNKNOWN,400.0,2026-10-05T23:15:04Z
2026-10-06T11:26:25Z,MFG EV Power,601,MFG Taunton,3090,UNKNOWN,400.0,2026-10-05T23:15:10Z
2026-10-06T11:26:25Z,MFG EV Power,601,MFG Taunton,3091,UNKNOWN,400.0,2026-10-05T23:15:10Z
2026-10-06T11:26:25Z,MFG EV Power,601,MFG Taunton,3092,UNKNOWN,400.0,2026-10-05T23:14:49Z
2026-10-06T11:26:25Z,MFG EV Power,601,MFG Taunton,3093,UNKNOWN,400.0,2026-10-05T23:14:49Z
2026-10-06T11:39:55Z,MFG EV Power,77,MFG Taunton Deane,1989,CHARGING,150.0,2026-10-06T10:38:01.670Z
2026-10-06T11:39:55Z,MFG EV Power,77,MFG Taunton Deane,1990,AVAILABLE,50.0,2026-10-06T11:01:42.729Z
2026-10-06T11:39:55Z,MFG EV Power,77,MFG Taunton Deane,1992,AVAILABLE,50.0,2026-10-06T10:07:49.784Z
2026-10-06T11:39:55Z,MFG EV Power,77,MFG Taunton Deane,1993,AVAILABLE,150.0,2026-10-06T10:07:53.871Z
2026-10-06T11:39:55Z,MFG EV Power,77,MFG Taunton Deane,1988,AVAILABLE,50.0,2026-10-06T11:33:34.331Z
2026-10-06T11:39:55Z,MFG EV Power,77,MFG Taunton Deane,1996,AVAILABLE,150.0,2026-10-06T11:33:43.014Z
2026-10-06T11:39:55Z,MFG EV Power,77,MFG Taunton Deane,2003,AVAILABLE,50.0,2026-10-06T10:31:10.472Z
2026-10-06T11:39:55Z,MFG EV Power,77,MFG Taunton Deane,2005,AVAILABLE,150.0,2026-10-06T10:31:17.034Z
2026-10-06T11:39:55Z,MFG EV Power,442,Morrisons Taunton,1165,AVAILABLE,50.0,2026-10-06T08:50:59.276Z
2026-10-06T11:39:55Z,MFG EV Power,442,Morrisons Taunton,1170,AVAILABLE,50.0,2026-10-05T17:38:49Z
2026-10-06T11:39:55Z,MFG EV Power,601,MFG Taunton,3086,UNKNOWN,400.0,2026-10-05T23:15:03Z
2026-10-06T11:39:55Z,MFG EV Power,601,MFG Taunton,3087,UNKNOWN,400.0,2026-10-05T23:15:03Z
2026-10-06T11:39:55Z,MFG EV Power,601,MFG Taunton,3088,UNKNOWN,400.0,2026-10-05T23:15:04Z
2026-10-06T11:39:55Z,MFG EV Power,601,MFG Taunton,3089,UNKNOWN,400.0,2026-10-05T23:15:04Z
2026-10-06T11:39:55Z,MFG EV Power,601,MFG Taunton,3090,UNKNOWN,400.0,2026-10-05T23:15:10Z
2026-10-06T11:39:55Z,MFG EV Power,601,MFG Taunton,3091,UNKNOWN,400.0,2026-10-05T23:15:10Z
2026-10-06T11:39:55Z,MFG EV Power,601,MFG Taunton,3092,UNKNOWN,400.0,2026-10-05T23:14:49Z
2026-10-06T11:39:55Z,MFG EV Power,601,MFG Taunton,3093,UNKNOWN,400.0,2026-10-05T23:14:49Z
2026-10-06T11:53:23Z,MFG EV Power,77,MFG Taunton Deane,1989,CHARGING,150.0,2026-10-06T10:38:01.670Z
2026-10-06T11:53:23Z,MFG EV Power,77,MFG Taunton Deane,1990,AVAILABLE,50.0,2026-10-06T11:01:42.729Z
2026-10-06T11:53:23Z,MFG EV Power,77,MFG Taunton Deane,1992,AVAILABLE,50.0,2026-10-06T10:07:49.784Z
2026-10-06T11:53:23Z,MFG EV Power,77,MFG Taunton Deane,1993,AVAILABLE,150.0,2026-10-06T10:07:53.871Z
2026-10-06T11:53:23Z,MFG EV Power,77,MFG Taunton Deane,1988,AVAILABLE,50.0,2026-10-06T11:33:34.331Z
2026-10-06T11:53:23Z,MFG EV Power,77,MFG Taunton Deane,1996,AVAILABLE,150.0,2026-10-06T11:33:43.014Z
2026-10-06T11:53:23Z,MFG EV Power,77,MFG Taunton Deane,2003,AVAILABLE,50.0,2026-10-06T10:31:10.472Z
2026-10-06T11:53:23Z,MFG EV Power,77,MFG Taunton Deane,2005,AVAILABLE,150.0,2026-10-06T10:31:17.034Z
2026-10-06T11:53:23Z,MFG EV Power,442,Morrisons Taunton,1165,AVAILABLE,50.0,2026-10-06T08:50:59.276Z
2026-10-06T11:53:23Z,MFG EV Power,442,Morrisons Taunton,1170,AVAILABLE,50.0,2026-10-05T17:38:49Z
2026-10-06T11:53:23Z,MFG EV Power,601,MFG Taunton,3086,UNKNOWN,400.0,2026-10-05T23:15:03Z
2026-10-06T11:53:23Z,MFG EV Power,601,MFG Taunton,3087,UNKNOWN,400.0,2026-10-05T23:15:03Z
2026-10-06T11:53:23Z,MFG EV Power,601,MFG Taunton,3088,UNKNOWN,400.0,2026-10-05T23:15:04Z
2026-10-06T11:53:23Z,MFG EV Power,601,MFG Taunton,3089,UNKNOWN,400.0,2026-10-05T23:15:04Z
2026-10-06T11:53:23Z,MFG EV Power,601,MFG Taunton,3090,UNKNOWN,400.0,2026-10-05T23:15:10Z
2026-10-06T11:53:23Z,MFG EV Power,601,MFG Taunton,3091,UNKNOWN,400.0,2026-10-05T23:15:10Z
2026-10-06T11:53:23Z,MFG EV Power,601,MFG Taunton,3092,UNKNOWN,400.0,2026-10-05T23:14:49Z
2026-10-06T11:53:23Z,MFG EV Power,601,MFG Taunton,3093,UNKNOWN,400.0,2026-10-05T23:14:49Z
2026-10-06T12:02:00Z,MFG EV Power,77,MFG Taunton Deane,1989,CHARGING,150.0,2026-10-06T10:38:01.670Z
2026-10-06T12:02:00Z,MFG EV Power,77,MFG Taunton Deane,1990,AVAILABLE,50.0,2026-10-06T11:01:42.729Z
2026-10-06T12:02:00Z,MFG EV Power,77,MFG Taunton Deane,1992,AVAILABLE,50.0,2026-10-06T10:07:49.784Z
2026-10-06T12:02:00Z,MFG EV Power,77,MFG Taunton Deane,1993,AVAILABLE,150.0,2026-10-06T10:07:53.871Z
2026-10-06T12:02:00Z,MFG EV Power,77,MFG Taunton Deane,1988,AVAILABLE,50.0,2026-10-06T11:33:34.331Z
2026-10-06T12:02:00Z,MFG EV Power,77,MFG Taunton Deane,1996,AVAILABLE,150.0,2026-10-06T11:33:43.014Z
2026-10-06T12:02:00Z,MFG EV Power,77,MFG Taunton Deane,2003,AVAILABLE,50.0,2026-10-06T10:31:10.472Z
2026-10-06T12:02:00Z,MFG EV Power,77,MFG Taunton Deane,2005,AVAILABLE,150.0,2026-10-06T10:31:17.034Z
2026-10-06T12:02:00Z,MFG EV Power,442,Morrisons Taunton,1165,AVAILABLE,50.0,2026-10-06T08:50:59.276Z
2026-10-06T12:02:00Z,MFG EV Power,442,Morrisons Taunton,1170,AVAILABLE,50.0,2026-10-05T17:38:49Z
2026-10-06T12:02:00Z,MFG EV Power,601,MFG Taunton,3086,UNKNOWN,400.0,2026-10-05T23:15:03Z
2026-10-06T12:02:00Z,MFG EV Power,601,MFG Taunton,3087,UNKNOWN,400.0,2026-10-05T23:15:03Z
2026-10-06T12:02:00Z,MFG EV Power,601,MFG Taunton,3088,UNKNOWN,400.0,2026-10-05T23:15:04Z
2026-10-06T12:02:00Z,MFG EV Power,601,MFG Taunton,3089,UNKNOWN,400.0,2026-10-05T23:15:04Z
2026-10-06T12:02:00Z,MFG EV Power,601,MFG Taunton,3090,UNKNOWN,400.0,2026-10-05T23:15:10Z
2026-10-06T12:02:00Z,MFG EV Power,601,MFG Taunton,3091,UNKNOWN,400.0,2026-10-05T23:15:10Z
2026-10-06T12:02:00Z,MFG EV Power,601,MFG Taunton,3092,UNKNOWN,400.0,2026-10-05T23:14:49Z
2026-10-06T12:02:00Z,MFG EV Power,601,MFG Taunton,3093,UNKNOWN,400.0,2026-10-05T23:14:49Z
2026-10-06T12:21:59Z,MFG EV Power,77,MFG Taunton Deane,1989,CHARGING,150.0,2026-10-06T10:38:01.670Z
2026-10-06T12:21:59Z,MFG EV Power,77,MFG Taunton Deane,1990,AVAILABLE,50.0,2026-10-06T11:01:42.729Z
2026-10-06T12:21:59Z,MFG EV Power,77,MFG Taunton Deane,1992,AVAILABLE,50.0,2026-10-06T10:07:49.784Z
2026-10-06T12:21:59Z,MFG EV Power,77,MFG Taunton Deane,1993,AVAILABLE,150.0,2026-10-06T10:07:53.871Z
2026-10-06T12:21:59Z,MFG EV Power,77,MFG Taunton Deane,1988,AVAILABLE,50.0,2026-10-06T11:33:34.331Z
2026-10-06T12:21:59Z,MFG EV Power,77,MFG Taunton Deane,1996,AVAILABLE,150.0,2026-10-06T12:15:42.750Z
2026-10-06T12:21:59Z,MFG EV Power,77,MFG Taunton Deane,2003,AVAILABLE,50.0,2026-10-06T10:31:10.472Z
2026-10-06T12:21:59Z,MFG EV Power,77,MFG Taunton Deane,2005,AVAILABLE,150.0,2026-10-06T10:31:17.034Z
2026-10-06T12:21:59Z,MFG EV Power,442,Morrisons Taunton,1165,AVAILABLE,50.0,2026-10-06T08:50:59.276Z
2026-10-06T12:21:59Z,MFG EV Power,442,Morrisons Taunton,1170,AVAILABLE,50.0,2026-10-05T17:38:49Z
2026-10-06T12:21:59Z,MFG EV Power,601,MFG Taunton,3086,UNKNOWN,400.0,2026-10-05T23:15:03Z
2026-10-06T12:21:59Z,MFG EV Power,601,MFG Taunton,3087,UNKNOWN,400.0,2026-10-05T23:15:03Z
2026-10-06T12:21:59Z,MFG EV Power,601,MFG Taunton,3088,UNKNOWN,400.0,2026-10-05T23:15:04Z
2026-10-06T12:21:59Z,MFG EV Power,601,MFG Taunton,3089,UNKNOWN,400.0,2026-10-05T23:15:04Z
2026-10-06T12:21:59Z,MFG EV Power,601,MFG Taunton,3090,UNKNOWN,400.0,2026-10-05T23:15:10Z
2026-10-06T12:21:59Z,MFG EV Power,601,MFG Taunton,3091,UNKNOWN,400.0,2026-10-05T23:15:10Z
2026-10-06T12:21:59Z,MFG EV Power,601,MFG Taunton,3092,UNKNOWN,400.0,2026-10-05T23:14:49Z
2026-10-06T12:21:59Z,MFG EV Power,601,MFG Taunton,3093,UNKNOWN,400.0,2026-10-05T23:14:49Z
2026-10-06T12:43:09Z,MFG EV Power,77,MFG Taunton Deane,1989,CHARGING,150.0,2026-10-06T10:38:01.670Z
2026-10-06T12:43:09Z,MFG EV Power,77,MFG Taunton Deane,1990,AVAILABLE,50.0,2026-10-06T11:01:42.729Z
2026-10-06T12:43:09Z,MFG EV Power,77,MFG Taunton Deane,1992,AVAILABLE,50.0,2026-10-06T10:07:49.784Z
2026-10-06T12:43:09Z,MFG EV Power,77,MFG Taunton Deane,1993,AVAILABLE,150.0,2026-10-06T10:07:53.871Z
2026-10-06T12:43:09Z,MFG EV Power,77,MFG Taunton Deane,1988,INOPERATIVE,50.0,2026-10-06T12:38:20.613Z
2026-10-06T12:43:09Z,MFG EV Power,77,MFG Taunton Deane,1996,CHARGING,150.0,2026-10-06T12:38:38.936Z
2026-10-06T12:43:09Z,MFG EV Power,77,MFG Taunton Deane,2003,AVAILABLE,50.0,2026-10-06T12:34:19.103Z
2026-10-06T12:43:09Z,MFG EV Power,77,MFG Taunton Deane,2005,AVAILABLE,150.0,2026-10-06T12:27:56.733Z
2026-10-06T12:43:09Z,MFG EV Power,442,Morrisons Taunton,1165,AVAILABLE,50.0,2026-10-06T08:50:59.276Z
2026-10-06T12:43:09Z,MFG EV Power,442,Morrisons Taunton,1170,CHARGING,50.0,2026-10-06T12:34:37.357Z
2026-10-06T12:43:09Z,MFG EV Power,601,MFG Taunton,3086,UNKNOWN,400.0,2026-10-05T23:15:03Z
2026-10-06T12:43:09Z,MFG EV Power,601,MFG Taunton,3087,UNKNOWN,400.0,2026-10-05T23:15:03Z
2026-10-06T12:43:09Z,MFG EV Power,601,MFG Taunton,3088,UNKNOWN,400.0,2026-10-05T23:15:04Z
2026-10-06T12:43:09Z,MFG EV Power,601,MFG Taunton,3089,UNKNOWN,400.0,2026-10-05T23:15:04Z
2026-10-06T12:43:09Z,MFG EV Power,601,MFG Taunton,3090,UNKNOWN,400.0,2026-10-05T23:15:10Z
2026-10-06T12:43:09Z,MFG EV Power,601,MFG Taunton,3091,UNKNOWN,400.0,2026-10-05T23:15:10Z
2026-10-06T12:43:09Z,MFG EV Power,601,MFG Taunton,3092,UNKNOWN,400.0,2026-10-05T23:14:49Z
2026-10-06T12:43:09Z,MFG EV Power,601,MFG Taunton,3093,UNKNOWN,400.0,2026-10-05T23:14:49Z
2026-10-06T13:12:36Z,MFG EV Power,77,MFG Taunton Deane,1989,CHARGING,150.0,2026-10-06T10:38:01.670Z
2026-10-06T13:12:36Z,MFG EV Power,77,MFG Taunton Deane,1990,AVAILABLE,50.0,2026-10-06T11:01:42.729Z
2026-10-06T13:12:36Z,MFG EV Power,77,MFG Taunton Deane,1992,AVAILABLE,50.0,2026-10-06T12:59:04.224Z
2026-10-06T13:12:36Z,MFG EV Power,77,MFG Taunton Deane,1993,AVAILABLE,150.0,2026-10-06T12:59:16.116Z
2026-10-06T13:12:36Z,MFG EV Power,77,MFG Taunton Deane,1988,AVAILABLE,50.0,2026-10-06T13:07:44.489Z
2026-10-06T13:12:36Z,MFG EV Power,77,MFG Taunton Deane,1996,AVAILABLE,150.0,2026-10-06T13:09:25.808Z
2026-10-06T13:12:36Z,MFG EV Power,77,MFG Taunton Deane,2003,AVAILABLE,50.0,2026-10-06T12:34:19.103Z
2026-10-06T13:12:36Z,MFG EV Power,77,MFG Taunton Deane,2005,AVAILABLE,150.0,2026-10-06T12:27:56.733Z
2026-10-06T13:12:36Z,MFG EV Power,442,Morrisons Taunton,1165,AVAILABLE,50.0,2026-10-06T08:50:59.276Z
2026-10-06T13:12:36Z,MFG EV Power,442,Morrisons Taunton,1170,CHARGING,50.0,2026-10-06T12:34:37.357Z
2026-10-06T13:12:36Z,MFG EV Power,601,MFG Taunton,3086,UNKNOWN,400.0,2026-10-05T23:15:03Z
2026-10-06T13:12:36Z,MFG EV Power,601,MFG Taunton,3087,UNKNOWN,400.0,2026-10-05T23:15:03Z
2026-10-06T13:12:36Z,MFG EV Power,601,MFG Taunton,3088,UNKNOWN,400.0,2026-10-05T23:15:04Z
2026-10-06T13:12:36Z,MFG EV Power,601,MFG Taunton,3089,UNKNOWN,400.0,2026-10-05T23:15:04Z
2026-10-06T13:12:36Z,MFG EV Power,601,MFG Taunton,3090,UNKNOWN,400.0,2026-10-05T23:15:10Z
2026-10-06T13:12:36Z,MFG EV Power,601,MFG Taunton,3091,UNKNOWN,400.0,2026-10-05T23:15:10Z
2026-10-06T13:12:36Z,MFG EV Power,601,MFG Taunton,3092,UNKNOWN,400.0,2026-10-05T23:14:49Z
2026-10-06T13:12:36Z,MFG EV Power,601,MFG Taunton,3093,UNKNOWN,400.0,2026-10-05T23:14:49Z
2026-10-06T13:30:24Z,MFG EV Power,77,MFG Taunton Deane,1989,CHARGING,150.0,2026-10-06T10:38:01.670Z
2026-10-06T13:30:24Z,MFG EV Power,77,MFG Taunton Deane,1990,AVAILABLE,50.0,2026-10-06T11:01:42.729Z
2026-10-06T13:30:24Z,MFG EV Power,77,MFG Taunton Deane,1992,AVAILABLE,50.0,2026-10-06T12:59:04.224Z
2026-10-06T13:30:24Z,MFG EV Power,77,MFG Taunton Deane,1993,AVAILABLE,150.0,2026-10-06T12:59:16.116Z
2026-10-06T13:30:24Z,MFG EV Power,77,MFG Taunton Deane,1988,AVAILABLE,50.0,2026-10-06T13:16:23.116Z
2026-10-06T13:30:24Z,MFG EV Power,77,MFG Taunton Deane,1996,AVAILABLE,150.0,2026-10-06T13:16:31.514Z
2026-10-06T13:30:24Z,MFG EV Power,77,MFG Taunton Deane,2003,INOPERATIVE,50.0,2026-10-06T13:16:57.443Z
2026-10-06T13:30:24Z,MFG EV Power,77,MFG Taunton Deane,2005,CHARGING,150.0,2026-10-06T13:17:15.661Z
2026-10-06T13:30:24Z,MFG EV Power,442,Morrisons Taunton,1165,AVAILABLE,50.0,2026-10-06T08:50:59.276Z
2026-10-06T13:30:24Z,MFG EV Power,442,Morrisons Taunton,1170,CHARGING,50.0,2026-10-06T12:34:37.357Z
2026-10-06T13:30:24Z,MFG EV Power,601,MFG Taunton,3086,UNKNOWN,400.0,2026-10-05T23:15:03Z
2026-10-06T13:30:24Z,MFG EV Power,601,MFG Taunton,3087,UNKNOWN,400.0,2026-10-05T23:15:03Z
2026-10-06T13:30:24Z,MFG EV Power,601,MFG Taunton,3088,UNKNOWN,400.0,2026-10-05T23:15:04Z
2026-10-06T13:30:24Z,MFG EV Power,601,MFG Taunton,3089,UNKNOWN,400.0,2026-10-05T23:15:04Z
2026-10-06T13:30:24Z,MFG EV Power,601,MFG Taunton,3090,UNKNOWN,400.0,2026-10-05T23:15:10Z
2026-10-06T13:30:24Z,MFG EV Power,601,MFG Taunton,3091,UNKNOWN,400.0,2026-10-05T23:15:10Z
2026-10-06T13:30:24Z,MFG EV Power,601,MFG Taunton,3092,UNKNOWN,400.0,2026-10-05T23:14:49Z
2026-10-06T13:30:24Z,MFG EV Power,601,MFG Taunton,3093,UNKNOWN,400.0,2026-10-05T23:14:49Z
2026-10-06T13:46:05Z,MFG EV Power,77,MFG Taunton Deane,1989,CHARGING,150.0,2026-10-06T10:38:01.670Z
2026-10-06T13:46:05Z,MFG EV Power,77,MFG Taunton Deane,1990,AVAILABLE,50.0,2026-10-06T11:01:42.729Z
2026-10-06T13:46:05Z,MFG EV Power,77,MFG Taunton Deane,1992,AVAILABLE,50.0,2026-10-06T12:59:04.224Z
2026-10-06T13:46:05Z,MFG EV Power,77,MFG Taunton Deane,1993,AVAILABLE,150.0,2026-10-06T12:59:16.116Z
2026-10-06T13:46:05Z,MFG EV Power,77,MFG Taunton Deane,1988,AVAILABLE,50.0,2026-10-06T13:16:23.116Z
2026-10-06T13:46:05Z,MFG EV Power,77,MFG Taunton Deane,1996,AVAILABLE,150.0,2026-10-06T13:16:31.514Z
2026-10-06T13:46:05Z,MFG EV Power,77,MFG Taunton Deane,2003,INOPERATIVE,50.0,2026-10-06T13:16:57.443Z
2026-10-06T13:46:05Z,MFG EV Power,77,MFG Taunton Deane,2005,CHARGING,150.0,2026-10-06T13:17:15.661Z
2026-10-06T13:46:05Z,MFG EV Power,442,Morrisons Taunton,1165,AVAILABLE,50.0,2026-10-06T08:50:59.276Z
2026-10-06T13:46:05Z,MFG EV Power,442,Morrisons Taunton,1170,CHARGING,50.0,2026-10-06T12:34:37.357Z
2026-10-06T13:46:05Z,MFG EV Power,601,MFG Taunton,3086,UNKNOWN,400.0,2026-10-05T23:15:03Z
2026-10-06T13:46:05Z,MFG EV Power,601,MFG Taunton,3087,UNKNOWN,400.0,2026-10-05T23:15:03Z
2026-10-06T13:46:05Z,MFG EV Power,601,MFG Taunton,3088,UNKNOWN,400.0,2026-10-05T23:15:04Z
2026-10-06T13:46:05Z,MFG EV Power,601,MFG Taunton,3089,UNKNOWN,400.0,2026-10-05T23:15:04Z
2026-10-06T13:46:05Z,MFG EV Power,601,MFG Taunton,3090,UNKNOWN,400.0,2026-10-05T23:15:10Z
2026-10-06T13:46:05Z,MFG EV Power,601,MFG Taunton,3091,UNKNOWN,400.0,2026-10-05T23:15:10Z
2026-10-06T13:46:05Z,MFG EV Power,601,MFG Taunton,3092,UNKNOWN,400.0,2026-10-05T23:14:49Z
2026-10-06T13:46:05Z,MFG EV Power,601,MFG Taunton,3093,UNKNOWN,400.0,2026-10-05T23:14:49Z
2026-10-06T14:00:14Z,MFG EV Power,77,MFG Taunton Deane,1989,CHARGING,150.0,2026-10-06T10:38:01.670Z
2026-10-06T14:00:14Z,MFG EV Power,77,MFG Taunton Deane,1990,INOPERATIVE,50.0,2026-10-06T13:53:55.796Z
2026-10-06T14:00:14Z,MFG EV Power,77,MFG Taunton Deane,1992,AVAILABLE,50.0,2026-10-06T12:59:04.224Z
2026-10-06T14:00:14Z,MFG EV Power,77,MFG Taunton Deane,1993,AVAILABLE,150.0,2026-10-06T12:59:16.116Z
2026-10-06T14:00:14Z,MFG EV Power,77,MFG Taunton Deane,1988,INOPERATIVE,50.0,2026-10-06T13:50:45.739Z
2026-10-06T14:00:14Z,MFG EV Power,77,MFG Taunton Deane,1996,CHARGING,150.0,2026-10-06T13:51:03.771Z
2026-10-06T14:00:14Z,MFG EV Power,77,MFG Taunton Deane,2003,AVAILABLE,50.0,2026-10-06T13:55:07.573Z
2026-10-06T14:00:14Z,MFG EV Power,77,MFG Taunton Deane,2005,CHARGING,150.0,2026-10-06T13:55:06.164Z
2026-10-06T14:00:14Z,MFG EV Power,442,Morrisons Taunton,1165,AVAILABLE,50.0,2026-10-06T08:50:59.276Z
2026-10-06T14:00:14Z,MFG EV Power,442,Morrisons Taunton,1170,CHARGING,50.0,2026-10-06T12:34:37.357Z
2026-10-06T14:00:14Z,MFG EV Power,601,MFG Taunton,3086,UNKNOWN,400.0,2026-10-05T23:15:03Z
2026-10-06T14:00:14Z,MFG EV Power,601,MFG Taunton,3087,UNKNOWN,400.0,2026-10-05T23:15:03Z
2026-10-06T14:00:14Z,MFG EV Power,601,MFG Taunton,3088,UNKNOWN,400.0,2026-10-05T23:15:04Z
2026-10-06T14:00:14Z,MFG EV Power,601,MFG Taunton,3089,UNKNOWN,400.0,2026-10-05T23:15:04Z
2026-10-06T14:00:14Z,MFG EV Power,601,MFG Taunton,3090,UNKNOWN,400.0,2026-10-05T23:15:10Z
2026-10-06T14:00:14Z,MFG EV Power,601,MFG Taunton,3091,UNKNOWN,400.0,2026-10-05T23:15:10Z
2026-10-06T14:00:14Z,MFG EV Power,601,MFG Taunton,3092,UNKNOWN,400.0,2026-10-05T23:14:49Z
2026-10-06T14:00:14Z,MFG EV Power,601,MFG Taunton,3093,UNKNOWN,400.0,2026-10-05T23:14:49Z
2026-10-06T14:15:48Z,MFG EV Power,77,MFG Taunton Deane,1989,AVAILABLE,150.0,2026-10-06T14:14:29.118Z
2026-10-06T14:15:48Z,MFG EV Power,77,MFG Taunton Deane,1990,AVAILABLE,50.0,2026-10-06T14:14:12.081Z
2026-10-06T14:15:48Z,MFG EV Power,77,MFG Taunton Deane,1992,AVAILABLE,50.0,2026-10-06T12:59:04.224Z
2026-10-06T14:15:48Z,MFG EV Power,77,MFG Taunton Deane,1993,AVAILABLE,150.0,2026-10-06T12:59:16.116Z
2026-10-06T14:15:48Z,MFG EV Power,77,MFG Taunton Deane,1988,AVAILABLE,50.0,2026-10-06T14:15:09.651Z
2026-10-06T14:15:48Z,MFG EV Power,77,MFG Taunton Deane,1996,CHARGING,150.0,2026-10-06T13:51:03.771Z
2026-10-06T14:15:48Z,MFG EV Power,77,MFG Taunton Deane,2003,AVAILABLE,50.0,2026-10-06T13:55:07.573Z
2026-10-06T14:15:48Z,MFG EV Power,77,MFG Taunton Deane,2005,AVAILABLE,150.0,2026-10-06T14:05:32.389Z
2026-10-06T14:15:48Z,MFG EV Power,442,Morrisons Taunton,1165,AVAILABLE,50.0,2026-10-06T08:50:59.276Z
2026-10-06T14:15:48Z,MFG EV Power,442,Morrisons Taunton,1170,CHARGING,50.0,2026-10-06T12:34:37.357Z
2026-10-06T14:15:48Z,MFG EV Power,601,MFG Taunton,3086,UNKNOWN,400.0,2026-10-05T23:15:03Z
2026-10-06T14:15:48Z,MFG EV Power,601,MFG Taunton,3087,UNKNOWN,400.0,2026-10-05T23:15:03Z
2026-10-06T14:15:48Z,MFG EV Power,601,MFG Taunton,3088,UNKNOWN,400.0,2026-10-05T23:15:04Z
2026-10-06T14:15:48Z,MFG EV Power,601,MFG Taunton,3089,UNKNOWN,400.0,2026-10-05T23:15:04Z
2026-10-06T14:15:48Z,MFG EV Power,601,MFG Taunton,3090,UNKNOWN,400.0,2026-10-05T23:15:10Z
2026-10-06T14:15:48Z,MFG EV Power,601,MFG Taunton,3091,UNKNOWN,400.0,2026-10-05T23:15:10Z
2026-10-06T14:15:48Z,MFG EV Power,601,MFG Taunton,3092,UNKNOWN,400.0,2026-10-05T23:14:49Z
2026-10-06T14:15:48Z,MFG EV Power,601,MFG Taunton,3093,UNKNOWN,400.0,2026-10-05T23:14:49Z
2026-10-06T14:33:18Z,MFG EV Power,77,MFG Taunton Deane,1989,CHARGING,150.0,2026-10-06T14:23:32.439Z
2026-10-06T14:33:18Z,MFG EV Power,77,MFG Taunton Deane,1990,INOPERATIVE,50.0,2026-10-06T14:23:19.503Z
2026-10-06T14:33:18Z,MFG EV Power,77,MFG Taunton Deane,1992,AVAILABLE,50.0,2026-10-06T12:59:04.224Z
2026-10-06T14:33:18Z,MFG EV Power,77,MFG Taunton Deane,1993,AVAILABLE,150.0,2026-10-06T12:59:16.116Z
2026-10-06T14:33:18Z,MFG EV Power,77,MFG Taunton Deane,1988,AVAILABLE,50.0,2026-10-06T14:15:09.651Z
2026-10-06T14:33:18Z,MFG EV Power,77,MFG Taunton Deane,1996,CHARGING,150.0,2026-10-06T13:51:03.771Z
2026-10-06T14:33:18Z,MFG EV Power,77,MFG Taunton Deane,2003,AVAILABLE,50.0,2026-10-06T13:55:07.573Z
2026-10-06T14:33:18Z,MFG EV Power,77,MFG Taunton Deane,2005,AVAILABLE,150.0,2026-10-06T14:05:32.389Z
2026-10-06T14:33:18Z,MFG EV Power,442,Morrisons Taunton,1165,AVAILABLE,50.0,2026-10-06T08:50:59.276Z
2026-10-06T14:33:18Z,MFG EV Power,442,Morrisons Taunton,1170,CHARGING,50.0,2026-10-06T12:34:37.357Z
2026-10-06T14:33:18Z,MFG EV Power,601,MFG Taunton,3086,INOPERATIVE,400.0,2026-10-06T14:32:09.655Z
2026-10-06T14:33:18Z,MFG EV Power,601,MFG Taunton,3087,AVAILABLE,400.0,2026-10-06T14:32:12.569Z
2026-10-06T14:33:18Z,MFG EV Power,601,MFG Taunton,3088,AVAILABLE,400.0,2026-10-06T14:32:11.754Z
2026-10-06T14:33:18Z,MFG EV Power,601,MFG Taunton,3089,INOPERATIVE,400.0,2026-10-06T14:32:11.585Z
2026-10-06T14:33:18Z,MFG EV Power,601,MFG Taunton,3090,INOPERATIVE,400.0,2026-10-06T14:32:17.101Z
2026-10-06T14:33:18Z,MFG EV Power,601,MFG Taunton,3091,AVAILABLE,400.0,2026-10-06T14:32:19.182Z
2026-10-06T14:33:18Z,MFG EV Power,601,MFG Taunton,3092,OUTOFORDER,400.0,2026-10-06T14:32:21.443Z
2026-10-06T14:33:18Z,MFG EV Power,601,MFG Taunton,3093,OUTOFORDER,400.0,2026-10-06T14:32:22.030Z
2026-10-06T14:49:11Z,MFG EV Power,77,MFG Taunton Deane,1989,CHARGING,150.0,2026-10-06T14:46:24.258Z
2026-10-06T14:49:11Z,MFG EV Power,77,MFG Taunton Deane,1990,INOPERATIVE,50.0,2026-10-06T14:46:07.443Z
2026-10-06T14:49:11Z,MFG EV Power,77,MFG Taunton Deane,1992,INOPERATIVE,50.0,2026-10-06T14:47:20.414Z
2026-10-06T14:49:11Z,MFG EV Power,77,MFG Taunton Deane,1993,CHARGING,150.0,2026-10-06T14:47:38.873Z
2026-10-06T14:49:11Z,MFG EV Power,77,MFG Taunton Deane,1988,AVAILABLE,50.0,2026-10-06T14:15:09.651Z
2026-10-06T14:49:11Z,MFG EV Power,77,MFG Taunton Deane,1996,CHARGING,150.0,2026-10-06T13:51:03.771Z
2026-10-06T14:49:11Z,MFG EV Power,77,MFG Taunton Deane,2003,INOPERATIVE,50.0,2026-10-06T14:34:30.441Z
2026-10-06T14:49:11Z,MFG EV Power,77,MFG Taunton Deane,2005,CHARGING,150.0,2026-10-06T14:34:59.756Z
2026-10-06T14:49:11Z,MFG EV Power,442,Morrisons Taunton,1165,AVAILABLE,50.0,2026-10-06T08:50:59.276Z
2026-10-06T14:49:11Z,MFG EV Power,442,Morrisons Taunton,1170,CHARGING,50.0,2026-10-06T12:34:37.357Z
2026-10-06T14:49:11Z,MFG EV Power,601,MFG Taunton,3086,INOPERATIVE,400.0,2026-10-06T14:32:09.655Z
2026-10-06T14:49:11Z,MFG EV Power,601,MFG Taunton,3087,AVAILABLE,400.0,2026-10-06T14:32:12.569Z
2026-10-06T14:49:11Z,MFG EV Power,601,MFG Taunton,3088,AVAILABLE,400.0,2026-10-06T14:44:24.167Z
2026-10-06T14:49:11Z,MFG EV Power,601,MFG Taunton,3089,AVAILABLE,400.0,2026-10-06T14:40:01.086Z
2026-10-06T14:49:11Z,MFG EV Power,601,MFG Taunton,3090,INOPERATIVE,400.0,2026-10-06T14:32:17.101Z
2026-10-06T14:49:11Z,MFG EV Power,601,MFG Taunton,3091,AVAILABLE,400.0,2026-10-06T14:32:19.182Z
2026-10-06T14:49:11Z,MFG EV Power,601,MFG Taunton,3092,OUTOFORDER,400.0,2026-10-06T14:32:21.443Z
2026-10-06T14:49:11Z,MFG EV Power,601,MFG Taunton,3093,OUTOFORDER,400.0,2026-10-06T14:32:22.030Z
2026-10-06T15:01:45Z,MFG EV Power,77,MFG Taunton Deane,1989,CHARGING,150.0,2026-10-06T14:46:24.258Z
2026-10-06T15:01:45Z,MFG EV Power,77,MFG Taunton Deane,1990,INOPERATIVE,50.0,2026-10-06T14:46:07.443Z
2026-10-06T15:01:45Z,MFG EV Power,77,MFG Taunton Deane,1992,INOPERATIVE,50.0,2026-10-06T14:47:20.414Z
2026-10-06T15:01:45Z,MFG EV Power,77,MFG Taunton Deane,1993,CHARGING,150.0,2026-10-06T14:47:38.873Z
2026-10-06T15:01:45Z,MFG EV Power,77,MFG Taunton Deane,1988,AVAILABLE,50.0,2026-10-06T14:15:09.651Z
2026-10-06T15:01:45Z,MFG EV Power,77,MFG Taunton Deane,1996,CHARGING,150.0,2026-10-06T13:51:03.771Z
2026-10-06T15:01:45Z,MFG EV Power,77,MFG Taunton Deane,2003,INOPERATIVE,50.0,2026-10-06T14:34:30.441Z
2026-10-06T15:01:45Z,MFG EV Power,77,MFG Taunton Deane,2005,AVAILABLE,150.0,2026-10-06T14:57:10.926Z
2026-10-06T15:01:45Z,MFG EV Power,442,Morrisons Taunton,1165,AVAILABLE,50.0,2026-10-06T08:50:59.276Z
2026-10-06T15:01:45Z,MFG EV Power,442,Morrisons Taunton,1170,CHARGING,50.0,2026-10-06T12:34:37.357Z
2026-10-06T15:01:45Z,MFG EV Power,601,MFG Taunton,3086,INOPERATIVE,400.0,2026-10-06T14:32:09.655Z
2026-10-06T15:01:45Z,MFG EV Power,601,MFG Taunton,3087,AVAILABLE,400.0,2026-10-06T14:32:12.569Z
2026-10-06T15:01:45Z,MFG EV Power,601,MFG Taunton,3088,AVAILABLE,400.0,2026-10-06T14:44:24.167Z
2026-10-06T15:01:45Z,MFG EV Power,601,MFG Taunton,3089,AVAILABLE,400.0,2026-10-06T14:40:01.086Z
2026-10-06T15:01:45Z,MFG EV Power,601,MFG Taunton,3090,INOPERATIVE,400.0,2026-10-06T14:32:17.101Z
2026-10-06T15:01:45Z,MFG EV Power,601,MFG Taunton,3091,AVAILABLE,400.0,2026-10-06T14:32:19.182Z
2026-10-06T15:01:45Z,MFG EV Power,601,MFG Taunton,3092,OUTOFORDER,400.0,2026-10-06T14:32:21.443Z
2026-10-06T15:01:45Z,MFG EV Power,601,MFG Taunton,3093,OUTOFORDER,400.0,2026-10-06T14:32:22.030Z
2026-10-06T15:18:00Z,MFG EV Power,77,MFG Taunton Deane,1989,AVAILABLE,150.0,2026-10-06T15:12:58.358Z
2026-10-06T15:18:00Z,MFG EV Power,77,MFG Taunton Deane,1990,AVAILABLE,50.0,2026-10-06T15:12:49.486Z
2026-10-06T15:18:00Z,MFG EV Power,77,MFG Taunton Deane,1992,INOPERATIVE,50.0,2026-10-06T15:10:00.013Z
2026-10-06T15:18:00Z,MFG EV Power,77,MFG Taunton Deane,1993,AVAILABLE,150.0,2026-10-06T15:10:22.460Z
2026-10-06T15:18:00Z,MFG EV Power,77,MFG Taunton Deane,1988,AVAILABLE,50.0,2026-10-06T14:15:09.651Z
2026-10-06T15:18:00Z,MFG EV Power,77,MFG Taunton Deane,1996,CHARGING,150.0,2026-10-06T13:51:03.771Z
2026-10-06T15:18:00Z,MFG EV Power,77,MFG Taunton Deane,2003,INOPERATIVE,50.0,2026-10-06T14:34:30.441Z
2026-10-06T15:18:00Z,MFG EV Power,77,MFG Taunton Deane,2005,AVAILABLE,150.0,2026-10-06T14:57:10.926Z
2026-10-06T15:18:00Z,MFG EV Power,442,Morrisons Taunton,1165,AVAILABLE,50.0,2026-10-06T08:50:59.276Z
2026-10-06T15:18:00Z,MFG EV Power,442,Morrisons Taunton,1170,CHARGING,50.0,2026-10-06T12:34:37.357Z
2026-10-06T15:18:00Z,MFG EV Power,601,MFG Taunton,3086,INOPERATIVE,400.0,2026-10-06T14:32:09.655Z
2026-10-06T15:18:00Z,MFG EV Power,601,MFG Taunton,3087,AVAILABLE,400.0,2026-10-06T14:32:12.569Z
2026-10-06T15:18:00Z,MFG EV Power,601,MFG Taunton,3088,AVAILABLE,400.0,2026-10-06T15:08:01.936Z
2026-10-06T15:18:00Z,MFG EV Power,601,MFG Taunton,3089,AVAILABLE,400.0,2026-10-06T14:40:01.086Z
2026-10-06T15:18:00Z,MFG EV Power,601,MFG Taunton,3090,INOPERATIVE,400.0,2026-10-06T14:32:17.101Z
2026-10-06T15:18:00Z,MFG EV Power,601,MFG Taunton,3091,AVAILABLE,400.0,2026-10-06T14:32:19.182Z
2026-10-06T15:18:00Z,MFG EV Power,601,MFG Taunton,3092,OUTOFORDER,400.0,2026-10-06T14:32:21.443Z
2026-10-06T15:18:00Z,MFG EV Power,601,MFG Taunton,3093,OUTOFORDER,400.0,2026-10-06T14:32:22.030Z
2026-10-06T15:33:29Z,MFG EV Power,77,MFG Taunton Deane,1989,CHARGING,150.0,2026-10-06T15:21:46.564Z
2026-10-06T15:33:29Z,MFG EV Power,77,MFG Taunton Deane,1990,AVAILABLE,50.0,2026-10-06T15:12:49.486Z
2026-10-06T15:33:29Z,MFG EV Power,77,MFG Taunton Deane,1992,AVAILABLE,50.0,2026-10-06T15:32:09.581Z
2026-10-06T15:33:29Z,MFG EV Power,77,MFG Taunton Deane,1993,AVAILABLE,150.0,2026-10-06T15:10:22.460Z
2026-10-06T15:33:29Z,MFG EV Power,77,MFG Taunton Deane,1988,AVAILABLE,50.0,2026-10-06T14:15:09.651Z
2026-10-06T15:33:29Z,MFG EV Power,77,MFG Taunton Deane,1996,CHARGING,150.0,2026-10-06T13:51:03.771Z
2026-10-06T15:33:29Z,MFG EV Power,77,MFG Taunton Deane,2003,INOPERATIVE,50.0,2026-10-06T14:34:30.441Z
2026-10-06T15:33:29Z,MFG EV Power,77,MFG Taunton Deane,2005,AVAILABLE,150.0,2026-10-06T14:57:10.926Z
2026-10-06T15:33:29Z,MFG EV Power,442,Morrisons Taunton,1165,AVAILABLE,50.0,2026-10-06T08:50:59.276Z
2026-10-06T15:33:29Z,MFG EV Power,442,Morrisons Taunton,1170,CHARGING,50.0,2026-10-06T12:34:37.357Z
2026-10-06T15:33:29Z,MFG EV Power,601,MFG Taunton,3086,INOPERATIVE,400.0,2026-10-06T14:32:09.655Z
2026-10-06T15:33:29Z,MFG EV Power,601,MFG Taunton,3087,AVAILABLE,400.0,2026-10-06T14:32:12.569Z
2026-10-06T15:33:29Z,MFG EV Power,601,MFG Taunton,3088,AVAILABLE,400.0,2026-10-06T15:08:01.936Z
2026-10-06T15:33:29Z,MFG EV Power,601,MFG Taunton,3089,AVAILABLE,400.0,2026-10-06T14:40:01.086Z
2026-10-06T15:33:29Z,MFG EV Power,601,MFG Taunton,3090,INOPERATIVE,400.0,2026-10-06T14:32:17.101Z
2026-10-06T15:33:29Z,MFG EV Power,601,MFG Taunton,3091,AVAILABLE,400.0,2026-10-06T14:32:19.182Z
2026-10-06T15:33:29Z,MFG EV Power,601,MFG Taunton,3092,OUTOFORDER,400.0,2026-10-06T14:32:21.443Z
2026-10-06T15:33:29Z,MFG EV Power,601,MFG Taunton,3093,OUTOFORDER,400.0,2026-10-06T14:32:22.030Z
2026-10-06T15:48:37Z,MFG EV Power,77,MFG Taunton Deane,1989,CHARGING,150.0,2026-10-06T15:21:46.564Z
2026-10-06T15:48:37Z,MFG EV Power,77,MFG Taunton Deane,1990,AVAILABLE,50.0,2026-10-06T15:12:49.486Z
2026-10-06T15:48:37Z,MFG EV Power,77,MFG Taunton Deane,1992,AVAILABLE,50.0,2026-10-06T15:32:09.581Z
2026-10-06T15:48:37Z,MFG EV Power,77,MFG Taunton Deane,1993,AVAILABLE,150.0,2026-10-06T15:10:22.460Z
2026-10-06T15:48:37Z,MFG EV Power,77,MFG Taunton Deane,1988,AVAILABLE,50.0,2026-10-06T14:15:09.651Z
2026-10-06T15:48:37Z,MFG EV Power,77,MFG Taunton Deane,1996,CHARGING,150.0,2026-10-06T13:51:03.771Z
2026-10-06T15:48:37Z,MFG EV Power,77,MFG Taunton Deane,2003,INOPERATIVE,50.0,2026-10-06T14:34:30.441Z
2026-10-06T15:48:37Z,MFG EV Power,77,MFG Taunton Deane,2005,AVAILABLE,150.0,2026-10-06T14:57:10.926Z
2026-10-06T15:48:37Z,MFG EV Power,442,Morrisons Taunton,1165,AVAILABLE,50.0,2026-10-06T08:50:59.276Z
2026-10-06T15:48:37Z,MFG EV Power,442,Morrisons Taunton,1170,CHARGING,50.0,2026-10-06T12:34:37.357Z
2026-10-06T15:48:37Z,MFG EV Power,601,MFG Taunton,3086,INOPERATIVE,400.0,2026-10-06T14:32:09.655Z
2026-10-06T15:48:37Z,MFG EV Power,601,MFG Taunton,3087,AVAILABLE,400.0,2026-10-06T14:32:12.569Z
2026-10-06T15:48:37Z,MFG EV Power,601,MFG Taunton,3088,AVAILABLE,400.0,2026-10-06T15:08:01.936Z
2026-10-06T15:48:37Z,MFG EV Power,601,MFG Taunton,3089,AVAILABLE,400.0,2026-10-06T14:40:01.086Z
2026-10-06T15:48:37Z,MFG EV Power,601,MFG Taunton,3090,INOPERATIVE,400.0,2026-10-06T14:32:17.101Z
2026-10-06T15:48:37Z,MFG EV Power,601,MFG Taunton,3091,AVAILABLE,400.0,2026-10-06T14:32:19.182Z
2026-10-06T15:48:37Z,MFG EV Power,601,MFG Taunton,3092,OUTOFORDER,400.0,2026-10-06T14:32:21.443Z
2026-10-06T15:48:37Z,MFG EV Power,601,MFG Taunton,3093,OUTOFORDER,400.0,2026-10-06T14:32:22.030Z
2026-10-06T15:59:53Z,MFG EV Power,77,MFG Taunton Deane,1989,CHARGING,150.0,2026-10-06T15:21:46.564Z
2026-10-06T15:59:53Z,MFG EV Power,77,MFG Taunton Deane,1990,AVAILABLE,50.0,2026-10-06T15:12:49.486Z
2026-10-06T15:59:53Z,MFG EV Power,77,MFG Taunton Deane,1992,AVAILABLE,50.0,2026-10-06T15:32:09.581Z
2026-10-06T15:59:53Z,MFG EV Power,77,MFG Taunton Deane,1993,AVAILABLE,150.0,2026-10-06T15:10:22.460Z
2026-10-06T15:59:53Z,MFG EV Power,77,MFG Taunton Deane,1988,AVAILABLE,50.0,2026-10-06T14:15:09.651Z
2026-10-06T15:59:53Z,MFG EV Power,77,MFG Taunton Deane,1996,CHARGING,150.0,2026-10-06T13:51:03.771Z
2026-10-06T15:59:53Z,MFG EV Power,77,MFG Taunton Deane,2003,INOPERATIVE,50.0,2026-10-06T15:53:17.212Z
2026-10-06T15:59:53Z,MFG EV Power,77,MFG Taunton Deane,2005,CHARGING,150.0,2026-10-06T15:52:42.864Z
2026-10-06T15:59:53Z,MFG EV Power,442,Morrisons Taunton,1165,AVAILABLE,50.0,2026-10-06T08:50:59.276Z
2026-10-06T15:59:53Z,MFG EV Power,442,Morrisons Taunton,1170,CHARGING,50.0,2026-10-06T12:34:37.357Z
2026-10-06T15:59:53Z,MFG EV Power,601,MFG Taunton,3086,INOPERATIVE,400.0,2026-10-06T14:32:09.655Z
2026-10-06T15:59:53Z,MFG EV Power,601,MFG Taunton,3087,AVAILABLE,400.0,2026-10-06T14:32:12.569Z
2026-10-06T15:59:53Z,MFG EV Power,601,MFG Taunton,3088,AVAILABLE,400.0,2026-10-06T15:08:01.936Z
2026-10-06T15:59:53Z,MFG EV Power,601,MFG Taunton,3089,AVAILABLE,400.0,2026-10-06T14:40:01.086Z
2026-10-06T15:59:53Z,MFG EV Power,601,MFG Taunton,3090,INOPERATIVE,400.0,2026-10-06T14:32:17.101Z
2026-10-06T15:59:53Z,MFG EV Power,601,MFG Taunton,3091,AVAILABLE,400.0,2026-10-06T14:32:19.182Z
2026-10-06T15:59:53Z,MFG EV Power,601,MFG Taunton,3092,OUTOFORDER,400.0,2026-10-06T14:32:21.443Z
2026-10-06T15:59:53Z,MFG EV Power,601,MFG Taunton,3093,OUTOFORDER,400.0,2026-10-06T14:32:22.030Z
2026-10-06T16:14:41Z,MFG EV Power,77,MFG Taunton Deane,1989,CHARGING,150.0,2026-10-06T16:10:19.735Z
2026-10-06T16:14:41Z,MFG EV Power,77,MFG Taunton Deane,1990,AVAILABLE,50.0,2026-10-06T15:12:49.486Z
2026-10-06T16:14:41Z,MFG EV Power,77,MFG Taunton Deane,1992,AVAILABLE,50.0,2026-10-06T15:32:09.581Z
2026-10-06T16:14:41Z,MFG EV Power,77,MFG Taunton Deane,1993,AVAILABLE,150.0,2026-10-06T15:10:22.460Z
2026-10-06T16:14:41Z,MFG EV Power,77,MFG Taunton Deane,1988,AVAILABLE,50.0,2026-10-06T14:15:09.651Z
2026-10-06T16:14:41Z,MFG EV Power,77,MFG Taunton Deane,1996,CHARGING,150.0,2026-10-06T13:51:03.771Z
2026-10-06T16:14:41Z,MFG EV Power,77,MFG Taunton Deane,2003,INOPERATIVE,50.0,2026-10-06T15:53:17.212Z
2026-10-06T16:14:41Z,MFG EV Power,77,MFG Taunton Deane,2005,CHARGING,150.0,2026-10-06T15:52:42.864Z
2026-10-06T16:14:41Z,MFG EV Power,442,Morrisons Taunton,1165,AVAILABLE,50.0,2026-10-06T08:50:59.276Z
2026-10-06T16:14:41Z,MFG EV Power,442,Morrisons Taunton,1170,CHARGING,50.0,2026-10-06T12:34:37.357Z
2026-10-06T16:14:41Z,MFG EV Power,601,MFG Taunton,3086,INOPERATIVE,400.0,2026-10-06T14:32:09.655Z
2026-10-06T16:14:41Z,MFG EV Power,601,MFG Taunton,3087,AVAILABLE,400.0,2026-10-06T14:32:12.569Z
2026-10-06T16:14:41Z,MFG EV Power,601,MFG Taunton,3088,AVAILABLE,400.0,2026-10-06T15:08:01.936Z
2026-10-06T16:14:41Z,MFG EV Power,601,MFG Taunton,3089,AVAILABLE,400.0,2026-10-06T14:40:01.086Z
2026-10-06T16:14:41Z,MFG EV Power,601,MFG Taunton,3090,INOPERATIVE,400.0,2026-10-06T14:32:17.101Z
2026-10-06T16:14:41Z,MFG EV Power,601,MFG Taunton,3091,AVAILABLE,400.0,2026-10-06T14:32:19.182Z
2026-10-06T16:14:41Z,MFG EV Power,601,MFG Taunton,3092,OUTOFORDER,400.0,2026-10-06T14:32:21.443Z
2026-10-06T16:14:41Z,MFG EV Power,601,MFG Taunton,3093,OUTOFORDER,400.0,2026-10-06T14:32:22.030Z
2026-10-06T16:32:57Z,MFG EV Power,77,MFG Taunton Deane,1989,CHARGING,150.0,2026-10-06T16:10:19.735Z
2026-10-06T16:32:57Z,MFG EV Power,77,MFG Taunton Deane,1990,AVAILABLE,50.0,2026-10-06T15:12:49.486Z
2026-10-06T16:32:57Z,MFG EV Power,77,MFG Taunton Deane,1992,AVAILABLE,50.0,2026-10-06T15:32:09.581Z
2026-10-06T16:32:57Z,MFG EV Power,77,MFG Taunton Deane,1993,AVAILABLE,150.0,2026-10-06T15:10:22.460Z
2026-10-06T16:32:57Z,MFG EV Power,77,MFG Taunton Deane,1988,AVAILABLE,50.0,2026-10-06T14:15:09.651Z
2026-10-06T16:32:57Z,MFG EV Power,77,MFG Taunton Deane,1996,CHARGING,150.0,2026-10-06T13:51:03.771Z
2026-10-06T16:32:57Z,MFG EV Power,77,MFG Taunton Deane,2003,INOPERATIVE,50.0,2026-10-06T15:53:17.212Z
2026-10-06T16:32:57Z,MFG EV Power,77,MFG Taunton Deane,2005,CHARGING,150.0,2026-10-06T15:52:42.864Z
2026-10-06T16:32:57Z,MFG EV Power,442,Morrisons Taunton,1165,AVAILABLE,50.0,2026-10-06T08:50:59.276Z
2026-10-06T16:32:57Z,MFG EV Power,442,Morrisons Taunton,1170,CHARGING,50.0,2026-10-06T12:34:37.357Z
2026-10-06T16:32:57Z,MFG EV Power,601,MFG Taunton,3086,INOPERATIVE,400.0,2026-10-06T14:32:09.655Z
2026-10-06T16:32:57Z,MFG EV Power,601,MFG Taunton,3087,AVAILABLE,400.0,2026-10-06T14:32:12.569Z
2026-10-06T16:32:57Z,MFG EV Power,601,MFG Taunton,3088,AVAILABLE,400.0,2026-10-06T15:08:01.936Z
2026-10-06T16:32:57Z,MFG EV Power,601,MFG Taunton,3089,AVAILABLE,400.0,2026-10-06T14:40:01.086Z
2026-10-06T16:32:57Z,MFG EV Power,601,MFG Taunton,3090,INOPERATIVE,400.0,2026-10-06T14:32:17.101Z
2026-10-06T16:32:57Z,MFG EV Power,601,MFG Taunton,3091,AVAILABLE,400.0,2026-10-06T14:32:19.182Z
2026-10-06T16:32:57Z,MFG EV Power,601,MFG Taunton,3092,OUTOFORDER,400.0,2026-10-06T14:32:21.443Z
2026-10-06T16:32:57Z,MFG EV Power,601,MFG Taunton,3093,OUTOFORDER,400.0,2026-10-06T14:32:22.030Z
2026-10-06T16:50:01Z,MFG EV Power,77,MFG Taunton Deane,1989,AVAILABLE,150.0,2026-10-06T16:47:28.156Z
2026-10-06T16:50:01Z,MFG EV Power,77,MFG Taunton Deane,1990,AVAILABLE,50.0,2026-10-06T16:47:20.818Z
2026-10-06T16:50:01Z,MFG EV Power,77,MFG Taunton Deane,1992,AVAILABLE,50.0,2026-10-06T15:32:09.581Z
2026-10-06T16:50:01Z,MFG EV Power,77,MFG Taunton Deane,1993,CHARGING,150.0,2026-10-06T16:37:23.668Z
2026-10-06T16:50:01Z,MFG EV Power,77,MFG Taunton Deane,1988,AVAILABLE,50.0,2026-10-06T14:15:09.651Z
2026-10-06T16:50:01Z,MFG EV Power,77,MFG Taunton Deane,1996,CHARGING,150.0,2026-10-06T13:51:03.771Z
2026-10-06T16:50:01Z,MFG EV Power,77,MFG Taunton Deane,2003,AVAILABLE,50.0,2026-10-06T16:40:12.964Z
2026-10-06T16:50:01Z,MFG EV Power,77,MFG Taunton Deane,2005,AVAILABLE,150.0,2026-10-06T16:40:55.916Z
2026-10-06T16:50:01Z,MFG EV Power,442,Morrisons Taunton,1165,AVAILABLE,50.0,2026-10-06T08:50:59.276Z
2026-10-06T16:50:01Z,MFG EV Power,442,Morrisons Taunton,1170,CHARGING,50.0,2026-10-06T12:34:37.357Z
2026-10-06T16:50:01Z,MFG EV Power,601,MFG Taunton,3086,INOPERATIVE,400.0,2026-10-06T14:32:09.655Z
2026-10-06T16:50:01Z,MFG EV Power,601,MFG Taunton,3087,AVAILABLE,400.0,2026-10-06T14:32:12.569Z
2026-10-06T16:50:01Z,MFG EV Power,601,MFG Taunton,3088,CHARGING,400.0,2026-10-06T16:47:00.976Z
2026-10-06T16:50:01Z,MFG EV Power,601,MFG Taunton,3089,AVAILABLE,400.0,2026-10-06T14:40:01.086Z
2026-10-06T16:50:01Z,MFG EV Power,601,MFG Taunton,3090,INOPERATIVE,400.0,2026-10-06T14:32:17.101Z
2026-10-06T16:50:01Z,MFG EV Power,601,MFG Taunton,3091,AVAILABLE,400.0,2026-10-06T14:32:19.182Z
2026-10-06T16:50:01Z,MFG EV Power,601,MFG Taunton,3092,OUTOFORDER,400.0,2026-10-06T14:32:21.443Z
2026-10-06T16:50:01Z,MFG EV Power,601,MFG Taunton,3093,OUTOFORDER,400.0,2026-10-06T14:32:22.030Z
2026-10-06T17:01:43Z,MFG EV Power,77,MFG Taunton Deane,1989,AVAILABLE,150.0,2026-10-06T16:47:28.156Z
2026-10-06T17:01:43Z,MFG EV Power,77,MFG Taunton Deane,1990,AVAILABLE,50.0,2026-10-06T16:47:20.818Z
2026-10-06T17:01:43Z,MFG EV Power,77,MFG Taunton Deane,1992,AVAILABLE,50.0,2026-10-06T15:32:09.581Z
2026-10-06T17:01:43Z,MFG EV Power,77,MFG Taunton Deane,1993,CHARGING,150.0,2026-10-06T16:37:23.668Z
2026-10-06T17:01:43Z,MFG EV Power,77,MFG Taunton Deane,1988,INOPERATIVE,50.0,2026-10-06T16:57:55.332Z
2026-10-06T17:01:43Z,MFG EV Power,77,MFG Taunton Deane,1996,CHARGING,150.0,2026-10-06T16:58:07.637Z
2026-10-06T17:01:43Z,MFG EV Power,77,MFG Taunton Deane,2003,INOPERATIVE,50.0,2026-10-06T16:58:11.545Z
2026-10-06T17:01:43Z,MFG EV Power,77,MFG Taunton Deane,2005,CHARGING,150.0,2026-10-06T16:57:54.958Z
2026-10-06T17:01:43Z,MFG EV Power,442,Morrisons Taunton,1165,AVAILABLE,50.0,2026-10-06T08:50:59.276Z
2026-10-06T17:01:43Z,MFG EV Power,442,Morrisons Taunton,1170,CHARGING,50.0,2026-10-06T12:34:37.357Z
2026-10-06T17:01:43Z,MFG EV Power,601,MFG Taunton,3086,INOPERATIVE,400.0,2026-10-06T14:32:09.655Z
2026-10-06T17:01:43Z,MFG EV Power,601,MFG Taunton,3087,AVAILABLE,400.0,2026-10-06T14:32:12.569Z
2026-10-06T17:01:43Z,MFG EV Power,601,MFG Taunton,3088,CHARGING,400.0,2026-10-06T16:52:52.776Z
2026-10-06T17:01:43Z,MFG EV Power,601,MFG Taunton,3089,AVAILABLE,400.0,2026-10-06T14:40:01.086Z
2026-10-06T17:01:43Z,MFG EV Power,601,MFG Taunton,3090,INOPERATIVE,400.0,2026-10-06T14:32:17.101Z
2026-10-06T17:01:43Z,MFG EV Power,601,MFG Taunton,3091,AVAILABLE,400.0,2026-10-06T14:32:19.182Z
2026-10-06T17:01:43Z,MFG EV Power,601,MFG Taunton,3092,OUTOFORDER,400.0,2026-10-06T14:32:21.443Z
2026-10-06T17:01:43Z,MFG EV Power,601,MFG Taunton,3093,OUTOFORDER,400.0,2026-10-06T14:32:22.030Z
2026-10-06T17:14:39Z,MFG EV Power,77,MFG Taunton Deane,1989,CHARGING,150.0,2026-10-06T17:11:15.388Z
2026-10-06T17:14:39Z,MFG EV Power,77,MFG Taunton Deane,1990,INOPERATIVE,50.0,2026-10-06T17:11:29.330Z
2026-10-06T17:14:39Z,MFG EV Power,77,MFG Taunton Deane,1992,AVAILABLE,50.0,2026-10-06T17:07:37.329Z
2026-10-06T17:14:39Z,MFG EV Power,77,MFG Taunton Deane,1993,CHARGING,150.0,2026-10-06T16:37:23.668Z
2026-10-06T17:14:39Z,MFG EV Power,77,MFG Taunton Deane,1988,INOPERATIVE,50.0,2026-10-06T16:57:55.332Z
2026-10-06T17:14:39Z,MFG EV Power,77,MFG Taunton Deane,1996,CHARGING,150.0,2026-10-06T16:58:07.637Z
2026-10-06T17:14:39Z,MFG EV Power,77,MFG Taunton Deane,2003,INOPERATIVE,50.0,2026-10-06T17:12:05.059Z
2026-10-06T17:14:39Z,MFG EV Power,77,MFG Taunton Deane,2005,CHARGING,150.0,2026-10-06T17:11:55.771Z
2026-10-06T17:14:39Z,MFG EV Power,442,Morrisons Taunton,1165,AVAILABLE,50.0,2026-10-06T08:50:59.276Z
2026-10-06T17:14:39Z,MFG EV Power,442,Morrisons Taunton,1170,CHARGING,50.0,2026-10-06T12:34:37.357Z
2026-10-06T17:14:39Z,MFG EV Power,601,MFG Taunton,3086,INOPERATIVE,400.0,2026-10-06T14:32:09.655Z
2026-10-06T17:14:39Z,MFG EV Power,601,MFG Taunton,3087,AVAILABLE,400.0,2026-10-06T14:32:12.569Z
2026-10-06T17:14:39Z,MFG EV Power,601,MFG Taunton,3088,CHARGING,400.0,2026-10-06T16:52:52.776Z
2026-10-06T17:14:39Z,MFG EV Power,601,MFG Taunton,3089,AVAILABLE,400.0,2026-10-06T14:40:01.086Z
2026-10-06T17:14:39Z,MFG EV Power,601,MFG Taunton,3090,INOPERATIVE,400.0,2026-10-06T14:32:17.101Z
2026-10-06T17:14:39Z,MFG EV Power,601,MFG Taunton,3091,AVAILABLE,400.0,2026-10-06T14:32:19.182Z
2026-10-06T17:14:39Z,MFG EV Power,601,MFG Taunton,3092,OUTOFORDER,400.0,2026-10-06T14:32:21.443Z
2026-10-06T17:14:39Z,MFG EV Power,601,MFG Taunton,3093,OUTOFORDER,400.0,2026-10-06T14:32:22.030Z
2026-10-06T17:28:38Z,MFG EV Power,77,MFG Taunton Deane,1989,CHARGING,150.0,2026-10-06T17:11:15.388Z
2026-10-06T17:28:38Z,MFG EV Power,77,MFG Taunton Deane,1990,INOPERATIVE,50.0,2026-10-06T17:11:29.330Z
2026-10-06T17:28:38Z,MFG EV Power,77,MFG Taunton Deane,1992,AVAILABLE,50.0,2026-10-06T17:07:37.329Z
2026-10-06T17:28:38Z,MFG EV Power,77,MFG Taunton Deane,1993,CHARGING,150.0,2026-10-06T16:37:23.668Z
2026-10-06T17:28:38Z,MFG EV Power,77,MFG Taunton Deane,1988,INOPERATIVE,50.0,2026-10-06T16:57:55.332Z
2026-10-06T17:28:38Z,MFG EV Power,77,MFG Taunton Deane,1996,CHARGING,150.0,2026-10-06T16:58:07.637Z
2026-10-06T17:28:38Z,MFG EV Power,77,MFG Taunton Deane,2003,INOPERATIVE,50.0,2026-10-06T17:12:05.059Z
2026-10-06T17:28:38Z,MFG EV Power,77,MFG Taunton Deane,2005,CHARGING,150.0,2026-10-06T17:11:55.771Z
2026-10-06T17:28:38Z,MFG EV Power,442,Morrisons Taunton,1165,AVAILABLE,50.0,2026-10-06T08:50:59.276Z
2026-10-06T17:28:38Z,MFG EV Power,442,Morrisons Taunton,1170,CHARGING,50.0,2026-10-06T12:34:37.357Z
2026-10-06T17:28:38Z,MFG EV Power,601,MFG Taunton,3086,INOPERATIVE,400.0,2026-10-06T14:32:09.655Z
2026-10-06T17:28:38Z,MFG EV Power,601,MFG Taunton,3087,AVAILABLE,400.0,2026-10-06T14:32:12.569Z
2026-10-06T17:28:38Z,MFG EV Power,601,MFG Taunton,3088,CHARGING,400.0,2026-10-06T16:52:52.776Z
2026-10-06T17:28:38Z,MFG EV Power,601,MFG Taunton,3089,AVAILABLE,400.0,2026-10-06T14:40:01.086Z
2026-10-06T17:28:38Z,MFG EV Power,601,MFG Taunton,3090,INOPERATIVE,400.0,2026-10-06T14:32:17.101Z
2026-10-06T17:28:38Z,MFG EV Power,601,MFG Taunton,3091,AVAILABLE,400.0,2026-10-06T14:32:19.182Z
2026-10-06T17:28:38Z,MFG EV Power,601,MFG Taunton,3092,OUTOFORDER,400.0,2026-10-06T14:32:21.443Z
2026-10-06T17:28:38Z,MFG EV Power,601,MFG Taunton,3093,OUTOFORDER,400.0,2026-10-06T14:32:22.030Z
2026-10-06T17:42:48Z,MFG EV Power,77,MFG Taunton Deane,1989,CHARGING,150.0,2026-10-06T17:11:15.388Z
2026-10-06T17:42:48Z,MFG EV Power,77,MFG Taunton Deane,1990,INOPERATIVE,50.0,2026-10-06T17:11:29.330Z
2026-10-06T17:42:48Z,MFG EV Power,77,MFG Taunton Deane,1992,AVAILABLE,50.0,2026-10-06T17:41:39.592Z
2026-10-06T17:42:48Z,MFG EV Power,77,MFG Taunton Deane,1993,AVAILABLE,150.0,2026-10-06T17:41:56.812Z
2026-10-06T17:42:48Z,MFG EV Power,77,MFG Taunton Deane,1988,INOPERATIVE,50.0,2026-10-06T16:57:55.332Z
2026-10-06T17:42:48Z,MFG EV Power,77,MFG Taunton Deane,1996,AVAILABLE,150.0,2026-10-06T17:30:26.581Z
2026-10-06T17:42:48Z,MFG EV Power,77,MFG Taunton Deane,2003,INOPERATIVE,50.0,2026-10-06T17:12:05.059Z
2026-10-06T17:42:48Z,MFG EV Power,77,MFG Taunton Deane,2005,CHARGING,150.0,2026-10-06T17:11:55.771Z
2026-10-06T17:42:48Z,MFG EV Power,442,Morrisons Taunton,1165,AVAILABLE,50.0,2026-10-06T08:50:59.276Z
2026-10-06T17:42:48Z,MFG EV Power,442,Morrisons Taunton,1170,CHARGING,50.0,2026-10-06T12:34:37.357Z
2026-10-06T17:42:48Z,MFG EV Power,601,MFG Taunton,3086,INOPERATIVE,400.0,2026-10-06T14:32:09.655Z
2026-10-06T17:42:48Z,MFG EV Power,601,MFG Taunton,3087,AVAILABLE,400.0,2026-10-06T14:32:12.569Z
2026-10-06T17:42:48Z,MFG EV Power,601,MFG Taunton,3088,INOPERATIVE,400.0,2026-10-06T17:42:38.438Z
2026-10-06T17:42:48Z,MFG EV Power,601,MFG Taunton,3089,AVAILABLE,400.0,2026-10-06T17:42:28.302Z
2026-10-06T17:42:48Z,MFG EV Power,601,MFG Taunton,3090,INOPERATIVE,400.0,2026-10-06T14:32:17.101Z
2026-10-06T17:42:48Z,MFG EV Power,601,MFG Taunton,3091,CHARGING,400.0,2026-10-06T17:34:39.609Z
2026-10-06T17:42:48Z,MFG EV Power,601,MFG Taunton,3092,OUTOFORDER,400.0,2026-10-06T14:32:21.443Z
2026-10-06T17:42:48Z,MFG EV Power,601,MFG Taunton,3093,OUTOFORDER,400.0,2026-10-06T14:32:22.030Z
2026-10-06T17:54:27Z,MFG EV Power,77,MFG Taunton Deane,1989,CHARGING,150.0,2026-10-06T17:54:43.395Z
2026-10-06T17:54:27Z,MFG EV Power,77,MFG Taunton Deane,1990,INOPERATIVE,50.0,2026-10-06T17:11:29.330Z
2026-10-06T17:54:27Z,MFG EV Power,77,MFG Taunton Deane,1992,AVAILABLE,50.0,2026-10-06T17:41:39.592Z
2026-10-06T17:54:27Z,MFG EV Power,77,MFG Taunton Deane,1993,AVAILABLE,150.0,2026-10-06T17:41:56.812Z
2026-10-06T17:54:27Z,MFG EV Power,77,MFG Taunton Deane,1988,INOPERATIVE,50.0,2026-10-06T17:48:50.994Z
2026-10-06T17:54:27Z,MFG EV Power,77,MFG Taunton Deane,1996,CHARGING,150.0,2026-10-06T17:48:25.780Z
2026-10-06T17:54:27Z,MFG EV Power,77,MFG Taunton Deane,2003,INOPERATIVE,50.0,2026-10-06T17:12:05.059Z
2026-10-06T17:54:27Z,MFG EV Power,77,MFG Taunton Deane,2005,AVAILABLE,150.0,2026-10-06T17:54:35.015Z
2026-10-06T17:54:27Z,MFG EV Power,442,Morrisons Taunton,1165,AVAILABLE,50.0,2026-10-06T08:50:59.276Z
2026-10-06T17:54:27Z,MFG EV Power,442,Morrisons Taunton,1170,CHARGING,50.0,2026-10-06T12:34:37.357Z
2026-10-06T17:54:27Z,MFG EV Power,601,MFG Taunton,3086,INOPERATIVE,400.0,2026-10-06T14:32:09.655Z
2026-10-06T17:54:27Z,MFG EV Power,601,MFG Taunton,3087,AVAILABLE,400.0,2026-10-06T14:32:12.569Z
2026-10-06T17:54:27Z,MFG EV Power,601,MFG Taunton,3088,INOPERATIVE,400.0,2026-10-06T17:42:38.438Z
2026-10-06T17:54:27Z,MFG EV Power,601,MFG Taunton,3089,AVAILABLE,400.0,2026-10-06T17:42:28.302Z
2026-10-06T17:54:27Z,MFG EV Power,601,MFG Taunton,3090,CHARGING,400.0,2026-10-06T17:46:33.125Z
2026-10-06T17:54:27Z,MFG EV Power,601,MFG Taunton,3091,INOPERATIVE,400.0,2026-10-06T17:46:11.053Z
2026-10-06T17:54:27Z,MFG EV Power,601,MFG Taunton,3092,OUTOFORDER,400.0,2026-10-06T14:32:21.443Z
2026-10-06T17:54:27Z,MFG EV Power,601,MFG Taunton,3093,OUTOFORDER,400.0,2026-10-06T14:32:22.030Z
2026-10-06T18:02:13Z,MFG EV Power,77,MFG Taunton Deane,1989,CHARGING,150.0,2026-10-06T17:54:43.395Z
2026-10-06T18:02:13Z,MFG EV Power,77,MFG Taunton Deane,1990,INOPERATIVE,50.0,2026-10-06T17:11:29.330Z
2026-10-06T18:02:13Z,MFG EV Power,77,MFG Taunton Deane,1992,AVAILABLE,50.0,2026-10-06T17:41:39.592Z
2026-10-06T18:02:13Z,MFG EV Power,77,MFG Taunton Deane,1993,AVAILABLE,150.0,2026-10-06T17:41:56.812Z
2026-10-06T18:02:13Z,MFG EV Power,77,MFG Taunton Deane,1988,INOPERATIVE,50.0,2026-10-06T17:48:50.994Z
2026-10-06T18:02:13Z,MFG EV Power,77,MFG Taunton Deane,1996,CHARGING,150.0,2026-10-06T18:02:27.366Z
2026-10-06T18:02:13Z,MFG EV Power,77,MFG Taunton Deane,2003,INOPERATIVE,50.0,2026-10-06T17:12:05.059Z
2026-10-06T18:02:13Z,MFG EV Power,77,MFG Taunton Deane,2005,AVAILABLE,150.0,2026-10-06T17:54:35.015Z
2026-10-06T18:02:13Z,MFG EV Power,442,Morrisons Taunton,1165,AVAILABLE,50.0,2026-10-06T08:50:59.276Z
2026-10-06T18:02:13Z,MFG EV Power,442,Morrisons Taunton,1170,CHARGING,50.0,2026-10-06T12:34:37.357Z
2026-10-06T18:02:13Z,MFG EV Power,601,MFG Taunton,3086,INOPERATIVE,400.0,2026-10-06T14:32:09.655Z
2026-10-06T18:02:13Z,MFG EV Power,601,MFG Taunton,3087,AVAILABLE,400.0,2026-10-06T14:32:12.569Z
2026-10-06T18:02:13Z,MFG EV Power,601,MFG Taunton,3088,CHARGING,400.0,2026-10-06T17:56:13.405Z
2026-10-06T18:02:13Z,MFG EV Power,601,MFG Taunton,3089,AVAILABLE,400.0,2026-10-06T17:42:28.302Z
2026-10-06T18:02:13Z,MFG EV Power,601,MFG Taunton,3090,CHARGING,400.0,2026-10-06T17:46:33.125Z
2026-10-06T18:02:13Z,MFG EV Power,601,MFG Taunton,3091,INOPERATIVE,400.0,2026-10-06T17:46:11.053Z
2026-10-06T18:02:13Z,MFG EV Power,601,MFG Taunton,3092,OUTOFORDER,400.0,2026-10-06T14:32:21.443Z
2026-10-06T18:02:13Z,MFG EV Power,601,MFG Taunton,3093,OUTOFORDER,400.0,2026-10-06T14:32:22.030Z
2026-10-06T18:20:07Z,MFG EV Power,77,MFG Taunton Deane,1989,CHARGING,150.0,2026-10-06T17:54:43.395Z
2026-10-06T18:20:07Z,MFG EV Power,77,MFG Taunton Deane,1990,INOPERATIVE,50.0,2026-10-06T17:11:29.330Z
2026-10-06T18:20:07Z,MFG EV Power,77,MFG Taunton Deane,1992,AVAILABLE,50.0,2026-10-06T17:41:39.592Z
2026-10-06T18:20:07Z,MFG EV Power,77,MFG Taunton Deane,1993,AVAILABLE,150.0,2026-10-06T17:41:56.812Z
2026-10-06T18:20:07Z,MFG EV Power,77,MFG Taunton Deane,1988,INOPERATIVE,50.0,2026-10-06T17:48:50.994Z
2026-10-06T18:20:07Z,MFG EV Power,77,MFG Taunton Deane,1996,CHARGING,150.0,2026-10-06T18:09:12.783Z
2026-10-06T18:20:07Z,MFG EV Power,77,MFG Taunton Deane,2003,INOPERATIVE,50.0,2026-10-06T17:12:05.059Z
2026-10-06T18:20:07Z,MFG EV Power,77,MFG Taunton Deane,2005,AVAILABLE,150.0,2026-10-06T17:54:35.015Z
2026-10-06T18:20:07Z,MFG EV Power,442,Morrisons Taunton,1165,AVAILABLE,50.0,2026-10-06T08:50:59.276Z
2026-10-06T18:20:07Z,MFG EV Power,442,Morrisons Taunton,1170,CHARGING,50.0,2026-10-06T12:34:37.357Z
2026-10-06T18:20:07Z,MFG EV Power,601,MFG Taunton,3086,INOPERATIVE,400.0,2026-10-06T14:32:09.655Z
2026-10-06T18:20:07Z,MFG EV Power,601,MFG Taunton,3087,CHARGING,400.0,2026-10-06T18:10:14.629Z
2026-10-06T18:20:07Z,MFG EV Power,601,MFG Taunton,3088,CHARGING,400.0,2026-10-06T18:18:14.668Z
2026-10-06T18:20:07Z,MFG EV Power,601,MFG Taunton,3089,AVAILABLE,400.0,2026-10-06T17:42:28.302Z
2026-10-06T18:20:07Z,MFG EV Power,601,MFG Taunton,3090,CHARGING,400.0,2026-10-06T17:46:33.125Z
2026-10-06T18:20:07Z,MFG EV Power,601,MFG Taunton,3091,INOPERATIVE,400.0,2026-10-06T17:46:11.053Z
2026-10-06T18:20:07Z,MFG EV Power,601,MFG Taunton,3092,OUTOFORDER,400.0,2026-10-06T14:32:21.443Z
2026-10-06T18:20:07Z,MFG EV Power,601,MFG Taunton,3093,OUTOFORDER,400.0,2026-10-06T14:32:22.030Z
2026-10-06T18:39:57Z,MFG EV Power,77,MFG Taunton Deane,1989,AVAILABLE,150.0,2026-10-06T18:23:25.593Z
2026-10-06T18:39:57Z,MFG EV Power,77,MFG Taunton Deane,1990,INOPERATIVE,50.0,2026-10-06T17:11:29.330Z
2026-10-06T18:39:57Z,MFG EV Power,77,MFG Taunton Deane,1992,AVAILABLE,50.0,2026-10-06T17:41:39.592Z
2026-10-06T18:39:57Z,MFG EV Power,77,MFG Taunton Deane,1993,AVAILABLE,150.0,2026-10-06T17:41:56.812Z
2026-10-06T18:39:57Z,MFG EV Power,77,MFG Taunton Deane,1988,INOPERATIVE,50.0,2026-10-06T17:48:50.994Z
2026-10-06T18:39:57Z,MFG EV Power,77,MFG Taunton Deane,1996,CHARGING,150.0,2026-10-06T18:09:12.783Z
2026-10-06T18:39:57Z,MFG EV Power,77,MFG Taunton Deane,2003,INOPERATIVE,50.0,2026-10-06T17:12:05.059Z
2026-10-06T18:39:57Z,MFG EV Power,77,MFG Taunton Deane,2005,AVAILABLE,150.0,2026-10-06T17:54:35.015Z
2026-10-06T18:39:57Z,MFG EV Power,442,Morrisons Taunton,1165,CHARGING,50.0,2026-10-06T18:30:48.184Z
2026-10-06T18:39:57Z,MFG EV Power,442,Morrisons Taunton,1170,CHARGING,50.0,2026-10-06T12:34:37.357Z
2026-10-06T18:39:57Z,MFG EV Power,601,MFG Taunton,3086,INOPERATIVE,400.0,2026-10-06T14:32:09.655Z
2026-10-06T18:39:57Z,MFG EV Power,601,MFG Taunton,3087,CHARGING,400.0,2026-10-06T18:10:14.629Z
2026-10-06T18:39:57Z,MFG EV Power,601,MFG Taunton,3088,CHARGING,400.0,2026-10-06T18:18:14.668Z
2026-10-06T18:39:57Z,MFG EV Power,601,MFG Taunton,3089,AVAILABLE,400.0,2026-10-06T17:42:28.302Z
2026-10-06T18:39:57Z,MFG EV Power,601,MFG Taunton,3090,CHARGING,400.0,2026-10-06T17:46:33.125Z
2026-10-06T18:39:57Z,MFG EV Power,601,MFG Taunton,3091,CHARGING,400.0,2026-10-06T18:20:48.017Z
2026-10-06T18:39:57Z,MFG EV Power,601,MFG Taunton,3092,OUTOFORDER,400.0,2026-10-06T14:32:21.443Z
2026-10-06T18:39:57Z,MFG EV Power,601,MFG Taunton,3093,OUTOFORDER,400.0,2026-10-06T14:32:22.030Z
2026-10-06T18:55:13Z,MFG EV Power,77,MFG Taunton Deane,1989,AVAILABLE,150.0,2026-10-06T18:23:25.593Z
2026-10-06T18:55:13Z,MFG EV Power,77,MFG Taunton Deane,1990,INOPERATIVE,50.0,2026-10-06T17:11:29.330Z
2026-10-06T18:55:13Z,MFG EV Power,77,MFG Taunton Deane,1992,AVAILABLE,50.0,2026-10-06T17:41:39.592Z
2026-10-06T18:55:13Z,MFG EV Power,77,MFG Taunton Deane,1993,AVAILABLE,150.0,2026-10-06T17:41:56.812Z
2026-10-06T18:55:13Z,MFG EV Power,77,MFG Taunton Deane,1988,INOPERATIVE,50.0,2026-10-06T17:48:50.994Z
2026-10-06T18:55:13Z,MFG EV Power,77,MFG Taunton Deane,1996,AVAILABLE,150.0,2026-10-06T18:46:52.461Z
2026-10-06T18:55:13Z,MFG EV Power,77,MFG Taunton Deane,2003,INOPERATIVE,50.0,2026-10-06T17:12:05.059Z
2026-10-06T18:55:13Z,MFG EV Power,77,MFG Taunton Deane,2005,AVAILABLE,150.0,2026-10-06T17:54:35.015Z
2026-10-06T18:55:13Z,MFG EV Power,442,Morrisons Taunton,1165,CHARGING,50.0,2026-10-06T18:30:48.184Z
2026-10-06T18:55:13Z,MFG EV Power,442,Morrisons Taunton,1170,CHARGING,50.0,2026-10-06T12:34:37.357Z
2026-10-06T18:55:13Z,MFG EV Power,601,MFG Taunton,3086,INOPERATIVE,400.0,2026-10-06T14:32:09.655Z
2026-10-06T18:55:13Z,MFG EV Power,601,MFG Taunton,3087,AVAILABLE,400.0,2026-10-06T18:41:28.685Z
2026-10-06T18:55:13Z,MFG EV Power,601,MFG Taunton,3088,CHARGING,400.0,2026-10-06T18:18:14.668Z
2026-10-06T18:55:13Z,MFG EV Power,601,MFG Taunton,3089,AVAILABLE,400.0,2026-10-06T17:42:28.302Z
2026-10-06T18:55:13Z,MFG EV Power,601,MFG Taunton,3090,CHARGING,400.0,2026-10-06T17:46:33.125Z
2026-10-06T18:55:13Z,MFG EV Power,601,MFG Taunton,3091,CHARGING,400.0,2026-10-06T18:20:48.017Z
2026-10-06T18:55:13Z,MFG EV Power,601,MFG Taunton,3092,OUTOFORDER,400.0,2026-10-06T14:32:21.443Z
2026-10-06T18:55:13Z,MFG EV Power,601,MFG Taunton,3093,OUTOFORDER,400.0,2026-10-06T14:32:22.030Z
2026-10-06T19:03:46Z,MFG EV Power,77,MFG Taunton Deane,1989,AVAILABLE,150.0,2026-10-06T18:23:25.593Z
2026-10-06T19:03:46Z,MFG EV Power,77,MFG Taunton Deane,1990,INOPERATIVE,50.0,2026-10-06T17:11:29.330Z
2026-10-06T19:03:46Z,MFG EV Power,77,MFG Taunton Deane,1992,INOPERATIVE,50.0,2026-10-06T18:59:49.732Z
2026-10-06T19:03:46Z,MFG EV Power,77,MFG Taunton Deane,1993,CHARGING,150.0,2026-10-06T18:59:12.757Z
2026-10-06T19:03:46Z,MFG EV Power,77,MFG Taunton Deane,1988,INOPERATIVE,50.0,2026-10-06T17:48:50.994Z
2026-10-06T19:03:46Z,MFG EV Power,77,MFG Taunton Deane,1996,AVAILABLE,150.0,2026-10-06T18:46:52.461Z
2026-10-06T19:03:46Z,MFG EV Power,77,MFG Taunton Deane,2003,INOPERATIVE,50.0,2026-10-06T17:12:05.059Z
2026-10-06T19:03:46Z,MFG EV Power,77,MFG Taunton Deane,2005,AVAILABLE,150.0,2026-10-06T17:54:35.015Z
2026-10-06T19:03:46Z,MFG EV Power,442,Morrisons Taunton,1165,CHARGING,50.0,2026-10-06T18:30:48.184Z
2026-10-06T19:03:46Z,MFG EV Power,442,Morrisons Taunton,1170,CHARGING,50.0,2026-10-06T12:34:37.357Z
2026-10-06T19:03:46Z,MFG EV Power,601,MFG Taunton,3086,INOPERATIVE,400.0,2026-10-06T14:32:09.655Z
2026-10-06T19:03:46Z,MFG EV Power,601,MFG Taunton,3087,AVAILABLE,400.0,2026-10-06T18:41:28.685Z
2026-10-06T19:03:46Z,MFG EV Power,601,MFG Taunton,3088,CHARGING,400.0,2026-10-06T18:18:14.668Z
2026-10-06T19:03:46Z,MFG EV Power,601,MFG Taunton,3089,AVAILABLE,400.0,2026-10-06T17:42:28.302Z
2026-10-06T19:03:46Z,MFG EV Power,601,MFG Taunton,3090,CHARGING,400.0,2026-10-06T17:46:33.125Z
2026-10-06T19:03:46Z,MFG EV Power,601,MFG Taunton,3091,CHARGING,400.0,2026-10-06T18:20:48.017Z
2026-10-06T19:03:46Z,MFG EV Power,601,MFG Taunton,3092,OUTOFORDER,400.0,2026-10-06T14:32:21.443Z
2026-10-06T19:03:46Z,MFG EV Power,601,MFG Taunton,3093,OUTOFORDER,400.0,2026-10-06T14:32:22.030Z
2026-10-06T19:18:46Z,MFG EV Power,77,MFG Taunton Deane,1989,AVAILABLE,150.0,2026-10-06T18:23:25.593Z
2026-10-06T19:18:46Z,MFG EV Power,77,MFG Taunton Deane,1990,INOPERATIVE,50.0,2026-10-06T17:11:29.330Z
2026-10-06T19:18:46Z,MFG EV Power,77,MFG Taunton Deane,1992,INOPERATIVE,50.0,2026-10-06T18:59:49.732Z
2026-10-06T19:18:46Z,MFG EV Power,77,MFG Taunton Deane,1993,CHARGING,150.0,2026-10-06T18:59:12.757Z
2026-10-06T19:18:46Z,MFG EV Power,77,MFG Taunton Deane,1988,INOPERATIVE,50.0,2026-10-06T19:14:15.845Z
2026-10-06T19:18:46Z,MFG EV Power,77,MFG Taunton Deane,1996,CHARGING,150.0,2026-10-06T19:14:41.162Z
2026-10-06T19:18:46Z,MFG EV Power,77,MFG Taunton Deane,2003,INOPERATIVE,50.0,2026-10-06T19:13:29.530Z
2026-10-06T19:18:46Z,MFG EV Power,77,MFG Taunton Deane,2005,CHARGING,150.0,2026-10-06T19:13:47.997Z
2026-10-06T19:18:46Z,MFG EV Power,442,Morrisons Taunton,1165,CHARGING,50.0,2026-10-06T18:30:48.184Z
2026-10-06T19:18:46Z,MFG EV Power,442,Morrisons Taunton,1170,CHARGING,50.0,2026-10-06T12:34:37.357Z
2026-10-06T19:18:46Z,MFG EV Power,601,MFG Taunton,3086,INOPERATIVE,400.0,2026-10-06T14:32:09.655Z
2026-10-06T19:18:46Z,MFG EV Power,601,MFG Taunton,3087,AVAILABLE,400.0,2026-10-06T18:41:28.685Z
2026-10-06T19:18:46Z,MFG EV Power,601,MFG Taunton,3088,CHARGING,400.0,2026-10-06T18:18:14.668Z
2026-10-06T19:18:46Z,MFG EV Power,601,MFG Taunton,3089,CHARGING,400.0,2026-10-06T19:15:41.525Z
2026-10-06T19:18:46Z,MFG EV Power,601,MFG Taunton,3090,CHARGING,400.0,2026-10-06T17:46:33.125Z
2026-10-06T19:18:46Z,MFG EV Power,601,MFG Taunton,3091,CHARGING,400.0,2026-10-06T19:11:00.600Z
2026-10-06T19:18:46Z,MFG EV Power,601,MFG Taunton,3092,OUTOFORDER,400.0,2026-10-06T14:32:21.443Z
2026-10-06T19:18:46Z,MFG EV Power,601,MFG Taunton,3093,OUTOFORDER,400.0,2026-10-06T14:32:22.030Z
2026-10-06T19:33:33Z,MFG EV Power,77,MFG Taunton Deane,1989,CHARGING,150.0,2026-10-06T19:33:34.363Z
2026-10-06T19:33:33Z,MFG EV Power,77,MFG Taunton Deane,1990,INOPERATIVE,50.0,2026-10-06T17:11:29.330Z
2026-10-06T19:33:33Z,MFG EV Power,77,MFG Taunton Deane,1992,INOPERATIVE,50.0,2026-10-06T18:59:49.732Z
2026-10-06T19:33:33Z,MFG EV Power,77,MFG Taunton Deane,1993,CHARGING,150.0,2026-10-06T18:59:12.757Z
2026-10-06T19:33:33Z,MFG EV Power,77,MFG Taunton Deane,1988,INOPERATIVE,50.0,2026-10-06T19:14:15.845Z
2026-10-06T19:33:33Z,MFG EV Power,77,MFG Taunton Deane,1996,INOPERATIVE,150.0,2026-10-06T19:25:20.973Z
2026-10-06T19:33:33Z,MFG EV Power,77,MFG Taunton Deane,2003,AVAILABLE,50.0,2026-10-06T19:30:43.414Z
2026-10-06T19:33:33Z,MFG EV Power,77,MFG Taunton Deane,2005,AVAILABLE,150.0,2026-10-06T19:30:51.021Z
2026-10-06T19:33:33Z,MFG EV Power,442,Morrisons Taunton,1165,CHARGING,50.0,2026-10-06T18:30:48.184Z
2026-10-06T19:33:33Z,MFG EV Power,442,Morrisons Taunton,1170,CHARGING,50.0,2026-10-06T12:34:37.357Z
2026-10-06T19:33:33Z,MFG EV Power,601,MFG Taunton,3086,INOPERATIVE,400.0,2026-10-06T14:32:09.655Z
2026-10-06T19:33:33Z,MFG EV Power,601,MFG Taunton,3087,AVAILABLE,400.0,2026-10-06T18:41:28.685Z
2026-10-06T19:33:33Z,MFG EV Power,601,MFG Taunton,3088,CHARGING,400.0,2026-10-06T18:18:14.668Z
2026-10-06T19:33:33Z,MFG EV Power,601,MFG Taunton,3089,CHARGING,400.0,2026-10-06T19:27:52.627Z
2026-10-06T19:33:33Z,MFG EV Power,601,MFG Taunton,3090,CHARGING,400.0,2026-10-06T17:46:33.125Z
2026-10-06T19:33:33Z,MFG EV Power,601,MFG Taunton,3091,CHARGING,400.0,2026-10-06T19:11:00.600Z
2026-10-06T19:33:33Z,MFG EV Power,601,MFG Taunton,3092,OUTOFORDER,400.0,2026-10-06T14:32:21.443Z
2026-10-06T19:33:33Z,MFG EV Power,601,MFG Taunton,3093,OUTOFORDER,400.0,2026-10-06T14:32:22.030Z
2026-10-06T19:46:59Z,MFG EV Power,77,MFG Taunton Deane,1989,CHARGING,150.0,2026-10-06T19:33:34.363Z
2026-10-06T19:46:59Z,MFG EV Power,77,MFG Taunton Deane,1990,INOPERATIVE,50.0,2026-10-06T17:11:29.330Z
2026-10-06T19:46:59Z,MFG EV Power,77,MFG Taunton Deane,1992,AVAILABLE,50.0,2026-10-06T19:34:50.942Z
2026-10-06T19:46:59Z,MFG EV Power,77,MFG Taunton Deane,1993,AVAILABLE,150.0,2026-10-06T19:34:52.430Z
2026-10-06T19:46:59Z,MFG EV Power,77,MFG Taunton Deane,1988,INOPERATIVE,50.0,2026-10-06T19:14:15.845Z
2026-10-06T19:46:59Z,MFG EV Power,77,MFG Taunton Deane,1996,INOPERATIVE,150.0,2026-10-06T19:25:20.973Z
2026-10-06T19:46:59Z,MFG EV Power,77,MFG Taunton Deane,2003,AVAILABLE,50.0,2026-10-06T19:30:43.414Z
2026-10-06T19:46:59Z,MFG EV Power,77,MFG Taunton Deane,2005,AVAILABLE,150.0,2026-10-06T19:30:51.021Z
2026-10-06T19:46:59Z,MFG EV Power,442,Morrisons Taunton,1165,CHARGING,50.0,2026-10-06T19:36:33.157Z
2026-10-06T19:46:59Z,MFG EV Power,442,Morrisons Taunton,1170,CHARGING,50.0,2026-10-06T12:34:37.357Z
2026-10-06T19:46:59Z,MFG EV Power,601,MFG Taunton,3086,INOPERATIVE,400.0,2026-10-06T14:32:09.655Z
2026-10-06T19:46:59Z,MFG EV Power,601,MFG Taunton,3087,AVAILABLE,400.0,2026-10-06T18:41:28.685Z
2026-10-06T19:46:59Z,MFG EV Power,601,MFG Taunton,3088,CHARGING,400.0,2026-10-06T18:18:14.668Z
2026-10-06T19:46:59Z,MFG EV Power,601,MFG Taunton,3089,CHARGING,400.0,2026-10-06T19:27:52.627Z
2026-10-06T19:46:59Z,MFG EV Power,601,MFG Taunton,3090,CHARGING,400.0,2026-10-06T17:46:33.125Z
2026-10-06T19:46:59Z,MFG EV Power,601,MFG Taunton,3091,CHARGING,400.0,2026-10-06T19:11:00.600Z
2026-10-06T19:46:59Z,MFG EV Power,601,MFG Taunton,3092,OUTOFORDER,400.0,2026-10-06T14:32:21.443Z
2026-10-06T19:46:59Z,MFG EV Power,601,MFG Taunton,3093,OUTOFORDER,400.0,2026-10-06T14:32:22.030Z
2026-10-06T19:56:49Z,MFG EV Power,77,MFG Taunton Deane,1989,CHARGING,150.0,2026-10-06T19:33:34.363Z
2026-10-06T19:56:49Z,MFG EV Power,77,MFG Taunton Deane,1990,INOPERATIVE,50.0,2026-10-06T17:11:29.330Z
2026-10-06T19:56:49Z,MFG EV Power,77,MFG Taunton Deane,1992,AVAILABLE,50.0,2026-10-06T19:34:50.942Z
2026-10-06T19:56:49Z,MFG EV Power,77,MFG Taunton Deane,1993,AVAILABLE,150.0,2026-10-06T19:34:52.430Z
2026-10-06T19:56:49Z,MFG EV Power,77,MFG Taunton Deane,1988,INOPERATIVE,50.0,2026-10-06T19:14:15.845Z
2026-10-06T19:56:49Z,MFG EV Power,77,MFG Taunton Deane,1996,INOPERATIVE,150.0,2026-10-06T19:25:20.973Z
2026-10-06T19:56:49Z,MFG EV Power,77,MFG Taunton Deane,2003,AVAILABLE,50.0,2026-10-06T19:30:43.414Z
2026-10-06T19:56:49Z,MFG EV Power,77,MFG Taunton Deane,2005,AVAILABLE,150.0,2026-10-06T19:30:51.021Z
2026-10-06T19:56:49Z,MFG EV Power,442,Morrisons Taunton,1165,CHARGING,50.0,2026-10-06T19:36:33.157Z
2026-10-06T19:56:49Z,MFG EV Power,442,Morrisons Taunton,1170,CHARGING,50.0,2026-10-06T12:34:37.357Z
2026-10-06T19:56:49Z,MFG EV Power,601,MFG Taunton,3086,INOPERATIVE,400.0,2026-10-06T14:32:09.655Z
2026-10-06T19:56:49Z,MFG EV Power,601,MFG Taunton,3087,AVAILABLE,400.0,2026-10-06T18:41:28.685Z
2026-10-06T19:56:49Z,MFG EV Power,601,MFG Taunton,3088,CHARGING,400.0,2026-10-06T18:18:14.668Z
2026-10-06T19:56:49Z,MFG EV Power,601,MFG Taunton,3089,CHARGING,400.0,2026-10-06T19:27:52.627Z
2026-10-06T19:56:49Z,MFG EV Power,601,MFG Taunton,3090,CHARGING,400.0,2026-10-06T17:46:33.125Z
2026-10-06T19:56:49Z,MFG EV Power,601,MFG Taunton,3091,CHARGING,400.0,2026-10-06T19:11:00.600Z
2026-10-06T19:56:49Z,MFG EV Power,601,MFG Taunton,3092,OUTOFORDER,400.0,2026-10-06T14:32:21.443Z
2026-10-06T19:56:49Z,MFG EV Power,601,MFG Taunton,3093,OUTOFORDER,400.0,2026-10-06T14:32:22.030Z
2026-10-06T20:06:00Z,MFG EV Power,77,MFG Taunton Deane,1989,CHARGING,150.0,2026-10-06T19:33:34.363Z
2026-10-06T20:06:00Z,MFG EV Power,77,MFG Taunton Deane,1990,INOPERATIVE,50.0,2026-10-06T17:11:29.330Z
2026-10-06T20:06:00Z,MFG EV Power,77,MFG Taunton Deane,1992,AVAILABLE,50.0,2026-10-06T19:34:50.942Z
2026-10-06T20:06:00Z,MFG EV Power,77,MFG Taunton Deane,1993,AVAILABLE,150.0,2026-10-06T19:34:52.430Z
2026-10-06T20:06:00Z,MFG EV Power,77,MFG Taunton Deane,1988,INOPERATIVE,50.0,2026-10-06T19:14:15.845Z
2026-10-06T20:06:00Z,MFG EV Power,77,MFG Taunton Deane,1996,INOPERATIVE,150.0,2026-10-06T19:25:20.973Z
2026-10-06T20:06:00Z,MFG EV Power,77,MFG Taunton Deane,2003,AVAILABLE,50.0,2026-10-06T19:30:43.414Z
2026-10-06T20:06:00Z,MFG EV Power,77,MFG Taunton Deane,2005,AVAILABLE,150.0,2026-10-06T19:30:51.021Z
2026-10-06T20:06:00Z,MFG EV Power,442,Morrisons Taunton,1165,CHARGING,50.0,2026-10-06T19:36:33.157Z
2026-10-06T20:06:00Z,MFG EV Power,442,Morrisons Taunton,1170,CHARGING,50.0,2026-10-06T12:34:37.357Z
2026-10-06T20:06:00Z,MFG EV Power,601,MFG Taunton,3086,INOPERATIVE,400.0,2026-10-06T14:32:09.655Z
2026-10-06T20:06:00Z,MFG EV Power,601,MFG Taunton,3087,AVAILABLE,400.0,2026-10-06T18:41:28.685Z
2026-10-06T20:06:00Z,MFG EV Power,601,MFG Taunton,3088,CHARGING,400.0,2026-10-06T18:18:14.668Z
2026-10-06T20:06:00Z,MFG EV Power,601,MFG Taunton,3089,CHARGING,400.0,2026-10-06T19:27:52.627Z
2026-10-06T20:06:00Z,MFG EV Power,601,MFG Taunton,3090,CHARGING,400.0,2026-10-06T17:46:33.125Z
2026-10-06T20:06:00Z,MFG EV Power,601,MFG Taunton,3091,AVAILABLE,400.0,2026-10-06T20:02:21.148Z
2026-10-06T20:06:00Z,MFG EV Power,601,MFG Taunton,3092,OUTOFORDER,400.0,2026-10-06T14:32:21.443Z
2026-10-06T20:06:00Z,MFG EV Power,601,MFG Taunton,3093,OUTOFORDER,400.0,2026-10-06T14:32:22.030Z
2026-10-06T20:23:11Z,MFG EV Power,77,MFG Taunton Deane,1989,CHARGING,150.0,2026-10-06T19:33:34.363Z
2026-10-06T20:23:11Z,MFG EV Power,77,MFG Taunton Deane,1990,INOPERATIVE,50.0,2026-10-06T17:11:29.330Z
2026-10-06T20:23:11Z,MFG EV Power,77,MFG Taunton Deane,1992,AVAILABLE,50.0,2026-10-06T19:34:50.942Z
2026-10-06T20:23:11Z,MFG EV Power,77,MFG Taunton Deane,1993,AVAILABLE,150.0,2026-10-06T19:34:52.430Z
2026-10-06T20:23:11Z,MFG EV Power,77,MFG Taunton Deane,1988,INOPERATIVE,50.0,2026-10-06T19:14:15.845Z
2026-10-06T20:23:11Z,MFG EV Power,77,MFG Taunton Deane,1996,CHARGING,150.0,2026-10-06T20:09:30.759Z
2026-10-06T20:23:11Z,MFG EV Power,77,MFG Taunton Deane,2003,AVAILABLE,50.0,2026-10-06T19:30:43.414Z
2026-10-06T20:23:11Z,MFG EV Power,77,MFG Taunton Deane,2005,AVAILABLE,150.0,2026-10-06T19:30:51.021Z
2026-10-06T20:23:11Z,MFG EV Power,442,Morrisons Taunton,1165,CHARGING,50.0,2026-10-06T19:36:33.157Z
2026-10-06T20:23:11Z,MFG EV Power,442,Morrisons Taunton,1170,CHARGING,50.0,2026-10-06T12:34:37.357Z
2026-10-06T20:23:11Z,MFG EV Power,601,MFG Taunton,3086,INOPERATIVE,400.0,2026-10-06T14:32:09.655Z
2026-10-06T20:23:11Z,MFG EV Power,601,MFG Taunton,3087,AVAILABLE,400.0,2026-10-06T18:41:28.685Z
2026-10-06T20:23:11Z,MFG EV Power,601,MFG Taunton,3088,CHARGING,400.0,2026-10-06T18:18:14.668Z
2026-10-06T20:23:11Z,MFG EV Power,601,MFG Taunton,3089,CHARGING,400.0,2026-10-06T19:27:52.627Z
2026-10-06T20:23:11Z,MFG EV Power,601,MFG Taunton,3090,CHARGING,400.0,2026-10-06T17:46:33.125Z
2026-10-06T20:23:11Z,MFG EV Power,601,MFG Taunton,3091,AVAILABLE,400.0,2026-10-06T20:02:21.148Z
2026-10-06T20:23:11Z,MFG EV Power,601,MFG Taunton,3092,OUTOFORDER,400.0,2026-10-06T14:32:21.443Z
2026-10-06T20:23:11Z,MFG EV Power,601,MFG Taunton,3093,OUTOFORDER,400.0,2026-10-06T14:32:22.030Z
2026-10-06T20:38:07Z,MFG EV Power,77,MFG Taunton Deane,1989,AVAILABLE,150.0,2026-10-06T20:26:25.213Z
2026-10-06T20:38:07Z,MFG EV Power,77,MFG Taunton Deane,1990,AVAILABLE,50.0,2026-10-06T20:26:06.051Z
2026-10-06T20:38:07Z,MFG EV Power,77,MFG Taunton Deane,1992,AVAILABLE,50.0,2026-10-06T19:34:50.942Z
2026-10-06T20:38:07Z,MFG EV Power,77,MFG Taunton Deane,1993,AVAILABLE,150.0,2026-10-06T19:34:52.430Z
2026-10-06T20:38:07Z,MFG EV Power,77,MFG Taunton Deane,1988,INOPERATIVE,50.0,2026-10-06T19:14:15.845Z
2026-10-06T20:38:07Z,MFG EV Power,77,MFG Taunton Deane,1996,CHARGING,150.0,2026-10-06T20:09:30.759Z
2026-10-06T20:38:07Z,MFG EV Power,77,MFG Taunton Deane,2003,AVAILABLE,50.0,2026-10-06T19:30:43.414Z
2026-10-06T20:38:07Z,MFG EV Power,77,MFG Taunton Deane,2005,AVAILABLE,150.0,2026-10-06T19:30:51.021Z
2026-10-06T20:38:07Z,MFG EV Power,442,Morrisons Taunton,1165,CHARGING,50.0,2026-10-06T19:36:33.157Z
2026-10-06T20:38:07Z,MFG EV Power,442,Morrisons Taunton,1170,CHARGING,50.0,2026-10-06T12:34:37.357Z
2026-10-06T20:38:07Z,MFG EV Power,601,MFG Taunton,3086,INOPERATIVE,400.0,2026-10-06T14:32:09.655Z
2026-10-06T20:38:07Z,MFG EV Power,601,MFG Taunton,3087,AVAILABLE,400.0,2026-10-06T18:41:28.685Z
2026-10-06T20:38:07Z,MFG EV Power,601,MFG Taunton,3088,CHARGING,400.0,2026-10-06T18:18:14.668Z
2026-10-06T20:38:07Z,MFG EV Power,601,MFG Taunton,3089,CHARGING,400.0,2026-10-06T19:27:52.627Z
2026-10-06T20:38:07Z,MFG EV Power,601,MFG Taunton,3090,CHARGING,400.0,2026-10-06T17:46:33.125Z
2026-10-06T20:38:07Z,MFG EV Power,601,MFG Taunton,3091,AVAILABLE,400.0,2026-10-06T20:02:21.148Z
2026-10-06T20:38:07Z,MFG EV Power,601,MFG Taunton,3092,OUTOFORDER,400.0,2026-10-06T14:32:21.443Z
2026-10-06T20:38:07Z,MFG EV Power,601,MFG Taunton,3093,OUTOFORDER,400.0,2026-10-06T14:32:22.030Z
2026-10-06T20:51:02Z,MFG EV Power,77,MFG Taunton Deane,1989,AVAILABLE,150.0,2026-10-06T20:26:25.213Z
2026-10-06T20:51:02Z,MFG EV Power,77,MFG Taunton Deane,1990,AVAILABLE,50.0,2026-10-06T20:26:06.051Z
2026-10-06T20:51:02Z,MFG EV Power,77,MFG Taunton Deane,1992,AVAILABLE,50.0,2026-10-06T19:34:50.942Z
2026-10-06T20:51:02Z,MFG EV Power,77,MFG Taunton Deane,1993,AVAILABLE,150.0,2026-10-06T19:34:52.430Z
2026-10-06T20:51:02Z,MFG EV Power,77,MFG Taunton Deane,1988,INOPERATIVE,50.0,2026-10-06T19:14:15.845Z
2026-10-06T20:51:02Z,MFG EV Power,77,MFG Taunton Deane,1996,AVAILABLE,150.0,2026-10-06T20:48:37.297Z
2026-10-06T20:51:02Z,MFG EV Power,77,MFG Taunton Deane,2003,AVAILABLE,50.0,2026-10-06T19:30:43.414Z
2026-10-06T20:51:02Z,MFG EV Power,77,MFG Taunton Deane,2005,AVAILABLE,150.0,2026-10-06T19:30:51.021Z
2026-10-06T20:51:02Z,MFG EV Power,442,Morrisons Taunton,1165,AVAILABLE,50.0,2026-10-06T20:39:09.707Z
2026-10-06T20:51:02Z,MFG EV Power,442,Morrisons Taunton,1170,CHARGING,50.0,2026-10-06T12:34:37.357Z
2026-10-06T20:51:02Z,MFG EV Power,601,MFG Taunton,3086,INOPERATIVE,400.0,2026-10-06T14:32:09.655Z
2026-10-06T20:51:02Z,MFG EV Power,601,MFG Taunton,3087,AVAILABLE,400.0,2026-10-06T18:41:28.685Z
2026-10-06T20:51:02Z,MFG EV Power,601,MFG Taunton,3088,CHARGING,400.0,2026-10-06T18:18:14.668Z
2026-10-06T20:51:02Z,MFG EV Power,601,MFG Taunton,3089,CHARGING,400.0,2026-10-06T19:27:52.627Z
2026-10-06T20:51:02Z,MFG EV Power,601,MFG Taunton,3090,CHARGING,400.0,2026-10-06T17:46:33.125Z
2026-10-06T20:51:02Z,MFG EV Power,601,MFG Taunton,3091,AVAILABLE,400.0,2026-10-06T20:02:21.148Z
2026-10-06T20:51:02Z,MFG EV Power,601,MFG Taunton,3092,OUTOFORDER,400.0,2026-10-06T14:32:21.443Z
2026-10-06T20:51:02Z,MFG EV Power,601,MFG Taunton,3093,OUTOFORDER,400.0,2026-10-06T14:32:22.030Z
2026-10-06T20:59:11Z,MFG EV Power,77,MFG Taunton Deane,1989,AVAILABLE,150.0,2026-10-06T20:26:25.213Z
2026-10-06T20:59:11Z,MFG EV Power,77,MFG Taunton Deane,1990,AVAILABLE,50.0,2026-10-06T20:26:06.051Z
2026-10-06T20:59:11Z,MFG EV Power,77,MFG Taunton Deane,1992,AVAILABLE,50.0,2026-10-06T19:34:50.942Z
2026-10-06T20:59:11Z,MFG EV Power,77,MFG Taunton Deane,1993,AVAILABLE,150.0,2026-10-06T19:34:52.430Z
2026-10-06T20:59:11Z,MFG EV Power,77,MFG Taunton Deane,1988,INOPERATIVE,50.0,2026-10-06T19:14:15.845Z
2026-10-06T20:59:11Z,MFG EV Power,77,MFG Taunton Deane,1996,AVAILABLE,150.0,2026-10-06T20:48:37.297Z
2026-10-06T20:59:11Z,MFG EV Power,77,MFG Taunton Deane,2003,AVAILABLE,50.0,2026-10-06T19:30:43.414Z
2026-10-06T20:59:11Z,MFG EV Power,77,MFG Taunton Deane,2005,AVAILABLE,150.0,2026-10-06T19:30:51.021Z
2026-10-06T20:59:11Z,MFG EV Power,442,Morrisons Taunton,1165,AVAILABLE,50.0,2026-10-06T20:39:09.707Z
2026-10-06T20:59:11Z,MFG EV Power,442,Morrisons Taunton,1170,CHARGING,50.0,2026-10-06T12:34:37.357Z
2026-10-06T20:59:11Z,MFG EV Power,601,MFG Taunton,3086,INOPERATIVE,400.0,2026-10-06T14:32:09.655Z
2026-10-06T20:59:11Z,MFG EV Power,601,MFG Taunton,3087,AVAILABLE,400.0,2026-10-06T18:41:28.685Z
2026-10-06T20:59:11Z,MFG EV Power,601,MFG Taunton,3088,CHARGING,400.0,2026-10-06T18:18:14.668Z
2026-10-06T20:59:11Z,MFG EV Power,601,MFG Taunton,3089,CHARGING,400.0,2026-10-06T19:27:52.627Z
2026-10-06T20:59:11Z,MFG EV Power,601,MFG Taunton,3090,CHARGING,400.0,2026-10-06T17:46:33.125Z
2026-10-06T20:59:11Z,MFG EV Power,601,MFG Taunton,3091,AVAILABLE,400.0,2026-10-06T20:02:21.148Z
2026-10-06T20:59:11Z,MFG EV Power,601,MFG Taunton,3092,OUTOFORDER,400.0,2026-10-06T14:32:21.443Z
2026-10-06T20:59:11Z,MFG EV Power,601,MFG Taunton,3093,OUTOFORDER,400.0,2026-10-06T14:32:22.030Z
2026-10-06T21:10:54Z,MFG EV Power,77,MFG Taunton Deane,1989,AVAILABLE,150.0,2026-10-06T20:26:25.213Z
2026-10-06T21:10:54Z,MFG EV Power,77,MFG Taunton Deane,1990,AVAILABLE,50.0,2026-10-06T20:26:06.051Z
2026-10-06T21:10:54Z,MFG EV Power,77,MFG Taunton Deane,1992,AVAILABLE,50.0,2026-10-06T19:34:50.942Z
2026-10-06T21:10:54Z,MFG EV Power,77,MFG Taunton Deane,1993,AVAILABLE,150.0,2026-10-06T19:34:52.430Z
2026-10-06T21:10:54Z,MFG EV Power,77,MFG Taunton Deane,1988,INOPERATIVE,50.0,2026-10-06T19:14:15.845Z
2026-10-06T21:10:54Z,MFG EV Power,77,MFG Taunton Deane,1996,AVAILABLE,150.0,2026-10-06T20:48:37.297Z
2026-10-06T21:10:54Z,MFG EV Power,77,MFG Taunton Deane,2003,AVAILABLE,50.0,2026-10-06T19:30:43.414Z
2026-10-06T21:10:54Z,MFG EV Power,77,MFG Taunton Deane,2005,AVAILABLE,150.0,2026-10-06T19:30:51.021Z
2026-10-06T21:10:54Z,MFG EV Power,442,Morrisons Taunton,1165,AVAILABLE,50.0,2026-10-06T20:39:09.707Z
2026-10-06T21:10:54Z,MFG EV Power,442,Morrisons Taunton,1170,CHARGING,50.0,2026-10-06T12:34:37.357Z
2026-10-06T21:10:54Z,MFG EV Power,601,MFG Taunton,3086,INOPERATIVE,400.0,2026-10-06T14:32:09.655Z
2026-10-06T21:10:54Z,MFG EV Power,601,MFG Taunton,3087,AVAILABLE,400.0,2026-10-06T18:41:28.685Z
2026-10-06T21:10:54Z,MFG EV Power,601,MFG Taunton,3088,CHARGING,400.0,2026-10-06T18:18:14.668Z
2026-10-06T21:10:54Z,MFG EV Power,601,MFG Taunton,3089,CHARGING,400.0,2026-10-06T19:27:52.627Z
2026-10-06T21:10:54Z,MFG EV Power,601,MFG Taunton,3090,CHARGING,400.0,2026-10-06T17:46:33.125Z
2026-10-06T21:10:54Z,MFG EV Power,601,MFG Taunton,3091,AVAILABLE,400.0,2026-10-06T20:02:21.148Z
2026-10-06T21:10:54Z,MFG EV Power,601,MFG Taunton,3092,OUTOFORDER,400.0,2026-10-06T14:32:21.443Z
2026-10-06T21:10:54Z,MFG EV Power,601,MFG Taunton,3093,OUTOFORDER,400.0,2026-10-06T14:32:22.030Z
2026-10-06T21:24:59Z,MFG EV Power,77,MFG Taunton Deane,1989,AVAILABLE,150.0,2026-10-06T20:26:25.213Z
2026-10-06T21:24:59Z,MFG EV Power,77,MFG Taunton Deane,1990,AVAILABLE,50.0,2026-10-06T20:26:06.051Z
2026-10-06T21:24:59Z,MFG EV Power,77,MFG Taunton Deane,1992,AVAILABLE,50.0,2026-10-06T19:34:50.942Z
2026-10-06T21:24:59Z,MFG EV Power,77,MFG Taunton Deane,1993,AVAILABLE,150.0,2026-10-06T19:34:52.430Z
2026-10-06T21:24:59Z,MFG EV Power,77,MFG Taunton Deane,1988,INOPERATIVE,50.0,2026-10-06T19:14:15.845Z
2026-10-06T21:24:59Z,MFG EV Power,77,MFG Taunton Deane,1996,AVAILABLE,150.0,2026-10-06T20:48:37.297Z
2026-10-06T21:24:59Z,MFG EV Power,77,MFG Taunton Deane,2003,AVAILABLE,50.0,2026-10-06T19:30:43.414Z
2026-10-06T21:24:59Z,MFG EV Power,77,MFG Taunton Deane,2005,AVAILABLE,150.0,2026-10-06T19:30:51.021Z
2026-10-06T21:24:59Z,MFG EV Power,442,Morrisons Taunton,1165,AVAILABLE,50.0,2026-10-06T20:39:09.707Z
2026-10-06T21:24:59Z,MFG EV Power,442,Morrisons Taunton,1170,CHARGING,50.0,2026-10-06T12:34:37.357Z
2026-10-06T21:24:59Z,MFG EV Power,601,MFG Taunton,3086,INOPERATIVE,400.0,2026-10-06T14:32:09.655Z
2026-10-06T21:24:59Z,MFG EV Power,601,MFG Taunton,3087,AVAILABLE,400.0,2026-10-06T18:41:28.685Z
2026-10-06T21:24:59Z,MFG EV Power,601,MFG Taunton,3088,CHARGING,400.0,2026-10-06T18:18:14.668Z
2026-10-06T21:24:59Z,MFG EV Power,601,MFG Taunton,3089,CHARGING,400.0,2026-10-06T19:27:52.627Z
2026-10-06T21:24:59Z,MFG EV Power,601,MFG Taunton,3090,CHARGING,400.0,2026-10-06T17:46:33.125Z
2026-10-06T21:24:59Z,MFG EV Power,601,MFG Taunton,3091,AVAILABLE,400.0,2026-10-06T20:02:21.148Z
2026-10-06T21:24:59Z,MFG EV Power,601,MFG Taunton,3092,OUTOFORDER,400.0,2026-10-06T14:32:21.443Z
2026-10-06T21:24:59Z,MFG EV Power,601,MFG Taunton,3093,OUTOFORDER,400.0,2026-10-06T14:32:22.030Z
2026-10-06T21:37:22Z,MFG EV Power,77,MFG Taunton Deane,1989,AVAILABLE,150.0,2026-10-06T20:26:25.213Z
2026-10-06T21:37:22Z,MFG EV Power,77,MFG Taunton Deane,1990,AVAILABLE,50.0,2026-10-06T20:26:06.051Z
2026-10-06T21:37:22Z,MFG EV Power,77,MFG Taunton Deane,1992,AVAILABLE,50.0,2026-10-06T19:34:50.942Z
2026-10-06T21:37:22Z,MFG EV Power,77,MFG Taunton Deane,1993,AVAILABLE,150.0,2026-10-06T19:34:52.430Z
2026-10-06T21:37:22Z,MFG EV Power,77,MFG Taunton Deane,1988,INOPERATIVE,50.0,2026-10-06T19:14:15.845Z
2026-10-06T21:37:22Z,MFG EV Power,77,MFG Taunton Deane,1996,AVAILABLE,150.0,2026-10-06T20:48:37.297Z
2026-10-06T21:37:22Z,MFG EV Power,77,MFG Taunton Deane,2003,AVAILABLE,50.0,2026-10-06T19:30:43.414Z
2026-10-06T21:37:22Z,MFG EV Power,77,MFG Taunton Deane,2005,AVAILABLE,150.0,2026-10-06T19:30:51.021Z
2026-10-06T21:37:22Z,MFG EV Power,442,Morrisons Taunton,1165,AVAILABLE,50.0,2026-10-06T20:39:09.707Z
2026-10-06T21:37:22Z,MFG EV Power,442,Morrisons Taunton,1170,CHARGING,50.0,2026-10-06T12:34:37.357Z
2026-10-06T21:37:22Z,MFG EV Power,601,MFG Taunton,3086,INOPERATIVE,400.0,2026-10-06T14:32:09.655Z
2026-10-06T21:37:22Z,MFG EV Power,601,MFG Taunton,3087,AVAILABLE,400.0,2026-10-06T18:41:28.685Z
2026-10-06T21:37:22Z,MFG EV Power,601,MFG Taunton,3088,CHARGING,400.0,2026-10-06T18:18:14.668Z
2026-10-06T21:37:22Z,MFG EV Power,601,MFG Taunton,3089,CHARGING,400.0,2026-10-06T19:27:52.627Z
2026-10-06T21:37:22Z,MFG EV Power,601,MFG Taunton,3090,CHARGING,400.0,2026-10-06T17:46:33.125Z
2026-10-06T21:37:22Z,MFG EV Power,601,MFG Taunton,3091,AVAILABLE,400.0,2026-10-06T20:02:21.148Z
2026-10-06T21:37:22Z,MFG EV Power,601,MFG Taunton,3092,OUTOFORDER,400.0,2026-10-06T14:32:21.443Z
2026-10-06T21:37:22Z,MFG EV Power,601,MFG Taunton,3093,OUTOFORDER,400.0,2026-10-06T14:32:22.030Z
2026-10-06T21:48:52Z,MFG EV Power,77,MFG Taunton Deane,1989,AVAILABLE,150.0,2026-10-06T20:26:25.213Z
2026-10-06T21:48:52Z,MFG EV Power,77,MFG Taunton Deane,1990,AVAILABLE,50.0,2026-10-06T20:26:06.051Z
2026-10-06T21:48:52Z,MFG EV Power,77,MFG Taunton Deane,1992,AVAILABLE,50.0,2026-10-06T19:34:50.942Z
2026-10-06T21:48:52Z,MFG EV Power,77,MFG Taunton Deane,1993,AVAILABLE,150.0,2026-10-06T19:34:52.430Z
2026-10-06T21:48:52Z,MFG EV Power,77,MFG Taunton Deane,1988,INOPERATIVE,50.0,2026-10-06T19:14:15.845Z
2026-10-06T21:48:52Z,MFG EV Power,77,MFG Taunton Deane,1996,AVAILABLE,150.0,2026-10-06T20:48:37.297Z
2026-10-06T21:48:52Z,MFG EV Power,77,MFG Taunton Deane,2003,AVAILABLE,50.0,2026-10-06T19:30:43.414Z
2026-10-06T21:48:52Z,MFG EV Power,77,MFG Taunton Deane,2005,AVAILABLE,150.0,2026-10-06T19:30:51.021Z
2026-10-06T21:48:52Z,MFG EV Power,442,Morrisons Taunton,1165,AVAILABLE,50.0,2026-10-06T20:39:09.707Z
2026-10-06T21:48:52Z,MFG EV Power,442,Morrisons Taunton,1170,CHARGING,50.0,2026-10-06T12:34:37.357Z
2026-10-06T21:48:52Z,MFG EV Power,601,MFG Taunton,3086,INOPERATIVE,400.0,2026-10-06T14:32:09.655Z
2026-10-06T21:48:52Z,MFG EV Power,601,MFG Taunton,3087,AVAILABLE,400.0,2026-10-06T18:41:28.685Z
2026-10-06T21:48:52Z,MFG EV Power,601,MFG Taunton,3088,CHARGING,400.0,2026-10-06T18:18:14.668Z
2026-10-06T21:48:52Z,MFG EV Power,601,MFG Taunton,3089,CHARGING,400.0,2026-10-06T19:27:52.627Z
2026-10-06T21:48:52Z,MFG EV Power,601,MFG Taunton,3090,CHARGING,400.0,2026-10-06T17:46:33.125Z
2026-10-06T21:48:52Z,MFG EV Power,601,MFG Taunton,3091,AVAILABLE,400.0,2026-10-06T20:02:21.148Z
2026-10-06T21:48:52Z,MFG EV Power,601,MFG Taunton,3092,OUTOFORDER,400.0,2026-10-06T14:32:21.443Z
2026-10-06T21:48:52Z,MFG EV Power,601,MFG Taunton,3093,OUTOFORDER,400.0,2026-10-06T14:32:22.030Z
2026-10-06T21:57:18Z,MFG EV Power,77,MFG Taunton Deane,1989,AVAILABLE,150.0,2026-10-06T20:26:25.213Z
2026-10-06T21:57:18Z,MFG EV Power,77,MFG Taunton Deane,1990,AVAILABLE,50.0,2026-10-06T20:26:06.051Z
2026-10-06T21:57:18Z,MFG EV Power,77,MFG Taunton Deane,1992,AVAILABLE,50.0,2026-10-06T19:34:50.942Z
2026-10-06T21:57:18Z,MFG EV Power,77,MFG Taunton Deane,1993,AVAILABLE,150.0,2026-10-06T19:34:52.430Z
2026-10-06T21:57:18Z,MFG EV Power,77,MFG Taunton Deane,1988,INOPERATIVE,50.0,2026-10-06T19:14:15.845Z
2026-10-06T21:57:18Z,MFG EV Power,77,MFG Taunton Deane,1996,AVAILABLE,150.0,2026-10-06T21:57:34.178Z
2026-10-06T21:57:18Z,MFG EV Power,77,MFG Taunton Deane,2003,AVAILABLE,50.0,2026-10-06T19:30:43.414Z
2026-10-06T21:57:18Z,MFG EV Power,77,MFG Taunton Deane,2005,AVAILABLE,150.0,2026-10-06T19:30:51.021Z
2026-10-06T21:57:18Z,MFG EV Power,442,Morrisons Taunton,1165,AVAILABLE,50.0,2026-10-06T20:39:09.707Z
2026-10-06T21:57:18Z,MFG EV Power,442,Morrisons Taunton,1170,CHARGING,50.0,2026-10-06T12:34:37.357Z
2026-10-06T21:57:18Z,MFG EV Power,601,MFG Taunton,3086,INOPERATIVE,400.0,2026-10-06T14:32:09.655Z
2026-10-06T21:57:18Z,MFG EV Power,601,MFG Taunton,3087,AVAILABLE,400.0,2026-10-06T18:41:28.685Z
2026-10-06T21:57:18Z,MFG EV Power,601,MFG Taunton,3088,CHARGING,400.0,2026-10-06T18:18:14.668Z
2026-10-06T21:57:18Z,MFG EV Power,601,MFG Taunton,3089,CHARGING,400.0,2026-10-06T19:27:52.627Z
2026-10-06T21:57:18Z,MFG EV Power,601,MFG Taunton,3090,CHARGING,400.0,2026-10-06T17:46:33.125Z
2026-10-06T21:57:18Z,MFG EV Power,601,MFG Taunton,3091,AVAILABLE,400.0,2026-10-06T20:02:21.148Z
2026-10-06T21:57:18Z,MFG EV Power,601,MFG Taunton,3092,OUTOFORDER,400.0,2026-10-06T14:32:21.443Z
2026-10-06T21:57:18Z,MFG EV Power,601,MFG Taunton,3093,OUTOFORDER,400.0,2026-10-06T14:32:22.030Z
2026-10-06T22:06:40Z,MFG EV Power,77,MFG Taunton Deane,1989,AVAILABLE,150.0,2026-10-06T20:26:25.213Z
2026-10-06T22:06:40Z,MFG EV Power,77,MFG Taunton Deane,1990,AVAILABLE,50.0,2026-10-06T20:26:06.051Z
2026-10-06T22:06:40Z,MFG EV Power,77,MFG Taunton Deane,1992,INOPERATIVE,50.0,2026-10-06T22:03:55.027Z
2026-10-06T22:06:40Z,MFG EV Power,77,MFG Taunton Deane,1993,CHARGING,150.0,2026-10-06T22:03:48.044Z
2026-10-06T22:06:40Z,MFG EV Power,77,MFG Taunton Deane,1988,INOPERATIVE,50.0,2026-10-06T19:14:15.845Z
2026-10-06T22:06:40Z,MFG EV Power,77,MFG Taunton Deane,1996,AVAILABLE,150.0,2026-10-06T21:57:34.178Z
2026-10-06T22:06:40Z,MFG EV Power,77,MFG Taunton Deane,2003,AVAILABLE,50.0,2026-10-06T19:30:43.414Z
2026-10-06T22:06:40Z,MFG EV Power,77,MFG Taunton Deane,2005,AVAILABLE,150.0,2026-10-06T19:30:51.021Z
2026-10-06T22:06:40Z,MFG EV Power,442,Morrisons Taunton,1165,AVAILABLE,50.0,2026-10-06T20:39:09.707Z
2026-10-06T22:06:40Z,MFG EV Power,442,Morrisons Taunton,1170,CHARGING,50.0,2026-10-06T12:34:37.357Z
2026-10-06T22:06:40Z,MFG EV Power,601,MFG Taunton,3086,INOPERATIVE,400.0,2026-10-06T14:32:09.655Z
2026-10-06T22:06:40Z,MFG EV Power,601,MFG Taunton,3087,AVAILABLE,400.0,2026-10-06T18:41:28.685Z
2026-10-06T22:06:40Z,MFG EV Power,601,MFG Taunton,3088,CHARGING,400.0,2026-10-06T18:18:14.668Z
2026-10-06T22:06:40Z,MFG EV Power,601,MFG Taunton,3089,CHARGING,400.0,2026-10-06T19:27:52.627Z
2026-10-06T22:06:40Z,MFG EV Power,601,MFG Taunton,3090,CHARGING,400.0,2026-10-06T17:46:33.125Z
2026-10-06T22:06:40Z,MFG EV Power,601,MFG Taunton,3091,AVAILABLE,400.0,2026-10-06T20:02:21.148Z
2026-10-06T22:06:40Z,MFG EV Power,601,MFG Taunton,3092,OUTOFORDER,400.0,2026-10-06T14:32:21.443Z
2026-10-06T22:06:40Z,MFG EV Power,601,MFG Taunton,3093,OUTOFORDER,400.0,2026-10-06T14:32:22.030Z
2026-10-06T22:22:19Z,MFG EV Power,77,MFG Taunton Deane,1989,AVAILABLE,150.0,2026-10-06T20:26:25.213Z
2026-10-06T22:22:19Z,MFG EV Power,77,MFG Taunton Deane,1990,AVAILABLE,50.0,2026-10-06T20:26:06.051Z
2026-10-06T22:22:19Z,MFG EV Power,77,MFG Taunton Deane,1992,INOPERATIVE,50.0,2026-10-06T22:03:55.027Z
2026-10-06T22:22:19Z,MFG EV Power,77,MFG Taunton Deane,1993,CHARGING,150.0,2026-10-06T22:03:48.044Z
2026-10-06T22:22:19Z,MFG EV Power,77,MFG Taunton Deane,1988,INOPERATIVE,50.0,2026-10-06T19:14:15.845Z
2026-10-06T22:22:19Z,MFG EV Power,77,MFG Taunton Deane,1996,AVAILABLE,150.0,2026-10-06T21:57:34.178Z
2026-10-06T22:22:19Z,MFG EV Power,77,MFG Taunton Deane,2003,AVAILABLE,50.0,2026-10-06T19:30:43.414Z
2026-10-06T22:22:19Z,MFG EV Power,77,MFG Taunton Deane,2005,AVAILABLE,150.0,2026-10-06T19:30:51.021Z
2026-10-06T22:22:19Z,MFG EV Power,442,Morrisons Taunton,1165,AVAILABLE,50.0,2026-10-06T20:39:09.707Z
2026-10-06T22:22:19Z,MFG EV Power,442,Morrisons Taunton,1170,CHARGING,50.0,2026-10-06T12:34:37.357Z
2026-10-06T22:22:19Z,MFG EV Power,601,MFG Taunton,3086,INOPERATIVE,400.0,2026-10-06T14:32:09.655Z
2026-10-06T22:22:19Z,MFG EV Power,601,MFG Taunton,3087,AVAILABLE,400.0,2026-10-06T18:41:28.685Z
2026-10-06T22:22:19Z,MFG EV Power,601,MFG Taunton,3088,CHARGING,400.0,2026-10-06T18:18:14.668Z
2026-10-06T22:22:19Z,MFG EV Power,601,MFG Taunton,3089,CHARGING,400.0,2026-10-06T19:27:52.627Z
2026-10-06T22:22:19Z,MFG EV Power,601,MFG Taunton,3090,CHARGING,400.0,2026-10-06T17:46:33.125Z
2026-10-06T22:22:19Z,MFG EV Power,601,MFG Taunton,3091,AVAILABLE,400.0,2026-10-06T20:02:21.148Z
2026-10-06T22:22:19Z,MFG EV Power,601,MFG Taunton,3092,OUTOFORDER,400.0,2026-10-06T14:32:21.443Z
2026-10-06T22:22:19Z,MFG EV Power,601,MFG Taunton,3093,OUTOFORDER,400.0,2026-10-06T14:32:22.030Z
2026-10-06T22:35:45Z,MFG EV Power,77,MFG Taunton Deane,1989,AVAILABLE,150.0,2026-10-06T20:26:25.213Z
2026-10-06T22:35:45Z,MFG EV Power,77,MFG Taunton Deane,1990,AVAILABLE,50.0,2026-10-06T20:26:06.051Z
2026-10-06T22:35:45Z,MFG EV Power,77,MFG Taunton Deane,1992,AVAILABLE,50.0,2026-10-06T22:33:44.125Z
2026-10-06T22:35:45Z,MFG EV Power,77,MFG Taunton Deane,1993,AVAILABLE,150.0,2026-10-06T22:33:54.207Z
2026-10-06T22:35:45Z,MFG EV Power,77,MFG Taunton Deane,1988,INOPERATIVE,50.0,2026-10-06T19:14:15.845Z
2026-10-06T22:35:45Z,MFG EV Power,77,MFG Taunton Deane,1996,AVAILABLE,150.0,2026-10-06T21:57:34.178Z
2026-10-06T22:35:45Z,MFG EV Power,77,MFG Taunton Deane,2003,AVAILABLE,50.0,2026-10-06T19:30:43.414Z
2026-10-06T22:35:45Z,MFG EV Power,77,MFG Taunton Deane,2005,AVAILABLE,150.0,2026-10-06T19:30:51.021Z
2026-10-06T22:35:45Z,MFG EV Power,442,Morrisons Taunton,1165,AVAILABLE,50.0,2026-10-06T20:39:09.707Z
2026-10-06T22:35:45Z,MFG EV Power,442,Morrisons Taunton,1170,CHARGING,50.0,2026-10-06T12:34:37.357Z
2026-10-06T22:35:45Z,MFG EV Power,601,MFG Taunton,3086,INOPERATIVE,400.0,2026-10-06T14:32:09.655Z
2026-10-06T22:35:45Z,MFG EV Power,601,MFG Taunton,3087,AVAILABLE,400.0,2026-10-06T18:41:28.685Z
2026-10-06T22:35:45Z,MFG EV Power,601,MFG Taunton,3088,CHARGING,400.0,2026-10-06T18:18:14.668Z
2026-10-06T22:35:45Z,MFG EV Power,601,MFG Taunton,3089,CHARGING,400.0,2026-10-06T19:27:52.627Z
2026-10-06T22:35:45Z,MFG EV Power,601,MFG Taunton,3090,CHARGING,400.0,2026-10-06T17:46:33.125Z
2026-10-06T22:35:45Z,MFG EV Power,601,MFG Taunton,3091,AVAILABLE,400.0,2026-10-06T20:02:21.148Z
2026-10-06T22:35:45Z,MFG EV Power,601,MFG Taunton,3092,OUTOFORDER,400.0,2026-10-06T14:32:21.443Z
2026-10-06T22:35:45Z,MFG EV Power,601,MFG Taunton,3093,OUTOFORDER,400.0,2026-10-06T14:32:22.030Z
2026-10-06T22:47:22Z,MFG EV Power,77,MFG Taunton Deane,1989,AVAILABLE,150.0,2026-10-06T20:26:25.213Z
2026-10-06T22:47:22Z,MFG EV Power,77,MFG Taunton Deane,1990,AVAILABLE,50.0,2026-10-06T20:26:06.051Z
2026-10-06T22:47:22Z,MFG EV Power,77,MFG Taunton Deane,1992,AVAILABLE,50.0,2026-10-06T22:33:44.125Z
2026-10-06T22:47:22Z,MFG EV Power,77,MFG Taunton Deane,1993,AVAILABLE,150.0,2026-10-06T22:33:54.207Z
2026-10-06T22:47:22Z,MFG EV Power,77,MFG Taunton Deane,1988,INOPERATIVE,50.0,2026-10-06T19:14:15.845Z
2026-10-06T22:47:22Z,MFG EV Power,77,MFG Taunton Deane,1996,AVAILABLE,150.0,2026-10-06T21:57:34.178Z
2026-10-06T22:47:22Z,MFG EV Power,77,MFG Taunton Deane,2003,AVAILABLE,50.0,2026-10-06T19:30:43.414Z
2026-10-06T22:47:22Z,MFG EV Power,77,MFG Taunton Deane,2005,AVAILABLE,150.0,2026-10-06T19:30:51.021Z
2026-10-06T22:47:22Z,MFG EV Power,442,Morrisons Taunton,1165,AVAILABLE,50.0,2026-10-06T20:39:09.707Z
2026-10-06T22:47:22Z,MFG EV Power,442,Morrisons Taunton,1170,CHARGING,50.0,2026-10-06T12:34:37.357Z
2026-10-06T22:47:22Z,MFG EV Power,601,MFG Taunton,3086,INOPERATIVE,400.0,2026-10-06T14:32:09.655Z
2026-10-06T22:47:22Z,MFG EV Power,601,MFG Taunton,3087,AVAILABLE,400.0,2026-10-06T18:41:28.685Z
2026-10-06T22:47:22Z,MFG EV Power,601,MFG Taunton,3088,CHARGING,400.0,2026-10-06T18:18:14.668Z
2026-10-06T22:47:22Z,MFG EV Power,601,MFG Taunton,3089,CHARGING,400.0,2026-10-06T19:27:52.627Z
2026-10-06T22:47:22Z,MFG EV Power,601,MFG Taunton,3090,CHARGING,400.0,2026-10-06T17:46:33.125Z
2026-10-06T22:47:22Z,MFG EV Power,601,MFG Taunton,3091,AVAILABLE,400.0,2026-10-06T20:02:21.148Z
2026-10-06T22:47:22Z,MFG EV Power,601,MFG Taunton,3092,OUTOFORDER,400.0,2026-10-06T14:32:21.443Z
2026-10-06T22:47:22Z,MFG EV Power,601,MFG Taunton,3093,OUTOFORDER,400.0,2026-10-06T14:32:22.030Z
2026-10-06T22:56:59Z,MFG EV Power,77,MFG Taunton Deane,1989,AVAILABLE,150.0,2026-10-06T20:26:25.213Z
2026-10-06T22:56:59Z,MFG EV Power,77,MFG Taunton Deane,1990,AVAILABLE,50.0,2026-10-06T20:26:06.051Z
2026-10-06T22:56:59Z,MFG EV Power,77,MFG Taunton Deane,1992,AVAILABLE,50.0,2026-10-06T22:33:44.125Z
2026-10-06T22:56:59Z,MFG EV Power,77,MFG Taunton Deane,1993,AVAILABLE,150.0,2026-10-06T22:33:54.207Z
2026-10-06T22:56:59Z,MFG EV Power,77,MFG Taunton Deane,1988,INOPERATIVE,50.0,2026-10-06T19:14:15.845Z
2026-10-06T22:56:59Z,MFG EV Power,77,MFG Taunton Deane,1996,AVAILABLE,150.0,2026-10-06T21:57:34.178Z
2026-10-06T22:56:59Z,MFG EV Power,77,MFG Taunton Deane,2003,AVAILABLE,50.0,2026-10-06T19:30:43.414Z
2026-10-06T22:56:59Z,MFG EV Power,77,MFG Taunton Deane,2005,AVAILABLE,150.0,2026-10-06T19:30:51.021Z
2026-10-06T22:56:59Z,MFG EV Power,442,Morrisons Taunton,1165,AVAILABLE,50.0,2026-10-06T20:39:09.707Z
2026-10-06T22:56:59Z,MFG EV Power,442,Morrisons Taunton,1170,CHARGING,50.0,2026-10-06T12:34:37.357Z
2026-10-06T22:56:59Z,MFG EV Power,601,MFG Taunton,3086,INOPERATIVE,400.0,2026-10-06T14:32:09.655Z
2026-10-06T22:56:59Z,MFG EV Power,601,MFG Taunton,3087,AVAILABLE,400.0,2026-10-06T18:41:28.685Z
2026-10-06T22:56:59Z,MFG EV Power,601,MFG Taunton,3088,CHARGING,400.0,2026-10-06T18:18:14.668Z
2026-10-06T22:56:59Z,MFG EV Power,601,MFG Taunton,3089,CHARGING,400.0,2026-10-06T19:27:52.627Z
2026-10-06T22:56:59Z,MFG EV Power,601,MFG Taunton,3090,CHARGING,400.0,2026-10-06T17:46:33.125Z
2026-10-06T22:56:59Z,MFG EV Power,601,MFG Taunton,3091,AVAILABLE,400.0,2026-10-06T20:02:21.148Z
2026-10-06T22:56:59Z,MFG EV Power,601,MFG Taunton,3092,OUTOFORDER,400.0,2026-10-06T14:32:21.443Z
2026-10-06T22:56:59Z,MFG EV Power,601,MFG Taunton,3093,OUTOFORDER,400.0,2026-10-06T14:32:22.030Z
2026-10-06T23:05:49Z,MFG EV Power,77,MFG Taunton Deane,1989,AVAILABLE,150.0,2026-10-06T20:26:25.213Z
2026-10-06T23:05:49Z,MFG EV Power,77,MFG Taunton Deane,1990,AVAILABLE,50.0,2026-10-06T20:26:06.051Z
2026-10-06T23:05:49Z,MFG EV Power,77,MFG Taunton Deane,1992,AVAILABLE,50.0,2026-10-06T22:33:44.125Z
2026-10-06T23:05:49Z,MFG EV Power,77,MFG Taunton Deane,1993,AVAILABLE,150.0,2026-10-06T22:33:54.207Z
2026-10-06T23:05:49Z,MFG EV Power,77,MFG Taunton Deane,1988,INOPERATIVE,50.0,2026-10-06T19:14:15.845Z
2026-10-06T23:05:49Z,MFG EV Power,77,MFG Taunton Deane,1996,AVAILABLE,150.0,2026-10-06T21:57:34.178Z
2026-10-06T23:05:49Z,MFG EV Power,77,MFG Taunton Deane,2003,AVAILABLE,50.0,2026-10-06T19:30:43.414Z
2026-10-06T23:05:49Z,MFG EV Power,77,MFG Taunton Deane,2005,AVAILABLE,150.0,2026-10-06T19:30:51.021Z
2026-10-06T23:05:49Z,MFG EV Power,442,Morrisons Taunton,1165,AVAILABLE,50.0,2026-10-06T20:39:09.707Z
2026-10-06T23:05:49Z,MFG EV Power,442,Morrisons Taunton,1170,CHARGING,50.0,2026-10-06T12:34:37.357Z
2026-10-06T23:05:49Z,MFG EV Power,601,MFG Taunton,3086,INOPERATIVE,400.0,2026-10-06T14:32:09.655Z
2026-10-06T23:05:49Z,MFG EV Power,601,MFG Taunton,3087,AVAILABLE,400.0,2026-10-06T18:41:28.685Z
2026-10-06T23:05:49Z,MFG EV Power,601,MFG Taunton,3088,CHARGING,400.0,2026-10-06T18:18:14.668Z
2026-10-06T23:05:49Z,MFG EV Power,601,MFG Taunton,3089,CHARGING,400.0,2026-10-06T19:27:52.627Z
2026-10-06T23:05:49Z,MFG EV Power,601,MFG Taunton,3090,CHARGING,400.0,2026-10-06T17:46:33.125Z
2026-10-06T23:05:49Z,MFG EV Power,601,MFG Taunton,3091,AVAILABLE,400.0,2026-10-06T20:02:21.148Z
2026-10-06T23:05:49Z,MFG EV Power,601,MFG Taunton,3092,OUTOFORDER,400.0,2026-10-06T14:32:21.443Z
2026-10-06T23:05:49Z,MFG EV Power,601,MFG Taunton,3093,OUTOFORDER,400.0,2026-10-06T14:32:22.030Z
